/*******************************************************************************
 * Size: 28 px
 * Bpp: 4
 * Opts: --bpp 4 --size 28 --no-compress --stride 1 --align 1 --font NotoSansSC-Medium.ttf --symbols 开发者重复启备模式设置时间编辑闹钟 倒计正在结束自动关机播放从不1234567890分钟小时帮助还原图片视频动画() 秒于配网型号版本软件构建日期 --range 32-127 --format lvgl -o font_noto_28_4.c
 ******************************************************************************/

#ifdef __has_include
    #if __has_include("lvgl.h")
        #ifndef LV_LVGL_H_INCLUDE_SIMPLE
            #define LV_LVGL_H_INCLUDE_SIMPLE
        #endif
    #endif
#endif

#ifdef LV_LVGL_H_INCLUDE_SIMPLE
    #include "lvgl.h"
#else
    #include "lvgl/lvgl.h"
#endif



#ifndef FONT_NOTO_28_4
#define FONT_NOTO_28_4 1
#endif

#if FONT_NOTO_28_4

/*-----------------
 *    BITMAPS
 *----------------*/

/*Store the image of the glyphs*/
static LV_ATTRIBUTE_LARGE_CONST const uint8_t glyph_bitmap[] = {
    /* U+0020 " " */

    /* U+0021 "!" */
    0xd, 0xff, 0x60, 0xcf, 0xf6, 0xc, 0xff, 0x60,
    0xbf, 0xf5, 0xa, 0xff, 0x50, 0xaf, 0xf4, 0x9,
    0xff, 0x30, 0x9f, 0xf2, 0x8, 0xff, 0x20, 0x7f,
    0xf1, 0x7, 0xff, 0x0, 0x6f, 0xf0, 0x5, 0xff,
    0x0, 0x5f, 0xe0, 0x3, 0xba, 0x0, 0x0, 0x0,
    0x2, 0x97, 0x1, 0xff, 0xfa, 0x5f, 0xff, 0xf3,
    0xff, 0xfd, 0x8, 0xfd, 0x30,

    /* U+0022 "\"" */
    0x8f, 0xfd, 0x0, 0x5f, 0xff, 0x7f, 0xfc, 0x0,
    0x5f, 0xff, 0x7f, 0xfc, 0x0, 0x4f, 0xfe, 0x6f,
    0xfb, 0x0, 0x3f, 0xfe, 0x4f, 0xf9, 0x0, 0x2f,
    0xfc, 0x2f, 0xf8, 0x0, 0xf, 0xfa, 0x1f, 0xf6,
    0x0, 0xe, 0xf8, 0xf, 0xf4, 0x0, 0xc, 0xf6,
    0xd, 0xf2, 0x0, 0xa, 0xf4,

    /* U+0023 "#" */
    0x0, 0x0, 0xbf, 0x40, 0x0, 0xdf, 0x20, 0x0,
    0x0, 0xd, 0xf2, 0x0, 0xf, 0xf0, 0x0, 0x0,
    0x0, 0xff, 0x0, 0x1, 0xfe, 0x0, 0x0, 0x0,
    0x1f, 0xe0, 0x0, 0x3f, 0xc0, 0x0, 0x0, 0x3,
    0xfc, 0x0, 0x5, 0xfa, 0x0, 0x0, 0x0, 0x5f,
    0xa0, 0x0, 0x7f, 0x90, 0x0, 0x4f, 0xff, 0xff,
    0xff, 0xff, 0xff, 0xff, 0x4, 0xff, 0xff, 0xff,
    0xff, 0xff, 0xff, 0xf0, 0x3, 0x3c, 0xf7, 0x33,
    0x3d, 0xf6, 0x33, 0x0, 0x0, 0xcf, 0x20, 0x0,
    0xef, 0x10, 0x0, 0x0, 0xe, 0xf1, 0x0, 0xf,
    0xf0, 0x0, 0x0, 0x0, 0xff, 0x0, 0x2, 0xfd,
    0x0, 0x0, 0x22, 0x4f, 0xd2, 0x22, 0x6f, 0xc2,
    0x21, 0xe, 0xff, 0xff, 0xff, 0xff, 0xff, 0xff,
    0x60, 0xef, 0xff, 0xff, 0xff, 0xff, 0xff, 0xf6,
    0x0, 0x8, 0xf8, 0x0, 0xa, 0xf6, 0x0, 0x0,
    0x0, 0xaf, 0x60, 0x0, 0xcf, 0x40, 0x0, 0x0,
    0xc, 0xf4, 0x0, 0xe, 0xf2, 0x0, 0x0, 0x0,
    0xef, 0x10, 0x0, 0xff, 0x0, 0x0, 0x0, 0xf,
    0xf0, 0x0, 0x2f, 0xe0, 0x0, 0x0, 0x2, 0xfd,
    0x0, 0x4, 0xfc, 0x0, 0x0, 0x0,

    /* U+0024 "$" */
    0x0, 0x0, 0x1, 0xff, 0x30, 0x0, 0x0, 0x0,
    0x0, 0x1, 0xff, 0x30, 0x0, 0x0, 0x0, 0x0,
    0x1, 0xff, 0x30, 0x0, 0x0, 0x0, 0x0, 0x7d,
    0xff, 0xea, 0x30, 0x0, 0x0, 0x2d, 0xff, 0xff,
    0xff, 0xf9, 0x0, 0x0, 0xdf, 0xff, 0xcb, 0xdf,
    0xff, 0x70, 0x5, 0xff, 0xf3, 0x0, 0x3, 0xdc,
    0x0, 0x9, 0xff, 0x80, 0x0, 0x0, 0x11, 0x0,
    0xb, 0xff, 0x60, 0x0, 0x0, 0x0, 0x0, 0xa,
    0xff, 0xa0, 0x0, 0x0, 0x0, 0x0, 0x5, 0xff,
    0xf7, 0x0, 0x0, 0x0, 0x0, 0x0, 0xcf, 0xff,
    0xc3, 0x0, 0x0, 0x0, 0x0, 0x1b, 0xff, 0xff,
    0xb3, 0x0, 0x0, 0x0, 0x0, 0x6e, 0xff, 0xff,
    0x90, 0x0, 0x0, 0x0, 0x0, 0x7f, 0xff, 0xfb,
    0x0, 0x0, 0x0, 0x0, 0x1, 0xbf, 0xff, 0x70,
    0x0, 0x0, 0x0, 0x0, 0xb, 0xff, 0xd0, 0x0,
    0x0, 0x0, 0x0, 0x2, 0xff, 0xf0, 0x0, 0x0,
    0x0, 0x0, 0x1, 0xff, 0xf0, 0x3, 0x40, 0x0,
    0x0, 0x3, 0xff, 0xe0, 0xd, 0xfa, 0x20, 0x0,
    0x1c, 0xff, 0x90, 0x4f, 0xff, 0xfd, 0xbc, 0xff,
    0xff, 0x20, 0x4, 0xdf, 0xff, 0xff, 0xff, 0xe4,
    0x0, 0x0, 0x5, 0xae, 0xff, 0xd8, 0x10, 0x0,
    0x0, 0x0, 0x1, 0xff, 0x30, 0x0, 0x0, 0x0,
    0x0, 0x1, 0xff, 0x30, 0x0, 0x0, 0x0, 0x0,
    0x1, 0xff, 0x30, 0x0, 0x0,

    /* U+0025 "%" */
    0x0, 0x5c, 0xff, 0xb2, 0x0, 0x0, 0x0, 0x0,
    0x8f, 0x80, 0x0, 0x0, 0x0, 0x7f, 0xff, 0xff,
    0xf3, 0x0, 0x0, 0x0, 0x1f, 0xe1, 0x0, 0x0,
    0x0, 0x2f, 0xf8, 0x1, 0xcf, 0xd0, 0x0, 0x0,
    0x9, 0xf7, 0x0, 0x0, 0x0, 0x9, 0xfd, 0x0,
    0x2, 0xff, 0x40, 0x0, 0x2, 0xfe, 0x0, 0x0,
    0x0, 0x0, 0xdf, 0x80, 0x0, 0xe, 0xf8, 0x0,
    0x0, 0xaf, 0x60, 0x0, 0x0, 0x0, 0xf, 0xf6,
    0x0, 0x0, 0xcf, 0xa0, 0x0, 0x3f, 0xd0, 0x0,
    0x0, 0x0, 0x0, 0xff, 0x50, 0x0, 0xb, 0xfa,
    0x0, 0xb, 0xf4, 0x0, 0x0, 0x0, 0x0, 0xe,
    0xf6, 0x0, 0x0, 0xcf, 0x90, 0x4, 0xfc, 0x0,
    0x0, 0x0, 0x0, 0x0, 0xcf, 0x80, 0x0, 0xe,
    0xf7, 0x0, 0xcf, 0x30, 0x8, 0xef, 0xd8, 0x0,
    0x8, 0xfd, 0x0, 0x3, 0xff, 0x30, 0x5f, 0xb0,
    0xc, 0xff, 0xff, 0xfc, 0x0, 0x1f, 0xf9, 0x2,
    0xdf, 0xc0, 0xd, 0xf2, 0x8, 0xff, 0x30, 0x4f,
    0xf7, 0x0, 0x6f, 0xff, 0xff, 0xe2, 0x6, 0xf9,
    0x0, 0xef, 0x70, 0x0, 0x8f, 0xd0, 0x0, 0x4b,
    0xed, 0x91, 0x0, 0xef, 0x10, 0x2f, 0xf2, 0x0,
    0x3, 0xff, 0x10, 0x0, 0x0, 0x0, 0x0, 0x8f,
    0x80, 0x4, 0xff, 0x0, 0x0, 0x1f, 0xf3, 0x0,
    0x0, 0x0, 0x0, 0x1f, 0xf1, 0x0, 0x5f, 0xf0,
    0x0, 0x0, 0xff, 0x40, 0x0, 0x0, 0x0, 0x9,
    0xf7, 0x0, 0x4, 0xff, 0x0, 0x0, 0x1f, 0xf3,
    0x0, 0x0, 0x0, 0x2, 0xfe, 0x0, 0x0, 0x2f,
    0xf2, 0x0, 0x3, 0xff, 0x10, 0x0, 0x0, 0x0,
    0xaf, 0x60, 0x0, 0x0, 0xef, 0x70, 0x0, 0x8f,
    0xd0, 0x0, 0x0, 0x0, 0x3f, 0xd0, 0x0, 0x0,
    0x7, 0xff, 0x40, 0x4f, 0xf6, 0x0, 0x0, 0x0,
    0xb, 0xf5, 0x0, 0x0, 0x0, 0xc, 0xff, 0xff,
    0xfb, 0x0, 0x0, 0x0, 0x4, 0xfc, 0x0, 0x0,
    0x0, 0x0, 0x8, 0xef, 0xd8, 0x0, 0x0,

    /* U+0026 "&" */
    0x0, 0x0, 0x1, 0x9e, 0xfe, 0xa2, 0x0, 0x0,
    0x0, 0x0, 0x0, 0x0, 0x2e, 0xff, 0xff, 0xff,
    0x20, 0x0, 0x0, 0x0, 0x0, 0x0, 0xcf, 0xf9,
    0x47, 0xff, 0xa0, 0x0, 0x0, 0x0, 0x0, 0x3,
    0xff, 0xa0, 0x0, 0xbf, 0xe0, 0x0, 0x0, 0x0,
    0x0, 0x6, 0xff, 0x50, 0x0, 0x9f, 0xf0, 0x0,
    0x0, 0x0, 0x0, 0x6, 0xff, 0x50, 0x0, 0xdf,
    0xc0, 0x0, 0x0, 0x0, 0x0, 0x3, 0xff, 0x80,
    0x9, 0xff, 0x50, 0x0, 0x0, 0x0, 0x0, 0x0,
    0xff, 0xd2, 0xbf, 0xf8, 0x0, 0x0, 0x0, 0x0,
    0x0, 0x0, 0x9f, 0xff, 0xff, 0x80, 0x0, 0x0,
    0x0, 0x0, 0x0, 0x0, 0x4f, 0xff, 0xe4, 0x0,
    0x0, 0x0, 0x77, 0x70, 0x0, 0x6, 0xff, 0xff,
    0xb0, 0x0, 0x0, 0x3, 0xff, 0xb0, 0x0, 0x7f,
    0xff, 0xef, 0xf7, 0x0, 0x0, 0x9, 0xff, 0x50,
    0x4, 0xff, 0xf4, 0x2f, 0xff, 0x60, 0x0, 0x1f,
    0xfe, 0x0, 0xb, 0xff, 0x80, 0x5, 0xff, 0xf6,
    0x0, 0x9f, 0xf7, 0x0, 0xf, 0xff, 0x20, 0x0,
    0x6f, 0xff, 0x84, 0xff, 0xe0, 0x0, 0xf, 0xff,
    0x10, 0x0, 0x7, 0xff, 0xff, 0xff, 0x40, 0x0,
    0xe, 0xff, 0x60, 0x0, 0x0, 0x6f, 0xff, 0xfb,
    0x0, 0x0, 0x9, 0xff, 0xe3, 0x0, 0x0, 0x6f,
    0xff, 0xff, 0xb3, 0x0, 0x1, 0xff, 0xff, 0xc9,
    0xae, 0xff, 0xfe, 0xff, 0xff, 0xd1, 0x0, 0x3e,
    0xff, 0xff, 0xff, 0xff, 0x70, 0x5d, 0xff, 0xe0,
    0x0, 0x0, 0x7c, 0xff, 0xec, 0x71, 0x0, 0x0,
    0x5b, 0x90,

    /* U+0027 "'" */
    0x8f, 0xfd, 0x7f, 0xfc, 0x7f, 0xfc, 0x6f, 0xfb,
    0x4f, 0xf9, 0x2f, 0xf8, 0x1f, 0xf6, 0xf, 0xf4,
    0xd, 0xf2,

    /* U+0028 "(" */
    0x0, 0x0, 0x20, 0x0, 0x0, 0xd, 0xf5, 0x0,
    0x6, 0xff, 0x20, 0x0, 0xef, 0xa0, 0x0, 0x5f,
    0xf2, 0x0, 0xc, 0xfc, 0x0, 0x1, 0xff, 0x70,
    0x0, 0x7f, 0xf2, 0x0, 0xb, 0xfe, 0x0, 0x0,
    0xff, 0xb0, 0x0, 0x2f, 0xf8, 0x0, 0x4, 0xff,
    0x60, 0x0, 0x6f, 0xf4, 0x0, 0x7, 0xff, 0x30,
    0x0, 0x8f, 0xf2, 0x0, 0x8, 0xff, 0x20, 0x0,
    0x7f, 0xf3, 0x0, 0x6, 0xff, 0x40, 0x0, 0x5f,
    0xf5, 0x0, 0x3, 0xff, 0x70, 0x0, 0xf, 0xfa,
    0x0, 0x0, 0xcf, 0xd0, 0x0, 0x8, 0xff, 0x10,
    0x0, 0x3f, 0xf6, 0x0, 0x0, 0xdf, 0xb0, 0x0,
    0x7, 0xff, 0x10, 0x0, 0x1f, 0xf8, 0x0, 0x0,
    0x8f, 0xe1, 0x0, 0x1, 0xef, 0x60, 0x0, 0x5,
    0x40,

    /* U+0029 ")" */
    0x1, 0x20, 0x0, 0x6, 0xfc, 0x0, 0x0, 0x3f,
    0xf5, 0x0, 0x0, 0xbf, 0xd0, 0x0, 0x3, 0xff,
    0x40, 0x0, 0xd, 0xfb, 0x0, 0x0, 0x8f, 0xf1,
    0x0, 0x3, 0xff, 0x60, 0x0, 0xf, 0xfb, 0x0,
    0x0, 0xcf, 0xe0, 0x0, 0x9, 0xff, 0x10, 0x0,
    0x6f, 0xf4, 0x0, 0x5, 0xff, 0x50, 0x0, 0x3f,
    0xf6, 0x0, 0x3, 0xff, 0x70, 0x0, 0x3f, 0xf7,
    0x0, 0x3, 0xff, 0x60, 0x0, 0x4f, 0xf6, 0x0,
    0x6, 0xff, 0x40, 0x0, 0x8f, 0xf2, 0x0, 0xb,
    0xff, 0x0, 0x0, 0xef, 0xc0, 0x0, 0x2f, 0xf7,
    0x0, 0x6, 0xff, 0x20, 0x0, 0xcf, 0xd0, 0x0,
    0x2f, 0xf6, 0x0, 0x9, 0xfe, 0x0, 0x1, 0xff,
    0x70, 0x0, 0x7f, 0xe0, 0x0, 0x0, 0x44, 0x0,
    0x0,

    /* U+002A "*" */
    0x0, 0x0, 0x3f, 0xb0, 0x0, 0x0, 0x0, 0x4,
    0xfc, 0x0, 0x0, 0x2, 0x0, 0x5f, 0xe0, 0x0,
    0x11, 0xfe, 0xbb, 0xff, 0x9d, 0xf9, 0x2d, 0xff,
    0xff, 0xff, 0xff, 0x90, 0x4, 0xcf, 0xff, 0xf8,
    0x10, 0x0, 0x9, 0xff, 0xff, 0x20, 0x0, 0x2,
    0xff, 0xae, 0xfb, 0x0, 0x0, 0xbf, 0xb0, 0x3f,
    0xf4, 0x0, 0x5, 0xc1, 0x0, 0x5b, 0x10, 0x0,
    0x0, 0x0, 0x0, 0x0, 0x0,

    /* U+002B "+" */
    0x0, 0x0, 0x2, 0xaa, 0x20, 0x0, 0x0, 0x0,
    0x0, 0x4, 0xff, 0x30, 0x0, 0x0, 0x0, 0x0,
    0x4, 0xff, 0x30, 0x0, 0x0, 0x0, 0x0, 0x4,
    0xff, 0x30, 0x0, 0x0, 0x0, 0x0, 0x4, 0xff,
    0x30, 0x0, 0x0, 0x0, 0x0, 0x4, 0xff, 0x30,
    0x0, 0x0, 0x56, 0x66, 0x69, 0xff, 0x86, 0x66,
    0x65, 0xff, 0xff, 0xff, 0xff, 0xff, 0xff, 0xfe,
    0xff, 0xff, 0xff, 0xff, 0xff, 0xff, 0xfe, 0x0,
    0x0, 0x4, 0xff, 0x30, 0x0, 0x0, 0x0, 0x0,
    0x4, 0xff, 0x30, 0x0, 0x0, 0x0, 0x0, 0x4,
    0xff, 0x30, 0x0, 0x0, 0x0, 0x0, 0x4, 0xff,
    0x30, 0x0, 0x0, 0x0, 0x0, 0x4, 0xff, 0x30,
    0x0, 0x0, 0x0, 0x0, 0x4, 0xff, 0x30, 0x0,
    0x0,

    /* U+002C "," */
    0x0, 0x12, 0x0, 0x5, 0xff, 0xd1, 0xd, 0xff,
    0xf8, 0xd, 0xff, 0xfb, 0x3, 0xdf, 0xfc, 0x0,
    0x8, 0xfb, 0x0, 0xd, 0xf7, 0x0, 0x8f, 0xf1,
    0x2b, 0xff, 0x50, 0x4f, 0xf5, 0x0, 0x8, 0x10,
    0x0,

    /* U+002D "-" */
    0x46, 0x66, 0x66, 0x64, 0xbf, 0xff, 0xff, 0xfb,
    0xbf, 0xff, 0xff, 0xfb,

    /* U+002E "." */
    0x7, 0x92, 0xa, 0xff, 0xf1, 0xff, 0xff, 0x5d,
    0xff, 0xf3, 0x3d, 0xf7, 0x0,

    /* U+002F "/" */
    0x0, 0x0, 0x0, 0x0, 0xff, 0x30, 0x0, 0x0,
    0x0, 0x4f, 0xe0, 0x0, 0x0, 0x0, 0x9, 0xfa,
    0x0, 0x0, 0x0, 0x0, 0xdf, 0x50, 0x0, 0x0,
    0x0, 0x2f, 0xf1, 0x0, 0x0, 0x0, 0x6, 0xfd,
    0x0, 0x0, 0x0, 0x0, 0xaf, 0x80, 0x0, 0x0,
    0x0, 0xf, 0xf4, 0x0, 0x0, 0x0, 0x3, 0xff,
    0x0, 0x0, 0x0, 0x0, 0x8f, 0xb0, 0x0, 0x0,
    0x0, 0xc, 0xf6, 0x0, 0x0, 0x0, 0x1, 0xff,
    0x20, 0x0, 0x0, 0x0, 0x5f, 0xe0, 0x0, 0x0,
    0x0, 0xa, 0xf9, 0x0, 0x0, 0x0, 0x0, 0xef,
    0x50, 0x0, 0x0, 0x0, 0x2f, 0xf1, 0x0, 0x0,
    0x0, 0x7, 0xfc, 0x0, 0x0, 0x0, 0x0, 0xbf,
    0x80, 0x0, 0x0, 0x0, 0xf, 0xf3, 0x0, 0x0,
    0x0, 0x4, 0xff, 0x0, 0x0, 0x0, 0x0, 0x9f,
    0xa0, 0x0, 0x0, 0x0, 0xd, 0xf6, 0x0, 0x0,
    0x0, 0x2, 0xff, 0x20, 0x0, 0x0, 0x0, 0x6f,
    0xd0, 0x0, 0x0, 0x0, 0xa, 0xf9, 0x0, 0x0,
    0x0, 0x0, 0xff, 0x40, 0x0, 0x0, 0x0, 0x3f,
    0xf0, 0x0, 0x0, 0x0, 0x8, 0xfb, 0x0, 0x0,
    0x0, 0x0,

    /* U+0030 "0" */
    0x0, 0x0, 0x7c, 0xff, 0xd7, 0x0, 0x0, 0x0,
    0x1d, 0xff, 0xff, 0xff, 0xc1, 0x0, 0x0, 0xcf,
    0xff, 0xaa, 0xff, 0xfb, 0x0, 0x6, 0xff, 0xe2,
    0x0, 0x2e, 0xff, 0x50, 0xd, 0xff, 0x60, 0x0,
    0x5, 0xff, 0xc0, 0x2f, 0xff, 0x0, 0x0, 0x0,
    0xff, 0xf1, 0x5f, 0xfb, 0x0, 0x0, 0x0, 0xbf,
    0xf5, 0x8f, 0xf9, 0x0, 0x0, 0x0, 0x9f, 0xf7,
    0x9f, 0xf7, 0x0, 0x0, 0x0, 0x7f, 0xf9, 0xaf,
    0xf7, 0x0, 0x0, 0x0, 0x7f, 0xf9, 0xbf, 0xf6,
    0x0, 0x0, 0x0, 0x7f, 0xfa, 0xaf, 0xf7, 0x0,
    0x0, 0x0, 0x7f, 0xf9, 0x9f, 0xf7, 0x0, 0x0,
    0x0, 0x8f, 0xf8, 0x7f, 0xf9, 0x0, 0x0, 0x0,
    0x9f, 0xf7, 0x5f, 0xfc, 0x0, 0x0, 0x0, 0xcf,
    0xf4, 0x1f, 0xff, 0x0, 0x0, 0x0, 0xff, 0xf1,
    0xc, 0xff, 0x60, 0x0, 0x6, 0xff, 0xb0, 0x5,
    0xff, 0xe2, 0x0, 0x2e, 0xff, 0x40, 0x0, 0xbf,
    0xff, 0xba, 0xff, 0xfb, 0x0, 0x0, 0x1c, 0xff,
    0xff, 0xff, 0xc1, 0x0, 0x0, 0x0, 0x7c, 0xff,
    0xc7, 0x0, 0x0,

    /* U+0031 "1" */
    0x0, 0x0, 0x5d, 0xff, 0x20, 0x0, 0x0, 0x5a,
    0xef, 0xff, 0xf2, 0x0, 0x0, 0xc, 0xff, 0xff,
    0xff, 0x20, 0x0, 0x0, 0x8b, 0xbb, 0xff, 0xf2,
    0x0, 0x0, 0x0, 0x0, 0x1f, 0xff, 0x20, 0x0,
    0x0, 0x0, 0x1, 0xff, 0xf2, 0x0, 0x0, 0x0,
    0x0, 0x1f, 0xff, 0x20, 0x0, 0x0, 0x0, 0x1,
    0xff, 0xf2, 0x0, 0x0, 0x0, 0x0, 0x1f, 0xff,
    0x20, 0x0, 0x0, 0x0, 0x1, 0xff, 0xf2, 0x0,
    0x0, 0x0, 0x0, 0x1f, 0xff, 0x20, 0x0, 0x0,
    0x0, 0x1, 0xff, 0xf2, 0x0, 0x0, 0x0, 0x0,
    0x1f, 0xff, 0x20, 0x0, 0x0, 0x0, 0x1, 0xff,
    0xf2, 0x0, 0x0, 0x0, 0x0, 0x1f, 0xff, 0x20,
    0x0, 0x0, 0x0, 0x1, 0xff, 0xf2, 0x0, 0x0,
    0x0, 0x0, 0x1f, 0xff, 0x20, 0x0, 0x0, 0x0,
    0x1, 0xff, 0xf2, 0x0, 0x0, 0x6b, 0xbb, 0xbf,
    0xff, 0xbb, 0xbb, 0x1a, 0xff, 0xff, 0xff, 0xff,
    0xff, 0xf2, 0xaf, 0xff, 0xff, 0xff, 0xff, 0xff,
    0x20,

    /* U+0032 "2" */
    0x0, 0x7, 0xcf, 0xfe, 0xb4, 0x0, 0x0, 0x4,
    0xef, 0xff, 0xff, 0xff, 0x90, 0x0, 0x5f, 0xff,
    0xea, 0xae, 0xff, 0xf8, 0x0, 0x8f, 0xf7, 0x0,
    0x0, 0x9f, 0xff, 0x10, 0x7, 0x40, 0x0, 0x0,
    0xe, 0xff, 0x60, 0x0, 0x0, 0x0, 0x0, 0xa,
    0xff, 0x80, 0x0, 0x0, 0x0, 0x0, 0x9, 0xff,
    0x80, 0x0, 0x0, 0x0, 0x0, 0xb, 0xff, 0x70,
    0x0, 0x0, 0x0, 0x0, 0xf, 0xff, 0x30, 0x0,
    0x0, 0x0, 0x0, 0x6f, 0xfe, 0x0, 0x0, 0x0,
    0x0, 0x0, 0xdf, 0xf7, 0x0, 0x0, 0x0, 0x0,
    0x8, 0xff, 0xd0, 0x0, 0x0, 0x0, 0x0, 0x4f,
    0xff, 0x40, 0x0, 0x0, 0x0, 0x2, 0xff, 0xf8,
    0x0, 0x0, 0x0, 0x0, 0x1e, 0xff, 0xb0, 0x0,
    0x0, 0x0, 0x1, 0xdf, 0xfc, 0x0, 0x0, 0x0,
    0x0, 0x1d, 0xff, 0xd1, 0x0, 0x0, 0x0, 0x2,
    0xef, 0xfd, 0x10, 0x0, 0x0, 0x0, 0x3e, 0xff,
    0xfb, 0xbc, 0xdd, 0xdd, 0xd7, 0xcf, 0xff, 0xff,
    0xff, 0xff, 0xff, 0xf9, 0xcf, 0xff, 0xff, 0xff,
    0xff, 0xff, 0xf9,

    /* U+0033 "3" */
    0x0, 0x0, 0x6c, 0xff, 0xec, 0x70, 0x0, 0x0,
    0x4, 0xef, 0xff, 0xff, 0xff, 0xe3, 0x0, 0x4,
    0xff, 0xfe, 0xba, 0xdf, 0xff, 0xe1, 0x0, 0xa,
    0xf6, 0x0, 0x0, 0x5f, 0xff, 0x70, 0x0, 0x2,
    0x0, 0x0, 0x0, 0xbf, 0xfa, 0x0, 0x0, 0x0,
    0x0, 0x0, 0x9, 0xff, 0xa0, 0x0, 0x0, 0x0,
    0x0, 0x0, 0xdf, 0xf7, 0x0, 0x0, 0x0, 0x0,
    0x0, 0x9f, 0xfe, 0x10, 0x0, 0x0, 0x7, 0x8a,
    0xff, 0xfe, 0x30, 0x0, 0x0, 0x0, 0xff, 0xff,
    0xfa, 0x0, 0x0, 0x0, 0x0, 0xf, 0xff, 0xff,
    0xfc, 0x20, 0x0, 0x0, 0x0, 0x1, 0x26, 0xdf,
    0xff, 0x20, 0x0, 0x0, 0x0, 0x0, 0x0, 0xaf,
    0xfc, 0x0, 0x0, 0x0, 0x0, 0x0, 0x1, 0xff,
    0xf3, 0x0, 0x0, 0x0, 0x0, 0x0, 0xe, 0xff,
    0x50, 0x0, 0x0, 0x0, 0x0, 0x0, 0xff, 0xf5,
    0x1, 0xb1, 0x0, 0x0, 0x0, 0x4f, 0xff, 0x30,
    0xcf, 0xf6, 0x0, 0x0, 0x4e, 0xff, 0xd0, 0xc,
    0xff, 0xff, 0xcb, 0xdf, 0xff, 0xf3, 0x0, 0x9,
    0xff, 0xff, 0xff, 0xff, 0xe4, 0x0, 0x0, 0x2,
    0x8d, 0xff, 0xec, 0x70, 0x0, 0x0,

    /* U+0034 "4" */
    0x0, 0x0, 0x0, 0x0, 0x8f, 0xff, 0x80, 0x0,
    0x0, 0x0, 0x0, 0x2, 0xff, 0xff, 0x80, 0x0,
    0x0, 0x0, 0x0, 0xc, 0xff, 0xff, 0x80, 0x0,
    0x0, 0x0, 0x0, 0x6f, 0xfd, 0xff, 0x80, 0x0,
    0x0, 0x0, 0x1, 0xef, 0xe7, 0xff, 0x80, 0x0,
    0x0, 0x0, 0x9, 0xff, 0x77, 0xff, 0x80, 0x0,
    0x0, 0x0, 0x3f, 0xfe, 0x8, 0xff, 0x80, 0x0,
    0x0, 0x0, 0xdf, 0xf4, 0x8, 0xff, 0x80, 0x0,
    0x0, 0x7, 0xff, 0xa0, 0x8, 0xff, 0x80, 0x0,
    0x0, 0x1f, 0xff, 0x10, 0x8, 0xff, 0x80, 0x0,
    0x0, 0xaf, 0xf6, 0x0, 0x8, 0xff, 0x80, 0x0,
    0x4, 0xff, 0xc0, 0x0, 0x8, 0xff, 0x80, 0x0,
    0xd, 0xff, 0x20, 0x0, 0x8, 0xff, 0x80, 0x0,
    0x6f, 0xff, 0xff, 0xff, 0xff, 0xff, 0xff, 0xf2,
    0x7f, 0xff, 0xff, 0xff, 0xff, 0xff, 0xff, 0xf2,
    0x39, 0x99, 0x99, 0x99, 0x9c, 0xff, 0xc9, 0x91,
    0x0, 0x0, 0x0, 0x0, 0x8, 0xff, 0x80, 0x0,
    0x0, 0x0, 0x0, 0x0, 0x8, 0xff, 0x80, 0x0,
    0x0, 0x0, 0x0, 0x0, 0x8, 0xff, 0x80, 0x0,
    0x0, 0x0, 0x0, 0x0, 0x8, 0xff, 0x80, 0x0,
    0x0, 0x0, 0x0, 0x0, 0x8, 0xff, 0x80, 0x0,

    /* U+0035 "5" */
    0x0, 0xf, 0xff, 0xff, 0xff, 0xff, 0xf7, 0x0,
    0x1, 0xff, 0xff, 0xff, 0xff, 0xff, 0x70, 0x0,
    0x2f, 0xff, 0xcc, 0xcc, 0xcc, 0xc5, 0x0, 0x3,
    0xff, 0xc0, 0x0, 0x0, 0x0, 0x0, 0x0, 0x4f,
    0xfa, 0x0, 0x0, 0x0, 0x0, 0x0, 0x5, 0xff,
    0x80, 0x0, 0x0, 0x0, 0x0, 0x0, 0x6f, 0xf7,
    0x0, 0x0, 0x0, 0x0, 0x0, 0x7, 0xff, 0xab,
    0xff, 0xe9, 0x20, 0x0, 0x0, 0x8f, 0xff, 0xff,
    0xff, 0xff, 0x70, 0x0, 0x6, 0xff, 0xc7, 0x69,
    0xff, 0xff, 0x50, 0x0, 0x4, 0x40, 0x0, 0x1,
    0xdf, 0xfd, 0x0, 0x0, 0x0, 0x0, 0x0, 0x4,
    0xff, 0xf3, 0x0, 0x0, 0x0, 0x0, 0x0, 0xe,
    0xff, 0x60, 0x0, 0x0, 0x0, 0x0, 0x0, 0xcf,
    0xf7, 0x0, 0x0, 0x0, 0x0, 0x0, 0xd, 0xff,
    0x60, 0x0, 0x0, 0x0, 0x0, 0x1, 0xff, 0xf4,
    0x1, 0xa1, 0x0, 0x0, 0x0, 0x8f, 0xff, 0x0,
    0xbf, 0xd5, 0x0, 0x0, 0x7f, 0xff, 0x80, 0x1c,
    0xff, 0xfe, 0xcb, 0xef, 0xff, 0xd0, 0x0, 0x9,
    0xff, 0xff, 0xff, 0xff, 0xc1, 0x0, 0x0, 0x2,
    0x8d, 0xff, 0xeb, 0x50, 0x0, 0x0,

    /* U+0036 "6" */
    0x0, 0x0, 0x6, 0xcf, 0xfe, 0xa3, 0x0, 0x0,
    0x3, 0xdf, 0xff, 0xff, 0xff, 0x90, 0x0, 0x2e,
    0xff, 0xfc, 0xac, 0xff, 0xf2, 0x0, 0xcf, 0xfc,
    0x20, 0x0, 0x3c, 0x30, 0x5, 0xff, 0xe1, 0x0,
    0x0, 0x0, 0x0, 0xb, 0xff, 0x60, 0x0, 0x0,
    0x0, 0x0, 0xf, 0xff, 0x0, 0x0, 0x0, 0x0,
    0x0, 0x3f, 0xfc, 0x0, 0x25, 0x53, 0x0, 0x0,
    0x6f, 0xf9, 0x1b, 0xff, 0xff, 0xe5, 0x0, 0x7f,
    0xfa, 0xef, 0xff, 0xff, 0xff, 0x50, 0x8f, 0xff,
    0xf9, 0x20, 0x2b, 0xff, 0xf1, 0x8f, 0xff, 0x50,
    0x0, 0x0, 0xdf, 0xf6, 0x7f, 0xfa, 0x0, 0x0,
    0x0, 0x7f, 0xfa, 0x5f, 0xfa, 0x0, 0x0, 0x0,
    0x4f, 0xfc, 0x2f, 0xfd, 0x0, 0x0, 0x0, 0x4f,
    0xfc, 0xe, 0xff, 0x10, 0x0, 0x0, 0x6f, 0xfa,
    0x8, 0xff, 0x80, 0x0, 0x0, 0xbf, 0xf6, 0x1,
    0xff, 0xf5, 0x0, 0x5, 0xff, 0xf1, 0x0, 0x6f,
    0xff, 0xb8, 0xbf, 0xff, 0x60, 0x0, 0x7, 0xff,
    0xff, 0xff, 0xf8, 0x0, 0x0, 0x0, 0x3a, 0xef,
    0xea, 0x30, 0x0,

    /* U+0037 "7" */
    0x9f, 0xff, 0xff, 0xff, 0xff, 0xff, 0xfa, 0x9f,
    0xff, 0xff, 0xff, 0xff, 0xff, 0xfa, 0x7c, 0xcc,
    0xcc, 0xcc, 0xcc, 0xff, 0xf4, 0x0, 0x0, 0x0,
    0x0, 0x6, 0xff, 0x80, 0x0, 0x0, 0x0, 0x0,
    0x1f, 0xfd, 0x0, 0x0, 0x0, 0x0, 0x0, 0xaf,
    0xf4, 0x0, 0x0, 0x0, 0x0, 0x3, 0xff, 0xb0,
    0x0, 0x0, 0x0, 0x0, 0xb, 0xff, 0x30, 0x0,
    0x0, 0x0, 0x0, 0x2f, 0xfc, 0x0, 0x0, 0x0,
    0x0, 0x0, 0x9f, 0xf6, 0x0, 0x0, 0x0, 0x0,
    0x0, 0xef, 0xf1, 0x0, 0x0, 0x0, 0x0, 0x3,
    0xff, 0xc0, 0x0, 0x0, 0x0, 0x0, 0x8, 0xff,
    0x90, 0x0, 0x0, 0x0, 0x0, 0xb, 0xff, 0x60,
    0x0, 0x0, 0x0, 0x0, 0xe, 0xff, 0x30, 0x0,
    0x0, 0x0, 0x0, 0x1f, 0xff, 0x10, 0x0, 0x0,
    0x0, 0x0, 0x3f, 0xff, 0x0, 0x0, 0x0, 0x0,
    0x0, 0x5f, 0xfe, 0x0, 0x0, 0x0, 0x0, 0x0,
    0x6f, 0xfd, 0x0, 0x0, 0x0, 0x0, 0x0, 0x8f,
    0xfc, 0x0, 0x0, 0x0, 0x0, 0x0, 0x9f, 0xfb,
    0x0, 0x0, 0x0,

    /* U+0038 "8" */
    0x0, 0x1, 0x8d, 0xff, 0xd9, 0x20, 0x0, 0x0,
    0x3e, 0xff, 0xff, 0xff, 0xf5, 0x0, 0x1, 0xef,
    0xfc, 0x66, 0xaf, 0xff, 0x20, 0x7, 0xff, 0xa0,
    0x0, 0x8, 0xff, 0x90, 0xb, 0xff, 0x30, 0x0,
    0x0, 0xff, 0xd0, 0xc, 0xff, 0x10, 0x0, 0x0,
    0xdf, 0xe0, 0xa, 0xff, 0x40, 0x0, 0x0, 0xef,
    0xc0, 0x4, 0xff, 0xd0, 0x0, 0x2, 0xff, 0x60,
    0x0, 0x9f, 0xfd, 0x40, 0xb, 0xfc, 0x0, 0x0,
    0x9, 0xff, 0xfc, 0x9f, 0xd1, 0x0, 0x0, 0x9,
    0xff, 0xff, 0xff, 0x90, 0x0, 0x1, 0xdf, 0xd3,
    0x6d, 0xff, 0xfc, 0x10, 0xb, 0xff, 0x20, 0x0,
    0x6e, 0xff, 0xb0, 0x4f, 0xf8, 0x0, 0x0, 0x2,
    0xff, 0xf4, 0x9f, 0xf3, 0x0, 0x0, 0x0, 0x8f,
    0xf9, 0xbf, 0xf2, 0x0, 0x0, 0x0, 0x6f, 0xfa,
    0x9f, 0xf6, 0x0, 0x0, 0x0, 0x8f, 0xf9, 0x5f,
    0xfe, 0x30, 0x0, 0x2, 0xff, 0xf4, 0xb, 0xff,
    0xfa, 0x66, 0x9f, 0xff, 0xb0, 0x0, 0xaf, 0xff,
    0xff, 0xff, 0xfb, 0x0, 0x0, 0x4, 0xad, 0xff,
    0xea, 0x40, 0x0,

    /* U+0039 "9" */
    0x0, 0x4, 0xbe, 0xfe, 0xa3, 0x0, 0x0, 0x0,
    0x9f, 0xff, 0xff, 0xff, 0x80, 0x0, 0x8, 0xff,
    0xfa, 0x8b, 0xff, 0xf7, 0x0, 0x2f, 0xff, 0x40,
    0x0, 0x4f, 0xff, 0x20, 0x8f, 0xf9, 0x0, 0x0,
    0x8, 0xff, 0x90, 0xbf, 0xf5, 0x0, 0x0, 0x1,
    0xff, 0xe0, 0xdf, 0xf3, 0x0, 0x0, 0x0, 0xdf,
    0xf2, 0xcf, 0xf4, 0x0, 0x0, 0x0, 0xaf, 0xf5,
    0xaf, 0xf7, 0x0, 0x0, 0x0, 0xdf, 0xf6, 0x5f,
    0xfe, 0x10, 0x0, 0xb, 0xff, 0xf7, 0xd, 0xff,
    0xe8, 0x68, 0xef, 0xef, 0xf7, 0x2, 0xef, 0xff,
    0xff, 0xf8, 0x9f, 0xf6, 0x0, 0x18, 0xdf, 0xfb,
    0x40, 0xaf, 0xf5, 0x0, 0x0, 0x0, 0x0, 0x0,
    0xdf, 0xf2, 0x0, 0x0, 0x0, 0x0, 0x1, 0xff,
    0xf0, 0x0, 0x0, 0x0, 0x0, 0x7, 0xff, 0xa0,
    0x0, 0x0, 0x0, 0x0, 0x1e, 0xff, 0x40, 0x5,
    0xe4, 0x0, 0x2, 0xdf, 0xfc, 0x0, 0x3f, 0xff,
    0xeb, 0xdf, 0xff, 0xe2, 0x0, 0x9, 0xff, 0xff,
    0xff, 0xfd, 0x20, 0x0, 0x0, 0x3a, 0xef, 0xfc,
    0x60, 0x0, 0x0,

    /* U+003A ":" */
    0x3d, 0xf7, 0xd, 0xff, 0xf3, 0xff, 0xff, 0x5a,
    0xff, 0xf1, 0x7, 0x82, 0x0, 0x0, 0x0, 0x0,
    0x0, 0x0, 0x0, 0x0, 0x0, 0x0, 0x0, 0x0,
    0x0, 0x0, 0x0, 0x0, 0x79, 0x20, 0xaf, 0xff,
    0x1f, 0xff, 0xf5, 0xdf, 0xff, 0x33, 0xdf, 0x70,

    /* U+003B ";" */
    0x3, 0xdf, 0x70, 0xd, 0xff, 0xf3, 0xf, 0xff,
    0xf5, 0xa, 0xff, 0xf1, 0x0, 0x78, 0x20, 0x0,
    0x0, 0x0, 0x0, 0x0, 0x0, 0x0, 0x0, 0x0,
    0x0, 0x0, 0x0, 0x0, 0x0, 0x0, 0x0, 0x0,
    0x0, 0x0, 0x12, 0x0, 0x5, 0xff, 0xd1, 0xd,
    0xff, 0xf8, 0xd, 0xff, 0xfb, 0x3, 0xdf, 0xfc,
    0x0, 0x8, 0xfb, 0x0, 0xd, 0xf7, 0x0, 0x8f,
    0xf1, 0x2b, 0xff, 0x50, 0x4f, 0xf5, 0x0, 0x8,
    0x10, 0x0,

    /* U+003C "<" */
    0x0, 0x0, 0x0, 0x0, 0x0, 0x0, 0x1, 0x0,
    0x0, 0x0, 0x0, 0x0, 0x5, 0xbe, 0x0, 0x0,
    0x0, 0x0, 0x28, 0xef, 0xfe, 0x0, 0x0, 0x0,
    0x5c, 0xff, 0xff, 0xf9, 0x0, 0x2, 0x9e, 0xff,
    0xff, 0xb5, 0x0, 0x6, 0xcf, 0xff, 0xfd, 0x71,
    0x0, 0x0, 0xef, 0xff, 0xe9, 0x30, 0x0, 0x0,
    0x0, 0xff, 0xfc, 0x20, 0x0, 0x0, 0x0, 0x0,
    0xcf, 0xff, 0xfb, 0x50, 0x0, 0x0, 0x0, 0x3,
    0x9f, 0xff, 0xff, 0xa4, 0x0, 0x0, 0x0, 0x0,
    0x6c, 0xff, 0xff, 0xe8, 0x20, 0x0, 0x0, 0x0,
    0x29, 0xff, 0xff, 0xfb, 0x0, 0x0, 0x0, 0x0,
    0x6, 0xcf, 0xfe, 0x0, 0x0, 0x0, 0x0, 0x0,
    0x2, 0x8d, 0x0, 0x0, 0x0, 0x0, 0x0, 0x0,
    0x0,

    /* U+003D "=" */
    0xff, 0xff, 0xff, 0xff, 0xff, 0xff, 0xfe, 0xff,
    0xff, 0xff, 0xff, 0xff, 0xff, 0xfe, 0x55, 0x55,
    0x55, 0x55, 0x55, 0x55, 0x55, 0x0, 0x0, 0x0,
    0x0, 0x0, 0x0, 0x0, 0x0, 0x0, 0x0, 0x0,
    0x0, 0x0, 0x0, 0x0, 0x0, 0x0, 0x0, 0x0,
    0x0, 0x0, 0x0, 0x0, 0x0, 0x0, 0x0, 0x0,
    0x0, 0xff, 0xff, 0xff, 0xff, 0xff, 0xff, 0xfe,
    0xff, 0xff, 0xff, 0xff, 0xff, 0xff, 0xfe, 0x56,
    0x66, 0x66, 0x66, 0x66, 0x66, 0x65,

    /* U+003E ">" */
    0x10, 0x0, 0x0, 0x0, 0x0, 0x0, 0x0, 0xeb,
    0x40, 0x0, 0x0, 0x0, 0x0, 0x0, 0xff, 0xfe,
    0x82, 0x0, 0x0, 0x0, 0x0, 0x9f, 0xff, 0xff,
    0xb5, 0x0, 0x0, 0x0, 0x0, 0x6b, 0xff, 0xff,
    0xe8, 0x20, 0x0, 0x0, 0x0, 0x17, 0xdf, 0xff,
    0xfc, 0x60, 0x0, 0x0, 0x0, 0x3, 0x9e, 0xff,
    0xfd, 0x0, 0x0, 0x0, 0x0, 0x2, 0xcf, 0xfe,
    0x0, 0x0, 0x0, 0x6, 0xbf, 0xff, 0xfb, 0x0,
    0x0, 0x4a, 0xff, 0xff, 0xf9, 0x30, 0x3, 0x9e,
    0xff, 0xff, 0xc6, 0x0, 0x0, 0xcf, 0xff, 0xfe,
    0x92, 0x0, 0x0, 0x0, 0xff, 0xfc, 0x50, 0x0,
    0x0, 0x0, 0x0, 0xd8, 0x20, 0x0, 0x0, 0x0,
    0x0, 0x0, 0x0, 0x0, 0x0, 0x0, 0x0, 0x0,
    0x0,

    /* U+003F "?" */
    0x0, 0x29, 0xdf, 0xfc, 0x81, 0x0, 0x7, 0xff,
    0xff, 0xff, 0xfe, 0x20, 0x7f, 0xff, 0xca, 0xdf,
    0xff, 0xc0, 0x1c, 0xc2, 0x0, 0x7, 0xff, 0xf2,
    0x0, 0x0, 0x0, 0x0, 0xef, 0xf4, 0x0, 0x0,
    0x0, 0x0, 0xdf, 0xf4, 0x0, 0x0, 0x0, 0x2,
    0xff, 0xf0, 0x0, 0x0, 0x0, 0xc, 0xff, 0x70,
    0x0, 0x0, 0x0, 0xaf, 0xfb, 0x0, 0x0, 0x0,
    0x8, 0xff, 0xd0, 0x0, 0x0, 0x0, 0x3f, 0xfe,
    0x10, 0x0, 0x0, 0x0, 0xbf, 0xf5, 0x0, 0x0,
    0x0, 0x0, 0xff, 0xe0, 0x0, 0x0, 0x0, 0x1,
    0xff, 0xc0, 0x0, 0x0, 0x0, 0x0, 0x22, 0x10,
    0x0, 0x0, 0x0, 0x0, 0x0, 0x0, 0x0, 0x0,
    0x0, 0x0, 0x59, 0x50, 0x0, 0x0, 0x0, 0x6,
    0xff, 0xf4, 0x0, 0x0, 0x0, 0xb, 0xff, 0xf9,
    0x0, 0x0, 0x0, 0x9, 0xff, 0xf7, 0x0, 0x0,
    0x0, 0x1, 0xcf, 0xb0, 0x0, 0x0,

    /* U+0040 "@" */
    0x0, 0x0, 0x0, 0x0, 0x3, 0x8c, 0xef, 0xfe,
    0xc8, 0x30, 0x0, 0x0, 0x0, 0x0, 0x0, 0x0,
    0x4c, 0xff, 0xff, 0xff, 0xff, 0xff, 0xb2, 0x0,
    0x0, 0x0, 0x0, 0x1, 0xaf, 0xff, 0xa6, 0x31,
    0x23, 0x6b, 0xff, 0xf4, 0x0, 0x0, 0x0, 0x1,
    0xdf, 0xf9, 0x10, 0x0, 0x0, 0x0, 0x3, 0xdf,
    0xf4, 0x0, 0x0, 0x1, 0xdf, 0xf4, 0x0, 0x0,
    0x0, 0x0, 0x0, 0x0, 0xcf, 0xe1, 0x0, 0x0,
    0xbf, 0xf3, 0x0, 0x0, 0x0, 0x0, 0x0, 0x0,
    0x1, 0xef, 0x80, 0x0, 0x6f, 0xf5, 0x0, 0x0,
    0x0, 0x0, 0x0, 0x0, 0x0, 0x6, 0xfe, 0x0,
    0xe, 0xfa, 0x0, 0x0, 0x4, 0xbf, 0xf9, 0x1b,
    0xb0, 0x0, 0xf, 0xf4, 0x5, 0xff, 0x20, 0x0,
    0x8, 0xff, 0xff, 0xfd, 0xfc, 0x0, 0x0, 0xcf,
    0x70, 0xbf, 0xa0, 0x0, 0x6, 0xff, 0xc4, 0x4c,
    0xff, 0x90, 0x0, 0x9, 0xf9, 0xf, 0xf5, 0x0,
    0x1, 0xff, 0xb0, 0x0, 0x1f, 0xf6, 0x0, 0x0,
    0x8f, 0xa3, 0xff, 0x10, 0x0, 0x8f, 0xf2, 0x0,
    0x3, 0xff, 0x30, 0x0, 0x8, 0xf9, 0x5f, 0xf0,
    0x0, 0xd, 0xfb, 0x0, 0x0, 0x6f, 0xf0, 0x0,
    0x0, 0xaf, 0x86, 0xfe, 0x0, 0x0, 0xff, 0x70,
    0x0, 0x9, 0xfc, 0x0, 0x0, 0xe, 0xf4, 0x6f,
    0xd0, 0x0, 0x1f, 0xf7, 0x0, 0x0, 0xcf, 0x90,
    0x0, 0x5, 0xff, 0x6, 0xfe, 0x0, 0x0, 0xff,
    0xa0, 0x0, 0x4f, 0xf9, 0x0, 0x1, 0xef, 0x80,
    0x4f, 0xf0, 0x0, 0xc, 0xff, 0x84, 0x8f, 0xff,
    0xe2, 0x4, 0xdf, 0xd0, 0x1, 0xff, 0x40, 0x0,
    0x4f, 0xff, 0xff, 0xd3, 0xff, 0xff, 0xff, 0xd2,
    0x0, 0xd, 0xf9, 0x0, 0x0, 0x5e, 0xff, 0xa1,
    0x4, 0xdf, 0xfe, 0x80, 0x0, 0x0, 0x7f, 0xf2,
    0x0, 0x0, 0x1, 0x0, 0x0, 0x0, 0x11, 0x0,
    0x0, 0x0, 0x1, 0xef, 0xc0, 0x0, 0x0, 0x0,
    0x0, 0x0, 0x0, 0x0, 0x0, 0x0, 0x0, 0x6,
    0xff, 0xa0, 0x0, 0x0, 0x0, 0x0, 0x0, 0x0,
    0x0, 0x0, 0x0, 0x0, 0x9, 0xff, 0xd3, 0x0,
    0x0, 0x0, 0x0, 0x32, 0x0, 0x0, 0x0, 0x0,
    0x0, 0x8, 0xff, 0xfc, 0x74, 0x22, 0x37, 0xcf,
    0x90, 0x0, 0x0, 0x0, 0x0, 0x0, 0x3, 0xcf,
    0xff, 0xff, 0xff, 0xff, 0xf9, 0x0, 0x0, 0x0,
    0x0, 0x0, 0x0, 0x0, 0x38, 0xce, 0xff, 0xeb,
    0x72, 0x0, 0x0, 0x0, 0x0,

    /* U+0041 "A" */
    0x0, 0x0, 0x0, 0x5f, 0xff, 0xb0, 0x0, 0x0,
    0x0, 0x0, 0x0, 0x0, 0xaf, 0xff, 0xf1, 0x0,
    0x0, 0x0, 0x0, 0x0, 0x0, 0xff, 0xef, 0xf6,
    0x0, 0x0, 0x0, 0x0, 0x0, 0x4, 0xff, 0x6f,
    0xfb, 0x0, 0x0, 0x0, 0x0, 0x0, 0xa, 0xff,
    0x1c, 0xff, 0x10, 0x0, 0x0, 0x0, 0x0, 0xf,
    0xfd, 0x8, 0xff, 0x50, 0x0, 0x0, 0x0, 0x0,
    0x4f, 0xf8, 0x3, 0xff, 0xb0, 0x0, 0x0, 0x0,
    0x0, 0x9f, 0xf4, 0x0, 0xff, 0xf0, 0x0, 0x0,
    0x0, 0x0, 0xef, 0xf0, 0x0, 0xaf, 0xf5, 0x0,
    0x0, 0x0, 0x4, 0xff, 0xa0, 0x0, 0x6f, 0xfa,
    0x0, 0x0, 0x0, 0x9, 0xff, 0x60, 0x0, 0x1f,
    0xff, 0x0, 0x0, 0x0, 0xe, 0xff, 0x10, 0x0,
    0xc, 0xff, 0x50, 0x0, 0x0, 0x3f, 0xff, 0x99,
    0x99, 0x9d, 0xff, 0xa0, 0x0, 0x0, 0x9f, 0xff,
    0xff, 0xff, 0xff, 0xff, 0xf0, 0x0, 0x0, 0xef,
    0xff, 0xff, 0xff, 0xff, 0xff, 0xf4, 0x0, 0x3,
    0xff, 0xe0, 0x0, 0x0, 0x0, 0xaf, 0xfa, 0x0,
    0x8, 0xff, 0xa0, 0x0, 0x0, 0x0, 0x5f, 0xfe,
    0x0, 0xd, 0xff, 0x50, 0x0, 0x0, 0x0, 0x1f,
    0xff, 0x40, 0x2f, 0xff, 0x10, 0x0, 0x0, 0x0,
    0xc, 0xff, 0x90, 0x8f, 0xfc, 0x0, 0x0, 0x0,
    0x0, 0x7, 0xff, 0xe0, 0xdf, 0xf7, 0x0, 0x0,
    0x0, 0x0, 0x2, 0xff, 0xf4,

    /* U+0042 "B" */
    0x4f, 0xff, 0xff, 0xff, 0xec, 0x93, 0x0, 0x0,
    0x4f, 0xff, 0xff, 0xff, 0xff, 0xff, 0xa0, 0x0,
    0x4f, 0xff, 0x99, 0x99, 0xbf, 0xff, 0xf9, 0x0,
    0x4f, 0xff, 0x0, 0x0, 0x0, 0xaf, 0xff, 0x10,
    0x4f, 0xff, 0x0, 0x0, 0x0, 0xf, 0xff, 0x50,
    0x4f, 0xff, 0x0, 0x0, 0x0, 0xd, 0xff, 0x50,
    0x4f, 0xff, 0x0, 0x0, 0x0, 0xe, 0xff, 0x30,
    0x4f, 0xff, 0x0, 0x0, 0x0, 0x5f, 0xfe, 0x0,
    0x4f, 0xff, 0x0, 0x0, 0x28, 0xff, 0xf5, 0x0,
    0x4f, 0xff, 0xff, 0xff, 0xff, 0xfe, 0x50, 0x0,
    0x4f, 0xff, 0xff, 0xff, 0xff, 0xfe, 0x91, 0x0,
    0x4f, 0xff, 0x88, 0x88, 0x9b, 0xff, 0xff, 0x30,
    0x4f, 0xff, 0x0, 0x0, 0x0, 0x1a, 0xff, 0xe0,
    0x4f, 0xff, 0x0, 0x0, 0x0, 0x0, 0xef, 0xf5,
    0x4f, 0xff, 0x0, 0x0, 0x0, 0x0, 0xbf, 0xf7,
    0x4f, 0xff, 0x0, 0x0, 0x0, 0x0, 0xcf, 0xf7,
    0x4f, 0xff, 0x0, 0x0, 0x0, 0x1, 0xff, 0xf5,
    0x4f, 0xff, 0x0, 0x0, 0x0, 0x3d, 0xff, 0xe0,
    0x4f, 0xff, 0x99, 0x99, 0xad, 0xff, 0xff, 0x50,
    0x4f, 0xff, 0xff, 0xff, 0xff, 0xff, 0xe5, 0x0,
    0x4f, 0xff, 0xff, 0xff, 0xfd, 0xa6, 0x0, 0x0,

    /* U+0043 "C" */
    0x0, 0x0, 0x0, 0x5b, 0xef, 0xfd, 0x82, 0x0,
    0x0, 0x0, 0x4, 0xef, 0xff, 0xff, 0xff, 0xf7,
    0x0, 0x0, 0x6, 0xff, 0xff, 0xfe, 0xef, 0xff,
    0xf7, 0x0, 0x4, 0xff, 0xfe, 0x61, 0x0, 0x18,
    0xfe, 0x10, 0x0, 0xef, 0xfe, 0x20, 0x0, 0x0,
    0x3, 0x30, 0x0, 0x7f, 0xff, 0x30, 0x0, 0x0,
    0x0, 0x0, 0x0, 0xd, 0xff, 0xa0, 0x0, 0x0,
    0x0, 0x0, 0x0, 0x1, 0xff, 0xf4, 0x0, 0x0,
    0x0, 0x0, 0x0, 0x0, 0x4f, 0xff, 0x10, 0x0,
    0x0, 0x0, 0x0, 0x0, 0x6, 0xff, 0xf0, 0x0,
    0x0, 0x0, 0x0, 0x0, 0x0, 0x6f, 0xfe, 0x0,
    0x0, 0x0, 0x0, 0x0, 0x0, 0x6, 0xff, 0xf0,
    0x0, 0x0, 0x0, 0x0, 0x0, 0x0, 0x4f, 0xff,
    0x10, 0x0, 0x0, 0x0, 0x0, 0x0, 0x2, 0xff,
    0xf5, 0x0, 0x0, 0x0, 0x0, 0x0, 0x0, 0xe,
    0xff, 0xa0, 0x0, 0x0, 0x0, 0x0, 0x0, 0x0,
    0x8f, 0xff, 0x30, 0x0, 0x0, 0x0, 0x0, 0x0,
    0x1, 0xff, 0xfd, 0x10, 0x0, 0x0, 0x3, 0xc1,
    0x0, 0x6, 0xff, 0xfe, 0x61, 0x0, 0x28, 0xff,
    0xb0, 0x0, 0x8, 0xff, 0xff, 0xfe, 0xff, 0xff,
    0xfa, 0x0, 0x0, 0x5, 0xef, 0xff, 0xff, 0xff,
    0xf8, 0x0, 0x0, 0x0, 0x0, 0x6b, 0xef, 0xfd,
    0x82, 0x0, 0x0,

    /* U+0044 "D" */
    0x4f, 0xff, 0xff, 0xfe, 0xc9, 0x30, 0x0, 0x0,
    0x4f, 0xff, 0xff, 0xff, 0xff, 0xfc, 0x20, 0x0,
    0x4f, 0xff, 0xbb, 0xbd, 0xff, 0xff, 0xf4, 0x0,
    0x4f, 0xff, 0x0, 0x0, 0x18, 0xff, 0xff, 0x20,
    0x4f, 0xff, 0x0, 0x0, 0x0, 0x4f, 0xff, 0xb0,
    0x4f, 0xff, 0x0, 0x0, 0x0, 0x7, 0xff, 0xf3,
    0x4f, 0xff, 0x0, 0x0, 0x0, 0x0, 0xff, 0xf8,
    0x4f, 0xff, 0x0, 0x0, 0x0, 0x0, 0xaf, 0xfb,
    0x4f, 0xff, 0x0, 0x0, 0x0, 0x0, 0x8f, 0xfe,
    0x4f, 0xff, 0x0, 0x0, 0x0, 0x0, 0x6f, 0xff,
    0x4f, 0xff, 0x0, 0x0, 0x0, 0x0, 0x5f, 0xff,
    0x4f, 0xff, 0x0, 0x0, 0x0, 0x0, 0x6f, 0xff,
    0x4f, 0xff, 0x0, 0x0, 0x0, 0x0, 0x8f, 0xfe,
    0x4f, 0xff, 0x0, 0x0, 0x0, 0x0, 0xbf, 0xfb,
    0x4f, 0xff, 0x0, 0x0, 0x0, 0x0, 0xff, 0xf7,
    0x4f, 0xff, 0x0, 0x0, 0x0, 0x8, 0xff, 0xf2,
    0x4f, 0xff, 0x0, 0x0, 0x0, 0x4f, 0xff, 0xa0,
    0x4f, 0xff, 0x0, 0x0, 0x18, 0xff, 0xff, 0x20,
    0x4f, 0xff, 0xbb, 0xbd, 0xff, 0xff, 0xf4, 0x0,
    0x4f, 0xff, 0xff, 0xff, 0xff, 0xfc, 0x20, 0x0,
    0x4f, 0xff, 0xff, 0xff, 0xc9, 0x40, 0x0, 0x0,

    /* U+0045 "E" */
    0x4f, 0xff, 0xff, 0xff, 0xff, 0xff, 0xe0, 0x4f,
    0xff, 0xff, 0xff, 0xff, 0xff, 0xe0, 0x4f, 0xff,
    0xcc, 0xcc, 0xcc, 0xcc, 0xb0, 0x4f, 0xff, 0x0,
    0x0, 0x0, 0x0, 0x0, 0x4f, 0xff, 0x0, 0x0,
    0x0, 0x0, 0x0, 0x4f, 0xff, 0x0, 0x0, 0x0,
    0x0, 0x0, 0x4f, 0xff, 0x0, 0x0, 0x0, 0x0,
    0x0, 0x4f, 0xff, 0x0, 0x0, 0x0, 0x0, 0x0,
    0x4f, 0xff, 0x0, 0x0, 0x0, 0x0, 0x0, 0x4f,
    0xff, 0xff, 0xff, 0xff, 0xf8, 0x0, 0x4f, 0xff,
    0xff, 0xff, 0xff, 0xf8, 0x0, 0x4f, 0xff, 0xcc,
    0xcc, 0xcc, 0xc6, 0x0, 0x4f, 0xff, 0x0, 0x0,
    0x0, 0x0, 0x0, 0x4f, 0xff, 0x0, 0x0, 0x0,
    0x0, 0x0, 0x4f, 0xff, 0x0, 0x0, 0x0, 0x0,
    0x0, 0x4f, 0xff, 0x0, 0x0, 0x0, 0x0, 0x0,
    0x4f, 0xff, 0x0, 0x0, 0x0, 0x0, 0x0, 0x4f,
    0xff, 0x0, 0x0, 0x0, 0x0, 0x0, 0x4f, 0xff,
    0xdd, 0xdd, 0xdd, 0xdd, 0xd2, 0x4f, 0xff, 0xff,
    0xff, 0xff, 0xff, 0xf3, 0x4f, 0xff, 0xff, 0xff,
    0xff, 0xff, 0xf3,

    /* U+0046 "F" */
    0x4f, 0xff, 0xff, 0xff, 0xff, 0xff, 0xe4, 0xff,
    0xff, 0xff, 0xff, 0xff, 0xfe, 0x4f, 0xff, 0xcc,
    0xcc, 0xcc, 0xcc, 0xb4, 0xff, 0xf0, 0x0, 0x0,
    0x0, 0x0, 0x4f, 0xff, 0x0, 0x0, 0x0, 0x0,
    0x4, 0xff, 0xf0, 0x0, 0x0, 0x0, 0x0, 0x4f,
    0xff, 0x0, 0x0, 0x0, 0x0, 0x4, 0xff, 0xf0,
    0x0, 0x0, 0x0, 0x0, 0x4f, 0xff, 0x0, 0x0,
    0x0, 0x0, 0x4, 0xff, 0xfc, 0xcc, 0xcc, 0xcc,
    0x70, 0x4f, 0xff, 0xff, 0xff, 0xff, 0xf9, 0x4,
    0xff, 0xff, 0xff, 0xff, 0xff, 0x90, 0x4f, 0xff,
    0x0, 0x0, 0x0, 0x0, 0x4, 0xff, 0xf0, 0x0,
    0x0, 0x0, 0x0, 0x4f, 0xff, 0x0, 0x0, 0x0,
    0x0, 0x4, 0xff, 0xf0, 0x0, 0x0, 0x0, 0x0,
    0x4f, 0xff, 0x0, 0x0, 0x0, 0x0, 0x4, 0xff,
    0xf0, 0x0, 0x0, 0x0, 0x0, 0x4f, 0xff, 0x0,
    0x0, 0x0, 0x0, 0x4, 0xff, 0xf0, 0x0, 0x0,
    0x0, 0x0, 0x4f, 0xff, 0x0, 0x0, 0x0, 0x0,
    0x0,

    /* U+0047 "G" */
    0x0, 0x0, 0x0, 0x5a, 0xdf, 0xfe, 0xb5, 0x0,
    0x0, 0x0, 0x3, 0xdf, 0xff, 0xff, 0xff, 0xfc,
    0x20, 0x0, 0x5, 0xff, 0xff, 0xfe, 0xef, 0xff,
    0xff, 0x10, 0x4, 0xff, 0xff, 0x81, 0x0, 0x3,
    0xbf, 0x80, 0x0, 0xef, 0xfe, 0x20, 0x0, 0x0,
    0x0, 0x40, 0x0, 0x6f, 0xff, 0x40, 0x0, 0x0,
    0x0, 0x0, 0x0, 0xd, 0xff, 0xb0, 0x0, 0x0,
    0x0, 0x0, 0x0, 0x1, 0xff, 0xf5, 0x0, 0x0,
    0x0, 0x0, 0x0, 0x0, 0x4f, 0xff, 0x10, 0x0,
    0x0, 0x0, 0x0, 0x0, 0x6, 0xff, 0xf0, 0x0,
    0x0, 0x4b, 0xbb, 0xbb, 0xb7, 0x6f, 0xfe, 0x0,
    0x0, 0x6, 0xff, 0xff, 0xff, 0xa6, 0xff, 0xf0,
    0x0, 0x0, 0x6f, 0xff, 0xff, 0xfa, 0x5f, 0xff,
    0x10, 0x0, 0x0, 0x0, 0x5, 0xff, 0xa2, 0xff,
    0xf5, 0x0, 0x0, 0x0, 0x0, 0x5f, 0xfa, 0xe,
    0xff, 0xa0, 0x0, 0x0, 0x0, 0x5, 0xff, 0xa0,
    0x8f, 0xff, 0x30, 0x0, 0x0, 0x0, 0x5f, 0xfa,
    0x1, 0xef, 0xfe, 0x20, 0x0, 0x0, 0x5, 0xff,
    0xa0, 0x5, 0xff, 0xff, 0x82, 0x0, 0x4, 0xcf,
    0xfa, 0x0, 0x7, 0xff, 0xff, 0xff, 0xef, 0xff,
    0xff, 0x80, 0x0, 0x4, 0xef, 0xff, 0xff, 0xff,
    0xff, 0x70, 0x0, 0x0, 0x0, 0x5a, 0xdf, 0xfe,
    0xb7, 0x10, 0x0,

    /* U+0048 "H" */
    0x4f, 0xff, 0x0, 0x0, 0x0, 0x0, 0x3f, 0xff,
    0x4, 0xff, 0xf0, 0x0, 0x0, 0x0, 0x3, 0xff,
    0xf0, 0x4f, 0xff, 0x0, 0x0, 0x0, 0x0, 0x3f,
    0xff, 0x4, 0xff, 0xf0, 0x0, 0x0, 0x0, 0x3,
    0xff, 0xf0, 0x4f, 0xff, 0x0, 0x0, 0x0, 0x0,
    0x3f, 0xff, 0x4, 0xff, 0xf0, 0x0, 0x0, 0x0,
    0x3, 0xff, 0xf0, 0x4f, 0xff, 0x0, 0x0, 0x0,
    0x0, 0x3f, 0xff, 0x4, 0xff, 0xf0, 0x0, 0x0,
    0x0, 0x3, 0xff, 0xf0, 0x4f, 0xff, 0x0, 0x0,
    0x0, 0x0, 0x3f, 0xff, 0x4, 0xff, 0xff, 0xff,
    0xff, 0xff, 0xff, 0xff, 0xf0, 0x4f, 0xff, 0xff,
    0xff, 0xff, 0xff, 0xff, 0xff, 0x4, 0xff, 0xfd,
    0xdd, 0xdd, 0xdd, 0xde, 0xff, 0xf0, 0x4f, 0xff,
    0x0, 0x0, 0x0, 0x0, 0x3f, 0xff, 0x4, 0xff,
    0xf0, 0x0, 0x0, 0x0, 0x3, 0xff, 0xf0, 0x4f,
    0xff, 0x0, 0x0, 0x0, 0x0, 0x3f, 0xff, 0x4,
    0xff, 0xf0, 0x0, 0x0, 0x0, 0x3, 0xff, 0xf0,
    0x4f, 0xff, 0x0, 0x0, 0x0, 0x0, 0x3f, 0xff,
    0x4, 0xff, 0xf0, 0x0, 0x0, 0x0, 0x3, 0xff,
    0xf0, 0x4f, 0xff, 0x0, 0x0, 0x0, 0x0, 0x3f,
    0xff, 0x4, 0xff, 0xf0, 0x0, 0x0, 0x0, 0x3,
    0xff, 0xf0, 0x4f, 0xff, 0x0, 0x0, 0x0, 0x0,
    0x3f, 0xff, 0x0,

    /* U+0049 "I" */
    0x4f, 0xff, 0x4f, 0xff, 0x4f, 0xff, 0x4f, 0xff,
    0x4f, 0xff, 0x4f, 0xff, 0x4f, 0xff, 0x4f, 0xff,
    0x4f, 0xff, 0x4f, 0xff, 0x4f, 0xff, 0x4f, 0xff,
    0x4f, 0xff, 0x4f, 0xff, 0x4f, 0xff, 0x4f, 0xff,
    0x4f, 0xff, 0x4f, 0xff, 0x4f, 0xff, 0x4f, 0xff,
    0x4f, 0xff,

    /* U+004A "J" */
    0x0, 0x0, 0x0, 0x0, 0x7, 0xff, 0xc0, 0x0,
    0x0, 0x0, 0x0, 0x7f, 0xfc, 0x0, 0x0, 0x0,
    0x0, 0x7, 0xff, 0xc0, 0x0, 0x0, 0x0, 0x0,
    0x7f, 0xfc, 0x0, 0x0, 0x0, 0x0, 0x7, 0xff,
    0xc0, 0x0, 0x0, 0x0, 0x0, 0x7f, 0xfc, 0x0,
    0x0, 0x0, 0x0, 0x7, 0xff, 0xc0, 0x0, 0x0,
    0x0, 0x0, 0x7f, 0xfc, 0x0, 0x0, 0x0, 0x0,
    0x7, 0xff, 0xc0, 0x0, 0x0, 0x0, 0x0, 0x7f,
    0xfc, 0x0, 0x0, 0x0, 0x0, 0x7, 0xff, 0xc0,
    0x0, 0x0, 0x0, 0x0, 0x7f, 0xfc, 0x0, 0x0,
    0x0, 0x0, 0x7, 0xff, 0xc0, 0x0, 0x0, 0x0,
    0x0, 0x7f, 0xfc, 0x0, 0x0, 0x0, 0x0, 0x8,
    0xff, 0xc0, 0x0, 0x0, 0x0, 0x0, 0x9f, 0xfb,
    0x1, 0xa8, 0x0, 0x0, 0xd, 0xff, 0x80, 0xef,
    0xf8, 0x0, 0x19, 0xff, 0xf3, 0x8, 0xff, 0xff,
    0xef, 0xff, 0xfb, 0x0, 0x8, 0xff, 0xff, 0xff,
    0xfd, 0x10, 0x0, 0x3, 0xae, 0xff, 0xd7, 0x0,
    0x0,

    /* U+004B "K" */
    0x4f, 0xff, 0x0, 0x0, 0x0, 0x8, 0xff, 0xf2,
    0x4, 0xff, 0xf0, 0x0, 0x0, 0x5, 0xff, 0xf5,
    0x0, 0x4f, 0xff, 0x0, 0x0, 0x2, 0xff, 0xf8,
    0x0, 0x4, 0xff, 0xf0, 0x0, 0x0, 0xdf, 0xfc,
    0x0, 0x0, 0x4f, 0xff, 0x0, 0x0, 0xaf, 0xfe,
    0x10, 0x0, 0x4, 0xff, 0xf0, 0x0, 0x7f, 0xff,
    0x30, 0x0, 0x0, 0x4f, 0xff, 0x0, 0x4f, 0xff,
    0x60, 0x0, 0x0, 0x4, 0xff, 0xf0, 0x1e, 0xff,
    0x90, 0x0, 0x0, 0x0, 0x4f, 0xff, 0xc, 0xff,
    0xf5, 0x0, 0x0, 0x0, 0x4, 0xff, 0xf9, 0xff,
    0xff, 0xd0, 0x0, 0x0, 0x0, 0x4f, 0xff, 0xff,
    0xff, 0xff, 0x70, 0x0, 0x0, 0x4, 0xff, 0xff,
    0xf8, 0x6f, 0xff, 0x10, 0x0, 0x0, 0x4f, 0xff,
    0xfb, 0x0, 0xdf, 0xfa, 0x0, 0x0, 0x4, 0xff,
    0xfd, 0x10, 0x4, 0xff, 0xf3, 0x0, 0x0, 0x4f,
    0xff, 0x20, 0x0, 0xb, 0xff, 0xc0, 0x0, 0x4,
    0xff, 0xf0, 0x0, 0x0, 0x2f, 0xff, 0x60, 0x0,
    0x4f, 0xff, 0x0, 0x0, 0x0, 0x9f, 0xfe, 0x0,
    0x4, 0xff, 0xf0, 0x0, 0x0, 0x1, 0xff, 0xf8,
    0x0, 0x4f, 0xff, 0x0, 0x0, 0x0, 0x7, 0xff,
    0xf2, 0x4, 0xff, 0xf0, 0x0, 0x0, 0x0, 0xd,
    0xff, 0xb0, 0x4f, 0xff, 0x0, 0x0, 0x0, 0x0,
    0x5f, 0xff, 0x40,

    /* U+004C "L" */
    0x4f, 0xff, 0x0, 0x0, 0x0, 0x0, 0x4, 0xff,
    0xf0, 0x0, 0x0, 0x0, 0x0, 0x4f, 0xff, 0x0,
    0x0, 0x0, 0x0, 0x4, 0xff, 0xf0, 0x0, 0x0,
    0x0, 0x0, 0x4f, 0xff, 0x0, 0x0, 0x0, 0x0,
    0x4, 0xff, 0xf0, 0x0, 0x0, 0x0, 0x0, 0x4f,
    0xff, 0x0, 0x0, 0x0, 0x0, 0x4, 0xff, 0xf0,
    0x0, 0x0, 0x0, 0x0, 0x4f, 0xff, 0x0, 0x0,
    0x0, 0x0, 0x4, 0xff, 0xf0, 0x0, 0x0, 0x0,
    0x0, 0x4f, 0xff, 0x0, 0x0, 0x0, 0x0, 0x4,
    0xff, 0xf0, 0x0, 0x0, 0x0, 0x0, 0x4f, 0xff,
    0x0, 0x0, 0x0, 0x0, 0x4, 0xff, 0xf0, 0x0,
    0x0, 0x0, 0x0, 0x4f, 0xff, 0x0, 0x0, 0x0,
    0x0, 0x4, 0xff, 0xf0, 0x0, 0x0, 0x0, 0x0,
    0x4f, 0xff, 0x0, 0x0, 0x0, 0x0, 0x4, 0xff,
    0xf0, 0x0, 0x0, 0x0, 0x0, 0x4f, 0xff, 0xdd,
    0xdd, 0xdd, 0xdd, 0x94, 0xff, 0xff, 0xff, 0xff,
    0xff, 0xfb, 0x4f, 0xff, 0xff, 0xff, 0xff, 0xff,
    0xb0,

    /* U+004D "M" */
    0x4f, 0xff, 0xa0, 0x0, 0x0, 0x0, 0x0, 0x6f,
    0xff, 0x84, 0xff, 0xff, 0x0, 0x0, 0x0, 0x0,
    0xc, 0xff, 0xf8, 0x4f, 0xff, 0xf5, 0x0, 0x0,
    0x0, 0x1, 0xff, 0xff, 0x84, 0xff, 0xff, 0xb0,
    0x0, 0x0, 0x0, 0x7f, 0xff, 0xf8, 0x4f, 0xfd,
    0xff, 0x10, 0x0, 0x0, 0xc, 0xfc, 0xff, 0x84,
    0xff, 0x9f, 0xf6, 0x0, 0x0, 0x2, 0xff, 0x8f,
    0xf8, 0x4f, 0xf7, 0xdf, 0xc0, 0x0, 0x0, 0x7f,
    0xf5, 0xff, 0x84, 0xff, 0x88, 0xff, 0x10, 0x0,
    0xd, 0xfb, 0x5f, 0xf8, 0x4f, 0xf9, 0x3f, 0xf7,
    0x0, 0x2, 0xff, 0x56, 0xff, 0x84, 0xff, 0xa0,
    0xdf, 0xd0, 0x0, 0x8f, 0xf0, 0x7f, 0xf8, 0x4f,
    0xfa, 0x7, 0xff, 0x20, 0xd, 0xfa, 0x7, 0xff,
    0x84, 0xff, 0xa0, 0x1f, 0xf8, 0x3, 0xff, 0x40,
    0x7f, 0xf8, 0x4f, 0xfa, 0x0, 0xcf, 0xd0, 0x8f,
    0xe0, 0x7, 0xff, 0x84, 0xff, 0xa0, 0x6, 0xff,
    0x2d, 0xf8, 0x0, 0x7f, 0xf8, 0x4f, 0xfa, 0x0,
    0x1f, 0xfa, 0xff, 0x30, 0x7, 0xff, 0x84, 0xff,
    0xa0, 0x0, 0xaf, 0xff, 0xd0, 0x0, 0x7f, 0xf8,
    0x4f, 0xfa, 0x0, 0x5, 0xff, 0xf7, 0x0, 0x7,
    0xff, 0x84, 0xff, 0xa0, 0x0, 0xe, 0xff, 0x20,
    0x0, 0x7f, 0xf8, 0x4f, 0xfa, 0x0, 0x0, 0x9f,
    0xb0, 0x0, 0x7, 0xff, 0x84, 0xff, 0xa0, 0x0,
    0x0, 0x0, 0x0, 0x0, 0x7f, 0xf8, 0x4f, 0xfa,
    0x0, 0x0, 0x0, 0x0, 0x0, 0x7, 0xff, 0x80,

    /* U+004E "N" */
    0x4f, 0xff, 0x50, 0x0, 0x0, 0x0, 0x4f, 0xfd,
    0x4f, 0xff, 0xd0, 0x0, 0x0, 0x0, 0x4f, 0xfd,
    0x4f, 0xff, 0xf6, 0x0, 0x0, 0x0, 0x4f, 0xfd,
    0x4f, 0xff, 0xfe, 0x10, 0x0, 0x0, 0x4f, 0xfd,
    0x4f, 0xfc, 0xff, 0x80, 0x0, 0x0, 0x4f, 0xfd,
    0x4f, 0xf8, 0xdf, 0xf1, 0x0, 0x0, 0x4f, 0xfd,
    0x4f, 0xf9, 0x6f, 0xfa, 0x0, 0x0, 0x4f, 0xfd,
    0x4f, 0xfa, 0xd, 0xff, 0x30, 0x0, 0x4f, 0xfd,
    0x4f, 0xfb, 0x6, 0xff, 0xc0, 0x0, 0x4f, 0xfd,
    0x4f, 0xfc, 0x0, 0xdf, 0xf4, 0x0, 0x4f, 0xfd,
    0x4f, 0xfc, 0x0, 0x4f, 0xfd, 0x0, 0x4f, 0xfd,
    0x4f, 0xfc, 0x0, 0xb, 0xff, 0x60, 0x3f, 0xfd,
    0x4f, 0xfc, 0x0, 0x3, 0xff, 0xe0, 0x2f, 0xfd,
    0x4f, 0xfc, 0x0, 0x0, 0xaf, 0xf7, 0x1f, 0xfd,
    0x4f, 0xfc, 0x0, 0x0, 0x1f, 0xfe, 0xf, 0xfd,
    0x4f, 0xfc, 0x0, 0x0, 0x8, 0xff, 0x6f, 0xfd,
    0x4f, 0xfc, 0x0, 0x0, 0x0, 0xef, 0xee, 0xfd,
    0x4f, 0xfc, 0x0, 0x0, 0x0, 0x6f, 0xff, 0xfd,
    0x4f, 0xfc, 0x0, 0x0, 0x0, 0xd, 0xff, 0xfd,
    0x4f, 0xfc, 0x0, 0x0, 0x0, 0x5, 0xff, 0xfd,
    0x4f, 0xfc, 0x0, 0x0, 0x0, 0x0, 0xcf, 0xfd,

    /* U+004F "O" */
    0x0, 0x0, 0x1, 0x8c, 0xff, 0xfc, 0x82, 0x0,
    0x0, 0x0, 0x0, 0x7, 0xff, 0xff, 0xff, 0xff,
    0xf9, 0x0, 0x0, 0x0, 0xa, 0xff, 0xff, 0xfe,
    0xff, 0xff, 0xfb, 0x0, 0x0, 0x7, 0xff, 0xfd,
    0x40, 0x0, 0x3c, 0xff, 0xf9, 0x0, 0x2, 0xff,
    0xfc, 0x0, 0x0, 0x0, 0xa, 0xff, 0xf3, 0x0,
    0x9f, 0xff, 0x10, 0x0, 0x0, 0x0, 0xe, 0xff,
    0xa0, 0xe, 0xff, 0x90, 0x0, 0x0, 0x0, 0x0,
    0x7f, 0xff, 0x2, 0xff, 0xf4, 0x0, 0x0, 0x0,
    0x0, 0x2, 0xff, 0xf4, 0x5f, 0xff, 0x10, 0x0,
    0x0, 0x0, 0x0, 0xe, 0xff, 0x66, 0xff, 0xf0,
    0x0, 0x0, 0x0, 0x0, 0x0, 0xdf, 0xf8, 0x6f,
    0xfe, 0x0, 0x0, 0x0, 0x0, 0x0, 0xc, 0xff,
    0x86, 0xff, 0xf0, 0x0, 0x0, 0x0, 0x0, 0x0,
    0xdf, 0xf8, 0x4f, 0xff, 0x10, 0x0, 0x0, 0x0,
    0x0, 0xf, 0xff, 0x62, 0xff, 0xf4, 0x0, 0x0,
    0x0, 0x0, 0x2, 0xff, 0xf3, 0xe, 0xff, 0xa0,
    0x0, 0x0, 0x0, 0x0, 0x8f, 0xff, 0x0, 0x8f,
    0xff, 0x20, 0x0, 0x0, 0x0, 0x1e, 0xff, 0xa0,
    0x1, 0xff, 0xfc, 0x10, 0x0, 0x0, 0xb, 0xff,
    0xf2, 0x0, 0x6, 0xff, 0xfd, 0x50, 0x0, 0x4c,
    0xff, 0xf8, 0x0, 0x0, 0x9, 0xff, 0xff, 0xfe,
    0xff, 0xff, 0xfb, 0x0, 0x0, 0x0, 0x6, 0xff,
    0xff, 0xff, 0xff, 0xf8, 0x0, 0x0, 0x0, 0x0,
    0x1, 0x7c, 0xef, 0xfc, 0x82, 0x0, 0x0, 0x0,

    /* U+0050 "P" */
    0x4f, 0xff, 0xff, 0xff, 0xec, 0x83, 0x0, 0x4,
    0xff, 0xff, 0xff, 0xff, 0xff, 0xfa, 0x0, 0x4f,
    0xff, 0xaa, 0xab, 0xdf, 0xff, 0xfb, 0x4, 0xff,
    0xf0, 0x0, 0x0, 0x19, 0xff, 0xf5, 0x4f, 0xff,
    0x0, 0x0, 0x0, 0xb, 0xff, 0xa4, 0xff, 0xf0,
    0x0, 0x0, 0x0, 0x7f, 0xfd, 0x4f, 0xff, 0x0,
    0x0, 0x0, 0x6, 0xff, 0xd4, 0xff, 0xf0, 0x0,
    0x0, 0x0, 0x7f, 0xfc, 0x4f, 0xff, 0x0, 0x0,
    0x0, 0xd, 0xff, 0x94, 0xff, 0xf0, 0x0, 0x0,
    0x2b, 0xff, 0xf2, 0x4f, 0xff, 0xaa, 0xab, 0xdf,
    0xff, 0xf8, 0x4, 0xff, 0xff, 0xff, 0xff, 0xff,
    0xf7, 0x0, 0x4f, 0xff, 0xff, 0xff, 0xec, 0x71,
    0x0, 0x4, 0xff, 0xf0, 0x0, 0x0, 0x0, 0x0,
    0x0, 0x4f, 0xff, 0x0, 0x0, 0x0, 0x0, 0x0,
    0x4, 0xff, 0xf0, 0x0, 0x0, 0x0, 0x0, 0x0,
    0x4f, 0xff, 0x0, 0x0, 0x0, 0x0, 0x0, 0x4,
    0xff, 0xf0, 0x0, 0x0, 0x0, 0x0, 0x0, 0x4f,
    0xff, 0x0, 0x0, 0x0, 0x0, 0x0, 0x4, 0xff,
    0xf0, 0x0, 0x0, 0x0, 0x0, 0x0, 0x4f, 0xff,
    0x0, 0x0, 0x0, 0x0, 0x0, 0x0,

    /* U+0051 "Q" */
    0x0, 0x0, 0x1, 0x8c, 0xff, 0xfc, 0x82, 0x0,
    0x0, 0x0, 0x0, 0x0, 0x7f, 0xff, 0xff, 0xff,
    0xff, 0x90, 0x0, 0x0, 0x0, 0xa, 0xff, 0xff,
    0xfe, 0xff, 0xff, 0xfb, 0x0, 0x0, 0x0, 0x7f,
    0xff, 0xd4, 0x0, 0x3, 0xcf, 0xff, 0x90, 0x0,
    0x2, 0xff, 0xfc, 0x0, 0x0, 0x0, 0xa, 0xff,
    0xf3, 0x0, 0x9, 0xff, 0xf1, 0x0, 0x0, 0x0,
    0x0, 0xef, 0xfa, 0x0, 0xe, 0xff, 0x90, 0x0,
    0x0, 0x0, 0x0, 0x7f, 0xff, 0x0, 0x2f, 0xff,
    0x40, 0x0, 0x0, 0x0, 0x0, 0x2f, 0xff, 0x40,
    0x5f, 0xff, 0x10, 0x0, 0x0, 0x0, 0x0, 0xe,
    0xff, 0x60, 0x6f, 0xff, 0x0, 0x0, 0x0, 0x0,
    0x0, 0xd, 0xff, 0x80, 0x6f, 0xfe, 0x0, 0x0,
    0x0, 0x0, 0x0, 0xc, 0xff, 0x80, 0x6f, 0xff,
    0x0, 0x0, 0x0, 0x0, 0x0, 0xd, 0xff, 0x80,
    0x4f, 0xff, 0x10, 0x0, 0x0, 0x0, 0x0, 0xf,
    0xff, 0x60, 0x2f, 0xff, 0x40, 0x0, 0x0, 0x0,
    0x0, 0x2f, 0xff, 0x30, 0xe, 0xff, 0x90, 0x0,
    0x0, 0x0, 0x0, 0x7f, 0xff, 0x0, 0x8, 0xff,
    0xf1, 0x0, 0x0, 0x0, 0x0, 0xef, 0xfa, 0x0,
    0x1, 0xff, 0xfb, 0x0, 0x0, 0x0, 0x9, 0xff,
    0xf2, 0x0, 0x0, 0x6f, 0xff, 0xc2, 0x0, 0x2,
    0xbf, 0xff, 0x80, 0x0, 0x0, 0x9, 0xff, 0xff,
    0xdc, 0xdf, 0xff, 0xfb, 0x0, 0x0, 0x0, 0x0,
    0x6f, 0xff, 0xff, 0xff, 0xff, 0x80, 0x0, 0x0,
    0x0, 0x0, 0x1, 0x7c, 0xff, 0xfe, 0x82, 0x0,
    0x0, 0x0, 0x0, 0x0, 0x0, 0x0, 0xaf, 0xfe,
    0x10, 0x0, 0x0, 0x0, 0x0, 0x0, 0x0, 0x0,
    0x1e, 0xff, 0xe5, 0x0, 0x0, 0x0, 0x0, 0x0,
    0x0, 0x0, 0x3, 0xff, 0xff, 0xfc, 0xbc, 0xb0,
    0x0, 0x0, 0x0, 0x0, 0x0, 0x3d, 0xff, 0xff,
    0xff, 0xf0, 0x0, 0x0, 0x0, 0x0, 0x0, 0x0,
    0x5a, 0xef, 0xfe, 0xa1,

    /* U+0052 "R" */
    0x4f, 0xff, 0xff, 0xff, 0xfd, 0xa4, 0x0, 0x0,
    0x4f, 0xff, 0xff, 0xff, 0xff, 0xff, 0xc1, 0x0,
    0x4f, 0xff, 0xaa, 0xab, 0xcf, 0xff, 0xfd, 0x0,
    0x4f, 0xff, 0x0, 0x0, 0x0, 0x7f, 0xff, 0x70,
    0x4f, 0xff, 0x0, 0x0, 0x0, 0xa, 0xff, 0xb0,
    0x4f, 0xff, 0x0, 0x0, 0x0, 0x5, 0xff, 0xd0,
    0x4f, 0xff, 0x0, 0x0, 0x0, 0x5, 0xff, 0xe0,
    0x4f, 0xff, 0x0, 0x0, 0x0, 0x8, 0xff, 0xc0,
    0x4f, 0xff, 0x0, 0x0, 0x0, 0x1e, 0xff, 0x80,
    0x4f, 0xff, 0x0, 0x0, 0x26, 0xef, 0xff, 0x20,
    0x4f, 0xff, 0xff, 0xff, 0xff, 0xff, 0xf5, 0x0,
    0x4f, 0xff, 0xff, 0xff, 0xff, 0xfd, 0x40, 0x0,
    0x4f, 0xff, 0xaa, 0xad, 0xff, 0xd0, 0x0, 0x0,
    0x4f, 0xff, 0x0, 0x3, 0xff, 0xf5, 0x0, 0x0,
    0x4f, 0xff, 0x0, 0x0, 0xaf, 0xfe, 0x0, 0x0,
    0x4f, 0xff, 0x0, 0x0, 0x1f, 0xff, 0x70, 0x0,
    0x4f, 0xff, 0x0, 0x0, 0x8, 0xff, 0xf1, 0x0,
    0x4f, 0xff, 0x0, 0x0, 0x0, 0xef, 0xfa, 0x0,
    0x4f, 0xff, 0x0, 0x0, 0x0, 0x6f, 0xff, 0x30,
    0x4f, 0xff, 0x0, 0x0, 0x0, 0xd, 0xff, 0xc0,
    0x4f, 0xff, 0x0, 0x0, 0x0, 0x4, 0xff, 0xf5,

    /* U+0053 "S" */
    0x0, 0x0, 0x4a, 0xef, 0xfd, 0x93, 0x0, 0x0,
    0x0, 0xbf, 0xff, 0xff, 0xff, 0xfb, 0x10, 0x0,
    0xcf, 0xff, 0xfe, 0xef, 0xff, 0xfe, 0x0, 0x5f,
    0xff, 0x81, 0x0, 0x6, 0xdf, 0x70, 0xb, 0xff,
    0xb0, 0x0, 0x0, 0x0, 0x60, 0x0, 0xcf, 0xf8,
    0x0, 0x0, 0x0, 0x0, 0x0, 0xb, 0xff, 0xc0,
    0x0, 0x0, 0x0, 0x0, 0x0, 0x7f, 0xff, 0xa1,
    0x0, 0x0, 0x0, 0x0, 0x0, 0xdf, 0xff, 0xfa,
    0x30, 0x0, 0x0, 0x0, 0x1, 0xcf, 0xff, 0xff,
    0xc6, 0x0, 0x0, 0x0, 0x0, 0x6d, 0xff, 0xff,
    0xfe, 0x50, 0x0, 0x0, 0x0, 0x4, 0xbf, 0xff,
    0xff, 0x70, 0x0, 0x0, 0x0, 0x0, 0x29, 0xff,
    0xff, 0x30, 0x0, 0x0, 0x0, 0x0, 0x3, 0xff,
    0xfa, 0x0, 0x0, 0x0, 0x0, 0x0, 0x9, 0xff,
    0xc0, 0x0, 0x0, 0x0, 0x0, 0x0, 0x8f, 0xfd,
    0x8, 0xd3, 0x0, 0x0, 0x0, 0xc, 0xff, 0xa5,
    0xff, 0xfa, 0x40, 0x0, 0x2b, 0xff, 0xf4, 0x3e,
    0xff, 0xff, 0xfe, 0xff, 0xff, 0xfa, 0x0, 0x1a,
    0xff, 0xff, 0xff, 0xff, 0xf9, 0x0, 0x0, 0x2,
    0x8c, 0xef, 0xfd, 0x92, 0x0, 0x0,

    /* U+0054 "T" */
    0x2f, 0xff, 0xff, 0xff, 0xff, 0xff, 0xff, 0xff,
    0x32, 0xff, 0xff, 0xff, 0xff, 0xff, 0xff, 0xff,
    0xf3, 0x1c, 0xcc, 0xcc, 0xcf, 0xff, 0xdc, 0xcc,
    0xcc, 0x20, 0x0, 0x0, 0x1, 0xff, 0xf3, 0x0,
    0x0, 0x0, 0x0, 0x0, 0x0, 0x1f, 0xff, 0x30,
    0x0, 0x0, 0x0, 0x0, 0x0, 0x1, 0xff, 0xf3,
    0x0, 0x0, 0x0, 0x0, 0x0, 0x0, 0x1f, 0xff,
    0x30, 0x0, 0x0, 0x0, 0x0, 0x0, 0x1, 0xff,
    0xf3, 0x0, 0x0, 0x0, 0x0, 0x0, 0x0, 0x1f,
    0xff, 0x30, 0x0, 0x0, 0x0, 0x0, 0x0, 0x1,
    0xff, 0xf3, 0x0, 0x0, 0x0, 0x0, 0x0, 0x0,
    0x1f, 0xff, 0x30, 0x0, 0x0, 0x0, 0x0, 0x0,
    0x1, 0xff, 0xf3, 0x0, 0x0, 0x0, 0x0, 0x0,
    0x0, 0x1f, 0xff, 0x30, 0x0, 0x0, 0x0, 0x0,
    0x0, 0x1, 0xff, 0xf3, 0x0, 0x0, 0x0, 0x0,
    0x0, 0x0, 0x1f, 0xff, 0x30, 0x0, 0x0, 0x0,
    0x0, 0x0, 0x1, 0xff, 0xf3, 0x0, 0x0, 0x0,
    0x0, 0x0, 0x0, 0x1f, 0xff, 0x30, 0x0, 0x0,
    0x0, 0x0, 0x0, 0x1, 0xff, 0xf3, 0x0, 0x0,
    0x0, 0x0, 0x0, 0x0, 0x1f, 0xff, 0x30, 0x0,
    0x0, 0x0, 0x0, 0x0, 0x1, 0xff, 0xf3, 0x0,
    0x0, 0x0, 0x0, 0x0, 0x0, 0x1f, 0xff, 0x30,
    0x0, 0x0, 0x0,

    /* U+0055 "U" */
    0x6f, 0xfd, 0x0, 0x0, 0x0, 0x0, 0x3f, 0xfe,
    0x6f, 0xfd, 0x0, 0x0, 0x0, 0x0, 0x3f, 0xfe,
    0x6f, 0xfd, 0x0, 0x0, 0x0, 0x0, 0x3f, 0xfe,
    0x6f, 0xfd, 0x0, 0x0, 0x0, 0x0, 0x3f, 0xfe,
    0x6f, 0xfd, 0x0, 0x0, 0x0, 0x0, 0x3f, 0xfe,
    0x6f, 0xfd, 0x0, 0x0, 0x0, 0x0, 0x3f, 0xfe,
    0x6f, 0xfd, 0x0, 0x0, 0x0, 0x0, 0x3f, 0xfe,
    0x6f, 0xfd, 0x0, 0x0, 0x0, 0x0, 0x3f, 0xfe,
    0x6f, 0xfd, 0x0, 0x0, 0x0, 0x0, 0x3f, 0xfe,
    0x6f, 0xfd, 0x0, 0x0, 0x0, 0x0, 0x3f, 0xfe,
    0x6f, 0xfd, 0x0, 0x0, 0x0, 0x0, 0x3f, 0xfe,
    0x6f, 0xfd, 0x0, 0x0, 0x0, 0x0, 0x3f, 0xfe,
    0x5f, 0xfe, 0x0, 0x0, 0x0, 0x0, 0x3f, 0xfe,
    0x5f, 0xff, 0x0, 0x0, 0x0, 0x0, 0x4f, 0xfd,
    0x3f, 0xff, 0x10, 0x0, 0x0, 0x0, 0x7f, 0xfb,
    0xf, 0xff, 0x60, 0x0, 0x0, 0x0, 0xcf, 0xf8,
    0xa, 0xff, 0xe0, 0x0, 0x0, 0x5, 0xff, 0xf3,
    0x3, 0xff, 0xfc, 0x30, 0x0, 0x6f, 0xff, 0xc0,
    0x0, 0x9f, 0xff, 0xff, 0xef, 0xff, 0xff, 0x20,
    0x0, 0x9, 0xff, 0xff, 0xff, 0xff, 0xe3, 0x0,
    0x0, 0x0, 0x39, 0xdf, 0xfe, 0xc7, 0x0, 0x0,

    /* U+0056 "V" */
    0xe, 0xff, 0x80, 0x0, 0x0, 0x0, 0x0, 0xcf,
    0xf9, 0x9, 0xff, 0xd0, 0x0, 0x0, 0x0, 0x0,
    0xff, 0xf4, 0x4, 0xff, 0xf1, 0x0, 0x0, 0x0,
    0x4, 0xff, 0xe0, 0x0, 0xff, 0xf5, 0x0, 0x0,
    0x0, 0x9, 0xff, 0xa0, 0x0, 0xaf, 0xfa, 0x0,
    0x0, 0x0, 0xd, 0xff, 0x50, 0x0, 0x5f, 0xfe,
    0x0, 0x0, 0x0, 0x2f, 0xff, 0x0, 0x0, 0x1f,
    0xff, 0x30, 0x0, 0x0, 0x6f, 0xfb, 0x0, 0x0,
    0xc, 0xff, 0x70, 0x0, 0x0, 0xbf, 0xf6, 0x0,
    0x0, 0x7, 0xff, 0xc0, 0x0, 0x0, 0xff, 0xf1,
    0x0, 0x0, 0x2, 0xff, 0xf1, 0x0, 0x4, 0xff,
    0xc0, 0x0, 0x0, 0x0, 0xdf, 0xf5, 0x0, 0x8,
    0xff, 0x70, 0x0, 0x0, 0x0, 0x8f, 0xf9, 0x0,
    0xd, 0xff, 0x20, 0x0, 0x0, 0x0, 0x3f, 0xfe,
    0x0, 0x1f, 0xfd, 0x0, 0x0, 0x0, 0x0, 0xe,
    0xff, 0x20, 0x5f, 0xf8, 0x0, 0x0, 0x0, 0x0,
    0x9, 0xff, 0x60, 0xaf, 0xf4, 0x0, 0x0, 0x0,
    0x0, 0x4, 0xff, 0xb0, 0xef, 0xe0, 0x0, 0x0,
    0x0, 0x0, 0x0, 0xff, 0xf3, 0xff, 0xa0, 0x0,
    0x0, 0x0, 0x0, 0x0, 0xaf, 0xfb, 0xff, 0x50,
    0x0, 0x0, 0x0, 0x0, 0x0, 0x5f, 0xff, 0xff,
    0x0, 0x0, 0x0, 0x0, 0x0, 0x0, 0x1f, 0xff,
    0xfb, 0x0, 0x0, 0x0, 0x0, 0x0, 0x0, 0xb,
    0xff, 0xf6, 0x0, 0x0, 0x0,

    /* U+0057 "W" */
    0x4f, 0xff, 0x0, 0x0, 0x0, 0xf, 0xff, 0x30,
    0x0, 0x0, 0xd, 0xff, 0x41, 0xff, 0xf3, 0x0,
    0x0, 0x3, 0xff, 0xf6, 0x0, 0x0, 0x0, 0xff,
    0xf1, 0xd, 0xff, 0x60, 0x0, 0x0, 0x6f, 0xff,
    0xa0, 0x0, 0x0, 0x3f, 0xfe, 0x0, 0xaf, 0xf9,
    0x0, 0x0, 0xa, 0xff, 0xfe, 0x0, 0x0, 0x6,
    0xff, 0xa0, 0x7, 0xff, 0xc0, 0x0, 0x0, 0xef,
    0xef, 0xf2, 0x0, 0x0, 0x8f, 0xf7, 0x0, 0x4f,
    0xff, 0x0, 0x0, 0x2f, 0xf8, 0xff, 0x60, 0x0,
    0xb, 0xff, 0x40, 0x1, 0xff, 0xf1, 0x0, 0x6,
    0xff, 0x2f, 0xfa, 0x0, 0x0, 0xef, 0xf1, 0x0,
    0xd, 0xff, 0x40, 0x0, 0xaf, 0xd0, 0xdf, 0xe0,
    0x0, 0x1f, 0xfe, 0x0, 0x0, 0xaf, 0xf7, 0x0,
    0xe, 0xfa, 0xa, 0xff, 0x20, 0x4, 0xff, 0xb0,
    0x0, 0x7, 0xff, 0xa0, 0x1, 0xff, 0x70, 0x6f,
    0xf6, 0x0, 0x7f, 0xf8, 0x0, 0x0, 0x4f, 0xfd,
    0x0, 0x5f, 0xf3, 0x3, 0xff, 0x90, 0xa, 0xff,
    0x50, 0x0, 0x1, 0xff, 0xf0, 0x9, 0xff, 0x0,
    0xf, 0xfd, 0x0, 0xcf, 0xf2, 0x0, 0x0, 0xe,
    0xff, 0x20, 0xcf, 0xb0, 0x0, 0xbf, 0xf0, 0xf,
    0xff, 0x0, 0x0, 0x0, 0xaf, 0xf5, 0xf, 0xf8,
    0x0, 0x7, 0xff, 0x41, 0xff, 0xb0, 0x0, 0x0,
    0x7, 0xff, 0x83, 0xff, 0x40, 0x0, 0x3f, 0xf7,
    0x3f, 0xf8, 0x0, 0x0, 0x0, 0x4f, 0xfa, 0x6f,
    0xf0, 0x0, 0x0, 0xff, 0xa6, 0xff, 0x50, 0x0,
    0x0, 0x1, 0xff, 0xda, 0xfd, 0x0, 0x0, 0xc,
    0xfd, 0x9f, 0xf2, 0x0, 0x0, 0x0, 0xe, 0xff,
    0xdf, 0x90, 0x0, 0x0, 0x8f, 0xfd, 0xff, 0x0,
    0x0, 0x0, 0x0, 0xaf, 0xff, 0xf5, 0x0, 0x0,
    0x4, 0xff, 0xff, 0xc0, 0x0, 0x0, 0x0, 0x7,
    0xff, 0xff, 0x10, 0x0, 0x0, 0x1f, 0xff, 0xf9,
    0x0, 0x0, 0x0, 0x0, 0x4f, 0xff, 0xe0, 0x0,
    0x0, 0x0, 0xdf, 0xff, 0x60, 0x0, 0x0,

    /* U+0058 "X" */
    0xe, 0xff, 0xa0, 0x0, 0x0, 0x0, 0xcf, 0xf9,
    0x0, 0x5f, 0xff, 0x30, 0x0, 0x0, 0x4f, 0xff,
    0x10, 0x0, 0xdf, 0xfb, 0x0, 0x0, 0xc, 0xff,
    0x80, 0x0, 0x4, 0xff, 0xf3, 0x0, 0x4, 0xff,
    0xe1, 0x0, 0x0, 0xb, 0xff, 0xb0, 0x0, 0xcf,
    0xf7, 0x0, 0x0, 0x0, 0x3f, 0xff, 0x30, 0x3f,
    0xfe, 0x0, 0x0, 0x0, 0x0, 0xaf, 0xfb, 0xa,
    0xff, 0x60, 0x0, 0x0, 0x0, 0x2, 0xff, 0xf5,
    0xff, 0xd0, 0x0, 0x0, 0x0, 0x0, 0x8, 0xff,
    0xff, 0xf5, 0x0, 0x0, 0x0, 0x0, 0x0, 0x1e,
    0xff, 0xfc, 0x0, 0x0, 0x0, 0x0, 0x0, 0x0,
    0xdf, 0xff, 0x80, 0x0, 0x0, 0x0, 0x0, 0x0,
    0x5f, 0xff, 0xff, 0x10, 0x0, 0x0, 0x0, 0x0,
    0xe, 0xff, 0xcf, 0xf9, 0x0, 0x0, 0x0, 0x0,
    0x7, 0xff, 0x93, 0xff, 0xf2, 0x0, 0x0, 0x0,
    0x1, 0xef, 0xf2, 0xb, 0xff, 0xa0, 0x0, 0x0,
    0x0, 0x8f, 0xfa, 0x0, 0x3f, 0xff, 0x30, 0x0,
    0x0, 0x1f, 0xff, 0x20, 0x0, 0xbf, 0xfc, 0x0,
    0x0, 0xa, 0xff, 0xa0, 0x0, 0x2, 0xff, 0xf5,
    0x0, 0x3, 0xff, 0xf2, 0x0, 0x0, 0xa, 0xff,
    0xd0, 0x0, 0xbf, 0xfa, 0x0, 0x0, 0x0, 0x2f,
    0xff, 0x70, 0x4f, 0xff, 0x20, 0x0, 0x0, 0x0,
    0x9f, 0xfe, 0x10,

    /* U+0059 "Y" */
    0xd, 0xff, 0x90, 0x0, 0x0, 0x0, 0x1f, 0xff,
    0x50, 0x5f, 0xff, 0x10, 0x0, 0x0, 0x7, 0xff,
    0xd0, 0x0, 0xef, 0xf7, 0x0, 0x0, 0x0, 0xef,
    0xf6, 0x0, 0x6, 0xff, 0xd0, 0x0, 0x0, 0x5f,
    0xfe, 0x0, 0x0, 0xe, 0xff, 0x40, 0x0, 0xc,
    0xff, 0x60, 0x0, 0x0, 0x7f, 0xfb, 0x0, 0x3,
    0xff, 0xe0, 0x0, 0x0, 0x1, 0xff, 0xf2, 0x0,
    0x9f, 0xf7, 0x0, 0x0, 0x0, 0x8, 0xff, 0x80,
    0x1f, 0xff, 0x10, 0x0, 0x0, 0x0, 0x1f, 0xfe,
    0x7, 0xff, 0x80, 0x0, 0x0, 0x0, 0x0, 0x9f,
    0xf6, 0xdf, 0xf1, 0x0, 0x0, 0x0, 0x0, 0x2,
    0xff, 0xff, 0xf9, 0x0, 0x0, 0x0, 0x0, 0x0,
    0xa, 0xff, 0xff, 0x20, 0x0, 0x0, 0x0, 0x0,
    0x0, 0x2f, 0xff, 0xa0, 0x0, 0x0, 0x0, 0x0,
    0x0, 0x0, 0xef, 0xf5, 0x0, 0x0, 0x0, 0x0,
    0x0, 0x0, 0xe, 0xff, 0x50, 0x0, 0x0, 0x0,
    0x0, 0x0, 0x0, 0xef, 0xf5, 0x0, 0x0, 0x0,
    0x0, 0x0, 0x0, 0xe, 0xff, 0x50, 0x0, 0x0,
    0x0, 0x0, 0x0, 0x0, 0xef, 0xf5, 0x0, 0x0,
    0x0, 0x0, 0x0, 0x0, 0xe, 0xff, 0x50, 0x0,
    0x0, 0x0, 0x0, 0x0, 0x0, 0xef, 0xf5, 0x0,
    0x0, 0x0, 0x0, 0x0, 0x0, 0xe, 0xff, 0x50,
    0x0, 0x0, 0x0,

    /* U+005A "Z" */
    0xb, 0xff, 0xff, 0xff, 0xff, 0xff, 0xff, 0xa0,
    0xbf, 0xff, 0xff, 0xff, 0xff, 0xff, 0xfa, 0x9,
    0xcc, 0xcc, 0xcc, 0xcc, 0xef, 0xff, 0x50, 0x0,
    0x0, 0x0, 0x0, 0xd, 0xff, 0xb0, 0x0, 0x0,
    0x0, 0x0, 0x7, 0xff, 0xf1, 0x0, 0x0, 0x0,
    0x0, 0x2, 0xff, 0xf6, 0x0, 0x0, 0x0, 0x0,
    0x0, 0xbf, 0xfc, 0x0, 0x0, 0x0, 0x0, 0x0,
    0x6f, 0xff, 0x20, 0x0, 0x0, 0x0, 0x0, 0x1e,
    0xff, 0x80, 0x0, 0x0, 0x0, 0x0, 0xa, 0xff,
    0xd0, 0x0, 0x0, 0x0, 0x0, 0x4, 0xff, 0xf3,
    0x0, 0x0, 0x0, 0x0, 0x0, 0xdf, 0xf9, 0x0,
    0x0, 0x0, 0x0, 0x0, 0x8f, 0xfe, 0x10, 0x0,
    0x0, 0x0, 0x0, 0x3f, 0xff, 0x50, 0x0, 0x0,
    0x0, 0x0, 0xc, 0xff, 0xb0, 0x0, 0x0, 0x0,
    0x0, 0x7, 0xff, 0xf1, 0x0, 0x0, 0x0, 0x0,
    0x2, 0xff, 0xf6, 0x0, 0x0, 0x0, 0x0, 0x0,
    0xbf, 0xfc, 0x0, 0x0, 0x0, 0x0, 0x0, 0x5f,
    0xff, 0xed, 0xdd, 0xdd, 0xdd, 0xdd, 0x9b, 0xff,
    0xff, 0xff, 0xff, 0xff, 0xff, 0xfc, 0xbf, 0xff,
    0xff, 0xff, 0xff, 0xff, 0xff, 0xc0,

    /* U+005B "[" */
    0x1f, 0xff, 0xff, 0xd1, 0xff, 0xed, 0xdb, 0x1f,
    0xf5, 0x0, 0x1, 0xff, 0x50, 0x0, 0x1f, 0xf5,
    0x0, 0x1, 0xff, 0x50, 0x0, 0x1f, 0xf5, 0x0,
    0x1, 0xff, 0x50, 0x0, 0x1f, 0xf5, 0x0, 0x1,
    0xff, 0x50, 0x0, 0x1f, 0xf5, 0x0, 0x1, 0xff,
    0x50, 0x0, 0x1f, 0xf5, 0x0, 0x1, 0xff, 0x50,
    0x0, 0x1f, 0xf5, 0x0, 0x1, 0xff, 0x50, 0x0,
    0x1f, 0xf5, 0x0, 0x1, 0xff, 0x50, 0x0, 0x1f,
    0xf5, 0x0, 0x1, 0xff, 0x50, 0x0, 0x1f, 0xf5,
    0x0, 0x1, 0xff, 0x50, 0x0, 0x1f, 0xf5, 0x0,
    0x1, 0xff, 0x50, 0x0, 0x1f, 0xf5, 0x0, 0x1,
    0xff, 0x50, 0x0, 0x1f, 0xff, 0xff, 0xd1, 0xdd,
    0xdd, 0xdb,

    /* U+005C "\\" */
    0x4f, 0xe0, 0x0, 0x0, 0x0, 0x0, 0xff, 0x30,
    0x0, 0x0, 0x0, 0xb, 0xf7, 0x0, 0x0, 0x0,
    0x0, 0x7f, 0xc0, 0x0, 0x0, 0x0, 0x2, 0xff,
    0x0, 0x0, 0x0, 0x0, 0xe, 0xf5, 0x0, 0x0,
    0x0, 0x0, 0x9f, 0x90, 0x0, 0x0, 0x0, 0x5,
    0xfe, 0x0, 0x0, 0x0, 0x0, 0x1f, 0xf2, 0x0,
    0x0, 0x0, 0x0, 0xcf, 0x60, 0x0, 0x0, 0x0,
    0x8, 0xfb, 0x0, 0x0, 0x0, 0x0, 0x3f, 0xf0,
    0x0, 0x0, 0x0, 0x0, 0xef, 0x40, 0x0, 0x0,
    0x0, 0xa, 0xf8, 0x0, 0x0, 0x0, 0x0, 0x6f,
    0xd0, 0x0, 0x0, 0x0, 0x1, 0xff, 0x10, 0x0,
    0x0, 0x0, 0xd, 0xf5, 0x0, 0x0, 0x0, 0x0,
    0x9f, 0xa0, 0x0, 0x0, 0x0, 0x4, 0xfe, 0x0,
    0x0, 0x0, 0x0, 0xf, 0xf3, 0x0, 0x0, 0x0,
    0x0, 0xbf, 0x70, 0x0, 0x0, 0x0, 0x7, 0xfc,
    0x0, 0x0, 0x0, 0x0, 0x2f, 0xf0, 0x0, 0x0,
    0x0, 0x0, 0xef, 0x50, 0x0, 0x0, 0x0, 0xa,
    0xf9, 0x0, 0x0, 0x0, 0x0, 0x5f, 0xd0, 0x0,
    0x0, 0x0, 0x1, 0xff, 0x20, 0x0, 0x0, 0x0,
    0xc, 0xf6,

    /* U+005D "]" */
    0xef, 0xff, 0xff, 0x1b, 0xdd, 0xef, 0xf1, 0x0,
    0x6, 0xff, 0x10, 0x0, 0x6f, 0xf1, 0x0, 0x6,
    0xff, 0x10, 0x0, 0x6f, 0xf1, 0x0, 0x6, 0xff,
    0x10, 0x0, 0x6f, 0xf1, 0x0, 0x6, 0xff, 0x10,
    0x0, 0x6f, 0xf1, 0x0, 0x6, 0xff, 0x10, 0x0,
    0x6f, 0xf1, 0x0, 0x6, 0xff, 0x10, 0x0, 0x6f,
    0xf1, 0x0, 0x6, 0xff, 0x10, 0x0, 0x6f, 0xf1,
    0x0, 0x6, 0xff, 0x10, 0x0, 0x6f, 0xf1, 0x0,
    0x6, 0xff, 0x10, 0x0, 0x6f, 0xf1, 0x0, 0x6,
    0xff, 0x10, 0x0, 0x6f, 0xf1, 0x0, 0x6, 0xff,
    0x10, 0x0, 0x6f, 0xf1, 0x0, 0x6, 0xff, 0x10,
    0x0, 0x6f, 0xf1, 0xef, 0xff, 0xff, 0x1b, 0xdd,
    0xdd, 0xd0,

    /* U+005E "^" */
    0x0, 0x0, 0x3, 0x88, 0x30, 0x0, 0x0, 0x0,
    0x0, 0xc, 0xff, 0xb0, 0x0, 0x0, 0x0, 0x0,
    0x2f, 0xff, 0xf2, 0x0, 0x0, 0x0, 0x0, 0x8f,
    0xef, 0xf8, 0x0, 0x0, 0x0, 0x0, 0xef, 0x99,
    0xfe, 0x0, 0x0, 0x0, 0x5, 0xff, 0x34, 0xff,
    0x40, 0x0, 0x0, 0xb, 0xfe, 0x0, 0xef, 0xa0,
    0x0, 0x0, 0x1f, 0xf8, 0x0, 0x9f, 0xf1, 0x0,
    0x0, 0x7f, 0xf2, 0x0, 0x3f, 0xf7, 0x0, 0x0,
    0xdf, 0xc0, 0x0, 0xd, 0xfd, 0x0, 0x3, 0xff,
    0x70, 0x0, 0x7, 0xff, 0x30, 0xa, 0xff, 0x10,
    0x0, 0x2, 0xff, 0x90, 0xf, 0xfb, 0x0, 0x0,
    0x0, 0xcf, 0xf0,

    /* U+005F "_" */
    0x0, 0x0, 0x0, 0x0, 0x0, 0x0, 0x0, 0x0,
    0x9f, 0xff, 0xff, 0xff, 0xff, 0xff, 0xff, 0xf6,
    0x9f, 0xff, 0xff, 0xff, 0xff, 0xff, 0xff, 0xf6,

    /* U+0060 "`" */
    0x0, 0x10, 0x0, 0x0, 0x2, 0xe9, 0x0, 0x0,
    0x1e, 0xff, 0x60, 0x0, 0x9, 0xff, 0xf4, 0x0,
    0x0, 0x9f, 0xfe, 0x20, 0x0, 0x8, 0xff, 0xd1,
    0x0, 0x0, 0x7f, 0xe2, 0x0, 0x0, 0x6, 0x20,

    /* U+0061 "a" */
    0x0, 0x2, 0x8c, 0xff, 0xea, 0x30, 0x0, 0x2b,
    0xff, 0xff, 0xff, 0xff, 0x50, 0x9, 0xff, 0xfd,
    0xbb, 0xff, 0xff, 0x10, 0x1e, 0x92, 0x0, 0x2,
    0xef, 0xf8, 0x0, 0x0, 0x0, 0x0, 0x7, 0xff,
    0xc0, 0x0, 0x0, 0x0, 0x0, 0x5f, 0xfe, 0x0,
    0x0, 0x5, 0x9c, 0xef, 0xff, 0xf0, 0x1, 0x9f,
    0xff, 0xff, 0xff, 0xff, 0x3, 0xef, 0xfe, 0x95,
    0x24, 0xff, 0xf0, 0xef, 0xf9, 0x0, 0x0, 0x4f,
    0xff, 0x5f, 0xfc, 0x0, 0x0, 0x4, 0xff, 0xf7,
    0xff, 0xa0, 0x0, 0x0, 0x5f, 0xff, 0x5f, 0xfe,
    0x10, 0x0, 0x6f, 0xff, 0xf1, 0xff, 0xff, 0xaa,
    0xef, 0xff, 0xff, 0x6, 0xff, 0xff, 0xff, 0xe4,
    0xdf, 0xf0, 0x4, 0xcf, 0xfd, 0x70, 0xb, 0xff,

    /* U+0062 "b" */
    0x9f, 0xfa, 0x0, 0x0, 0x0, 0x0, 0x0, 0x9,
    0xff, 0xa0, 0x0, 0x0, 0x0, 0x0, 0x0, 0x9f,
    0xfa, 0x0, 0x0, 0x0, 0x0, 0x0, 0x9, 0xff,
    0xa0, 0x0, 0x0, 0x0, 0x0, 0x0, 0x9f, 0xfa,
    0x0, 0x0, 0x0, 0x0, 0x0, 0x9, 0xff, 0xa0,
    0x0, 0x0, 0x0, 0x0, 0x0, 0x9f, 0xfa, 0x0,
    0x0, 0x0, 0x0, 0x0, 0x9, 0xff, 0x90, 0x4b,
    0xff, 0xd8, 0x10, 0x0, 0x9f, 0xfa, 0xbf, 0xff,
    0xff, 0xfe, 0x20, 0x9, 0xff, 0xff, 0xfd, 0xce,
    0xff, 0xfd, 0x0, 0x9f, 0xff, 0xc3, 0x0, 0x7,
    0xff, 0xf6, 0x9, 0xff, 0xc0, 0x0, 0x0, 0xb,
    0xff, 0xc0, 0x9f, 0xfa, 0x0, 0x0, 0x0, 0x5f,
    0xff, 0x9, 0xff, 0xa0, 0x0, 0x0, 0x2, 0xff,
    0xf2, 0x9f, 0xfa, 0x0, 0x0, 0x0, 0x1f, 0xff,
    0x39, 0xff, 0xa0, 0x0, 0x0, 0x2, 0xff, 0xf3,
    0x9f, 0xfa, 0x0, 0x0, 0x0, 0x4f, 0xff, 0x19,
    0xff, 0xa0, 0x0, 0x0, 0x8, 0xff, 0xe0, 0x9f,
    0xfa, 0x0, 0x0, 0x1, 0xef, 0xf9, 0x9, 0xff,
    0xf8, 0x0, 0x2, 0xcf, 0xff, 0x20, 0x9f, 0xff,
    0xff, 0xcc, 0xff, 0xff, 0x70, 0x9, 0xff, 0x7e,
    0xff, 0xff, 0xff, 0x80, 0x0, 0x9f, 0xf0, 0x18,
    0xdf, 0xea, 0x30, 0x0, 0x0,

    /* U+0063 "c" */
    0x0, 0x0, 0x39, 0xdf, 0xfd, 0x70, 0x0, 0x0,
    0x9f, 0xff, 0xff, 0xff, 0xe2, 0x0, 0xbf, 0xff,
    0xfc, 0xbf, 0xfd, 0x10, 0x7f, 0xff, 0xa1, 0x0,
    0x9, 0x30, 0xf, 0xff, 0xb0, 0x0, 0x0, 0x0,
    0x5, 0xff, 0xf2, 0x0, 0x0, 0x0, 0x0, 0x8f,
    0xfd, 0x0, 0x0, 0x0, 0x0, 0xa, 0xff, 0xb0,
    0x0, 0x0, 0x0, 0x0, 0xaf, 0xfb, 0x0, 0x0,
    0x0, 0x0, 0x8, 0xff, 0xd0, 0x0, 0x0, 0x0,
    0x0, 0x5f, 0xff, 0x20, 0x0, 0x0, 0x0, 0x1,
    0xff, 0xfa, 0x0, 0x0, 0x0, 0x0, 0x8, 0xff,
    0xf9, 0x0, 0x0, 0x7b, 0x0, 0xc, 0xff, 0xff,
    0xcc, 0xff, 0xf6, 0x0, 0x1b, 0xff, 0xff, 0xff,
    0xfe, 0x30, 0x0, 0x4, 0xbe, 0xff, 0xc7, 0x0,

    /* U+0064 "d" */
    0x0, 0x0, 0x0, 0x0, 0x0, 0xf, 0xff, 0x30,
    0x0, 0x0, 0x0, 0x0, 0x0, 0xff, 0xf3, 0x0,
    0x0, 0x0, 0x0, 0x0, 0xf, 0xff, 0x30, 0x0,
    0x0, 0x0, 0x0, 0x0, 0xff, 0xf3, 0x0, 0x0,
    0x0, 0x0, 0x0, 0xf, 0xff, 0x30, 0x0, 0x0,
    0x0, 0x0, 0x0, 0xff, 0xf3, 0x0, 0x0, 0x0,
    0x0, 0x0, 0xf, 0xff, 0x30, 0x0, 0x6, 0xcf,
    0xfc, 0x60, 0xef, 0xf3, 0x0, 0x1c, 0xff, 0xff,
    0xff, 0xbe, 0xff, 0x30, 0xd, 0xff, 0xfe, 0xcd,
    0xff, 0xff, 0xf3, 0x8, 0xff, 0xf8, 0x0, 0x2,
    0xbf, 0xff, 0x30, 0xff, 0xfa, 0x0, 0x0, 0x0,
    0xff, 0xf3, 0x4f, 0xff, 0x20, 0x0, 0x0, 0xf,
    0xff, 0x37, 0xff, 0xe0, 0x0, 0x0, 0x0, 0xff,
    0xf3, 0x9f, 0xfc, 0x0, 0x0, 0x0, 0xf, 0xff,
    0x39, 0xff, 0xc0, 0x0, 0x0, 0x0, 0xff, 0xf3,
    0x8f, 0xfd, 0x0, 0x0, 0x0, 0xf, 0xff, 0x35,
    0xff, 0xf1, 0x0, 0x0, 0x0, 0xff, 0xf3, 0x1f,
    0xff, 0x70, 0x0, 0x0, 0x2f, 0xff, 0x30, 0xbf,
    0xff, 0x50, 0x0, 0x4e, 0xff, 0xf3, 0x2, 0xff,
    0xff, 0xec, 0xef, 0xff, 0xff, 0x30, 0x5, 0xff,
    0xff, 0xff, 0xf9, 0xaf, 0xf3, 0x0, 0x2, 0x9e,
    0xff, 0xb4, 0x7, 0xff, 0x30,

    /* U+0065 "e" */
    0x0, 0x0, 0x4b, 0xef, 0xea, 0x40, 0x0, 0x0,
    0xa, 0xff, 0xff, 0xff, 0xf8, 0x0, 0x0, 0xcf,
    0xff, 0xb9, 0xbf, 0xff, 0x60, 0x7, 0xff, 0xe2,
    0x0, 0x3, 0xff, 0xe0, 0xf, 0xff, 0x30, 0x0,
    0x0, 0x8f, 0xf4, 0x5f, 0xfc, 0x0, 0x0, 0x0,
    0x3f, 0xf8, 0x8f, 0xfa, 0x44, 0x44, 0x44, 0x5f,
    0xfa, 0xaf, 0xff, 0xff, 0xff, 0xff, 0xff, 0xfa,
    0xaf, 0xff, 0xff, 0xff, 0xff, 0xff, 0xf9, 0x8f,
    0xf9, 0x0, 0x0, 0x0, 0x0, 0x0, 0x5f, 0xfd,
    0x0, 0x0, 0x0, 0x0, 0x0, 0x1f, 0xff, 0x60,
    0x0, 0x0, 0x0, 0x0, 0x8, 0xff, 0xf6, 0x0,
    0x0, 0x6, 0x10, 0x0, 0xcf, 0xff, 0xea, 0x9b,
    0xff, 0x90, 0x0, 0xa, 0xff, 0xff, 0xff, 0xff,
    0xa0, 0x0, 0x0, 0x4a, 0xef, 0xfd, 0x92, 0x0,

    /* U+0066 "f" */
    0x0, 0x0, 0x8, 0xdf, 0xfc, 0x40, 0x0, 0xd,
    0xff, 0xff, 0xf4, 0x0, 0x7, 0xff, 0xfc, 0xac,
    0x0, 0x0, 0xdf, 0xf9, 0x0, 0x0, 0x0, 0xf,
    0xff, 0x40, 0x0, 0x0, 0x0, 0xff, 0xf3, 0x0,
    0x0, 0x0, 0xf, 0xff, 0x30, 0x0, 0x1, 0xdf,
    0xff, 0xff, 0xff, 0x40, 0x2f, 0xff, 0xff, 0xff,
    0xf4, 0x1, 0xaa, 0xff, 0xfb, 0xaa, 0x30, 0x0,
    0xf, 0xff, 0x30, 0x0, 0x0, 0x0, 0xff, 0xf3,
    0x0, 0x0, 0x0, 0xf, 0xff, 0x30, 0x0, 0x0,
    0x0, 0xff, 0xf3, 0x0, 0x0, 0x0, 0xf, 0xff,
    0x30, 0x0, 0x0, 0x0, 0xff, 0xf3, 0x0, 0x0,
    0x0, 0xf, 0xff, 0x30, 0x0, 0x0, 0x0, 0xff,
    0xf3, 0x0, 0x0, 0x0, 0xf, 0xff, 0x30, 0x0,
    0x0, 0x0, 0xff, 0xf3, 0x0, 0x0, 0x0, 0xf,
    0xff, 0x30, 0x0, 0x0, 0x0, 0xff, 0xf3, 0x0,
    0x0, 0x0, 0xf, 0xff, 0x30, 0x0, 0x0,

    /* U+0067 "g" */
    0x0, 0x3, 0xae, 0xff, 0xff, 0xff, 0xff, 0x80,
    0x8, 0xff, 0xff, 0xff, 0xff, 0xff, 0xf8, 0x6,
    0xff, 0xf9, 0x56, 0xcf, 0xfe, 0x77, 0x30, 0xef,
    0xf6, 0x0, 0x0, 0xcf, 0xf3, 0x0, 0x1f, 0xff,
    0x0, 0x0, 0x5, 0xff, 0x80, 0x2, 0xff, 0xf0,
    0x0, 0x0, 0x5f, 0xf8, 0x0, 0xe, 0xff, 0x30,
    0x0, 0x9, 0xff, 0x60, 0x0, 0x6f, 0xfe, 0x40,
    0x18, 0xff, 0xe1, 0x0, 0x0, 0x8f, 0xff, 0xff,
    0xff, 0xf4, 0x0, 0x0, 0xa, 0xfd, 0xef, 0xfe,
    0x92, 0x0, 0x0, 0x6, 0xff, 0x10, 0x11, 0x0,
    0x0, 0x0, 0x0, 0xcf, 0xd0, 0x0, 0x0, 0x0,
    0x0, 0x0, 0xd, 0xff, 0x20, 0x0, 0x0, 0x0,
    0x0, 0x0, 0x9f, 0xff, 0xa9, 0x99, 0x98, 0x62,
    0x0, 0x1, 0xdf, 0xff, 0xff, 0xff, 0xff, 0xfa,
    0x0, 0x2d, 0xfd, 0xff, 0xff, 0xff, 0xff, 0xf7,
    0x1e, 0xf9, 0x0, 0x0, 0x0, 0x3c, 0xff, 0xb9,
    0xff, 0x20, 0x0, 0x0, 0x0, 0x6f, 0xfb, 0xaf,
    0xf5, 0x0, 0x0, 0x0, 0x1c, 0xff, 0x66, 0xff,
    0xf9, 0x42, 0x24, 0x7e, 0xff, 0xb0, 0x9, 0xff,
    0xff, 0xff, 0xff, 0xff, 0x80, 0x0, 0x3, 0x9c,
    0xff, 0xfe, 0xb7, 0x10, 0x0,

    /* U+0068 "h" */
    0x9f, 0xfa, 0x0, 0x0, 0x0, 0x0, 0x0, 0x9f,
    0xfa, 0x0, 0x0, 0x0, 0x0, 0x0, 0x9f, 0xfa,
    0x0, 0x0, 0x0, 0x0, 0x0, 0x9f, 0xfa, 0x0,
    0x0, 0x0, 0x0, 0x0, 0x9f, 0xfa, 0x0, 0x0,
    0x0, 0x0, 0x0, 0x9f, 0xfa, 0x0, 0x0, 0x0,
    0x0, 0x0, 0x9f, 0xfa, 0x0, 0x0, 0x0, 0x0,
    0x0, 0x9f, 0xf9, 0x2, 0xae, 0xfe, 0xa1, 0x0,
    0x9f, 0xf8, 0x6f, 0xff, 0xff, 0xfe, 0x10, 0x9f,
    0xfe, 0xff, 0xfd, 0xff, 0xff, 0x90, 0x9f, 0xff,
    0xf6, 0x0, 0x1c, 0xff, 0xe0, 0x9f, 0xfe, 0x30,
    0x0, 0x4, 0xff, 0xf1, 0x9f, 0xfa, 0x0, 0x0,
    0x0, 0xff, 0xf3, 0x9f, 0xfa, 0x0, 0x0, 0x0,
    0xff, 0xf3, 0x9f, 0xfa, 0x0, 0x0, 0x0, 0xff,
    0xf3, 0x9f, 0xfa, 0x0, 0x0, 0x0, 0xff, 0xf3,
    0x9f, 0xfa, 0x0, 0x0, 0x0, 0xff, 0xf3, 0x9f,
    0xfa, 0x0, 0x0, 0x0, 0xff, 0xf3, 0x9f, 0xfa,
    0x0, 0x0, 0x0, 0xff, 0xf3, 0x9f, 0xfa, 0x0,
    0x0, 0x0, 0xff, 0xf3, 0x9f, 0xfa, 0x0, 0x0,
    0x0, 0xff, 0xf3, 0x9f, 0xfa, 0x0, 0x0, 0x0,
    0xff, 0xf3, 0x9f, 0xfa, 0x0, 0x0, 0x0, 0xff,
    0xf3,

    /* U+0069 "i" */
    0x5e, 0xe6, 0xe, 0xff, 0xf0, 0xdf, 0xff, 0x4,
    0xdd, 0x50, 0x0, 0x0, 0x0, 0x0, 0x0, 0x0,
    0x0, 0x9, 0xff, 0xa0, 0x9f, 0xfa, 0x9, 0xff,
    0xa0, 0x9f, 0xfa, 0x9, 0xff, 0xa0, 0x9f, 0xfa,
    0x9, 0xff, 0xa0, 0x9f, 0xfa, 0x9, 0xff, 0xa0,
    0x9f, 0xfa, 0x9, 0xff, 0xa0, 0x9f, 0xfa, 0x9,
    0xff, 0xa0, 0x9f, 0xfa, 0x9, 0xff, 0xa0, 0x9f,
    0xfa, 0x0,

    /* U+006A "j" */
    0x0, 0x0, 0x5e, 0xe6, 0x0, 0x0, 0xe, 0xff,
    0xf0, 0x0, 0x0, 0xdf, 0xff, 0x0, 0x0, 0x4,
    0xdd, 0x50, 0x0, 0x0, 0x0, 0x0, 0x0, 0x0,
    0x0, 0x0, 0x0, 0x0, 0x0, 0x0, 0x0, 0x0,
    0x0, 0x9, 0xff, 0xb0, 0x0, 0x0, 0x9f, 0xfb,
    0x0, 0x0, 0x9, 0xff, 0xb0, 0x0, 0x0, 0x9f,
    0xfb, 0x0, 0x0, 0x9, 0xff, 0xb0, 0x0, 0x0,
    0x9f, 0xfb, 0x0, 0x0, 0x9, 0xff, 0xb0, 0x0,
    0x0, 0x9f, 0xfb, 0x0, 0x0, 0x9, 0xff, 0xb0,
    0x0, 0x0, 0x9f, 0xfb, 0x0, 0x0, 0x9, 0xff,
    0xb0, 0x0, 0x0, 0x9f, 0xfb, 0x0, 0x0, 0x9,
    0xff, 0xb0, 0x0, 0x0, 0x9f, 0xfb, 0x0, 0x0,
    0x9, 0xff, 0xb0, 0x0, 0x0, 0x9f, 0xfb, 0x0,
    0x0, 0x9, 0xff, 0xa0, 0x0, 0x0, 0xaf, 0xfa,
    0x0, 0x0, 0xd, 0xff, 0x70, 0xa, 0x9c, 0xff,
    0xf2, 0x1, 0xff, 0xff, 0xf9, 0x0, 0x2d, 0xff,
    0xd7, 0x0, 0x0,

    /* U+006B "k" */
    0x9f, 0xf9, 0x0, 0x0, 0x0, 0x0, 0x0, 0x9f,
    0xf9, 0x0, 0x0, 0x0, 0x0, 0x0, 0x9f, 0xf9,
    0x0, 0x0, 0x0, 0x0, 0x0, 0x9f, 0xf9, 0x0,
    0x0, 0x0, 0x0, 0x0, 0x9f, 0xf9, 0x0, 0x0,
    0x0, 0x0, 0x0, 0x9f, 0xf9, 0x0, 0x0, 0x0,
    0x0, 0x0, 0x9f, 0xf9, 0x0, 0x0, 0x0, 0x0,
    0x0, 0x9f, 0xf9, 0x0, 0x0, 0xb, 0xff, 0xd0,
    0x9f, 0xf9, 0x0, 0x0, 0x7f, 0xfe, 0x20, 0x9f,
    0xf9, 0x0, 0x4, 0xff, 0xf4, 0x0, 0x9f, 0xf9,
    0x0, 0x1e, 0xff, 0x70, 0x0, 0x9f, 0xf9, 0x0,
    0xcf, 0xfa, 0x0, 0x0, 0x9f, 0xf9, 0x8, 0xff,
    0xd0, 0x0, 0x0, 0x9f, 0xf9, 0x5f, 0xff, 0x30,
    0x0, 0x0, 0x9f, 0xfb, 0xff, 0xff, 0xa0, 0x0,
    0x0, 0x9f, 0xff, 0xff, 0xff, 0xf4, 0x0, 0x0,
    0x9f, 0xff, 0xf8, 0x6f, 0xfd, 0x0, 0x0, 0x9f,
    0xff, 0xb0, 0xd, 0xff, 0x70, 0x0, 0x9f, 0xfd,
    0x0, 0x4, 0xff, 0xf2, 0x0, 0x9f, 0xf9, 0x0,
    0x0, 0xaf, 0xfb, 0x0, 0x9f, 0xf9, 0x0, 0x0,
    0x2f, 0xff, 0x50, 0x9f, 0xf9, 0x0, 0x0, 0x8,
    0xff, 0xe0, 0x9f, 0xf9, 0x0, 0x0, 0x0, 0xef,
    0xf8,

    /* U+006C "l" */
    0x9f, 0xfa, 0x0, 0x9f, 0xfa, 0x0, 0x9f, 0xfa,
    0x0, 0x9f, 0xfa, 0x0, 0x9f, 0xfa, 0x0, 0x9f,
    0xfa, 0x0, 0x9f, 0xfa, 0x0, 0x9f, 0xfa, 0x0,
    0x9f, 0xfa, 0x0, 0x9f, 0xfa, 0x0, 0x9f, 0xfa,
    0x0, 0x9f, 0xfa, 0x0, 0x9f, 0xfa, 0x0, 0x9f,
    0xfa, 0x0, 0x9f, 0xfa, 0x0, 0x9f, 0xfa, 0x0,
    0x9f, 0xfa, 0x0, 0x9f, 0xfa, 0x0, 0x9f, 0xfa,
    0x0, 0x8f, 0xfb, 0x0, 0x6f, 0xff, 0xc0, 0x1f,
    0xff, 0xf2, 0x4, 0xdf, 0xe3,

    /* U+006D "m" */
    0x9f, 0xf1, 0x3, 0xbf, 0xfd, 0x70, 0x0, 0x19,
    0xef, 0xe9, 0x10, 0x9, 0xff, 0x37, 0xff, 0xff,
    0xff, 0xa0, 0x3e, 0xff, 0xff, 0xfd, 0x0, 0x9f,
    0xfc, 0xff, 0xee, 0xff, 0xff, 0x7f, 0xff, 0xdf,
    0xff, 0xf8, 0x9, 0xff, 0xfe, 0x50, 0x3, 0xff,
    0xff, 0xf8, 0x0, 0x1d, 0xff, 0xd0, 0x9f, 0xfe,
    0x20, 0x0, 0x9, 0xff, 0xf5, 0x0, 0x0, 0x5f,
    0xff, 0x9, 0xff, 0xa0, 0x0, 0x0, 0x6f, 0xfe,
    0x0, 0x0, 0x2, 0xff, 0xf2, 0x9f, 0xfa, 0x0,
    0x0, 0x5, 0xff, 0xe0, 0x0, 0x0, 0x1f, 0xff,
    0x29, 0xff, 0xa0, 0x0, 0x0, 0x5f, 0xfe, 0x0,
    0x0, 0x1, 0xff, 0xf2, 0x9f, 0xfa, 0x0, 0x0,
    0x5, 0xff, 0xe0, 0x0, 0x0, 0x1f, 0xff, 0x29,
    0xff, 0xa0, 0x0, 0x0, 0x5f, 0xfe, 0x0, 0x0,
    0x1, 0xff, 0xf2, 0x9f, 0xfa, 0x0, 0x0, 0x5,
    0xff, 0xe0, 0x0, 0x0, 0x1f, 0xff, 0x29, 0xff,
    0xa0, 0x0, 0x0, 0x5f, 0xfe, 0x0, 0x0, 0x1,
    0xff, 0xf2, 0x9f, 0xfa, 0x0, 0x0, 0x5, 0xff,
    0xe0, 0x0, 0x0, 0x1f, 0xff, 0x29, 0xff, 0xa0,
    0x0, 0x0, 0x5f, 0xfe, 0x0, 0x0, 0x1, 0xff,
    0xf2, 0x9f, 0xfa, 0x0, 0x0, 0x5, 0xff, 0xe0,
    0x0, 0x0, 0x1f, 0xff, 0x29, 0xff, 0xa0, 0x0,
    0x0, 0x5f, 0xfe, 0x0, 0x0, 0x1, 0xff, 0xf2,

    /* U+006E "n" */
    0x9f, 0xf1, 0x2, 0xae, 0xfe, 0xa1, 0x0, 0x9f,
    0xf3, 0x6f, 0xff, 0xff, 0xfe, 0x10, 0x9f, 0xfc,
    0xff, 0xfd, 0xff, 0xff, 0x90, 0x9f, 0xff, 0xf6,
    0x0, 0x1c, 0xff, 0xe0, 0x9f, 0xfe, 0x30, 0x0,
    0x4, 0xff, 0xf1, 0x9f, 0xfa, 0x0, 0x0, 0x0,
    0xff, 0xf3, 0x9f, 0xfa, 0x0, 0x0, 0x0, 0xff,
    0xf3, 0x9f, 0xfa, 0x0, 0x0, 0x0, 0xff, 0xf3,
    0x9f, 0xfa, 0x0, 0x0, 0x0, 0xff, 0xf3, 0x9f,
    0xfa, 0x0, 0x0, 0x0, 0xff, 0xf3, 0x9f, 0xfa,
    0x0, 0x0, 0x0, 0xff, 0xf3, 0x9f, 0xfa, 0x0,
    0x0, 0x0, 0xff, 0xf3, 0x9f, 0xfa, 0x0, 0x0,
    0x0, 0xff, 0xf3, 0x9f, 0xfa, 0x0, 0x0, 0x0,
    0xff, 0xf3, 0x9f, 0xfa, 0x0, 0x0, 0x0, 0xff,
    0xf3, 0x9f, 0xfa, 0x0, 0x0, 0x0, 0xff, 0xf3,

    /* U+006F "o" */
    0x0, 0x0, 0x4a, 0xef, 0xeb, 0x60, 0x0, 0x0,
    0x0, 0xaf, 0xff, 0xff, 0xff, 0xd2, 0x0, 0x0,
    0xcf, 0xff, 0xeb, 0xdf, 0xff, 0xe1, 0x0, 0x8f,
    0xff, 0x60, 0x0, 0x4e, 0xff, 0xb0, 0x1f, 0xff,
    0x80, 0x0, 0x0, 0x5f, 0xff, 0x35, 0xff, 0xf1,
    0x0, 0x0, 0x0, 0xdf, 0xf8, 0x8f, 0xfc, 0x0,
    0x0, 0x0, 0x9, 0xff, 0xba, 0xff, 0xb0, 0x0,
    0x0, 0x0, 0x7f, 0xfd, 0xaf, 0xfb, 0x0, 0x0,
    0x0, 0x7, 0xff, 0xd8, 0xff, 0xc0, 0x0, 0x0,
    0x0, 0x9f, 0xfb, 0x5f, 0xff, 0x10, 0x0, 0x0,
    0xd, 0xff, 0x81, 0xff, 0xf8, 0x0, 0x0, 0x4,
    0xff, 0xf3, 0x8, 0xff, 0xf6, 0x0, 0x4, 0xef,
    0xfb, 0x0, 0xc, 0xff, 0xfe, 0xbd, 0xff, 0xfe,
    0x10, 0x0, 0xa, 0xff, 0xff, 0xff, 0xfc, 0x10,
    0x0, 0x0, 0x4, 0xae, 0xfe, 0xb5, 0x0, 0x0,

    /* U+0070 "p" */
    0x9f, 0xf2, 0x5, 0xbf, 0xfd, 0x81, 0x0, 0x9,
    0xff, 0x6b, 0xff, 0xff, 0xff, 0xe2, 0x0, 0x9f,
    0xff, 0xff, 0xdc, 0xef, 0xff, 0xd0, 0x9, 0xff,
    0xfd, 0x30, 0x0, 0x7f, 0xff, 0x70, 0x9f, 0xfc,
    0x0, 0x0, 0x0, 0xbf, 0xfc, 0x9, 0xff, 0xa0,
    0x0, 0x0, 0x5, 0xff, 0xf0, 0x9f, 0xfa, 0x0,
    0x0, 0x0, 0x2f, 0xff, 0x29, 0xff, 0xa0, 0x0,
    0x0, 0x1, 0xff, 0xf3, 0x9f, 0xfa, 0x0, 0x0,
    0x0, 0x2f, 0xff, 0x39, 0xff, 0xa0, 0x0, 0x0,
    0x4, 0xff, 0xf1, 0x9f, 0xfa, 0x0, 0x0, 0x0,
    0x8f, 0xfe, 0x9, 0xff, 0xa0, 0x0, 0x0, 0x1e,
    0xff, 0x90, 0x9f, 0xff, 0x81, 0x0, 0x2c, 0xff,
    0xf2, 0x9, 0xff, 0xff, 0xfc, 0xcf, 0xff, 0xf7,
    0x0, 0x9f, 0xfc, 0xef, 0xff, 0xff, 0xf8, 0x0,
    0x9, 0xff, 0x90, 0x8d, 0xfe, 0xa3, 0x0, 0x0,
    0x9f, 0xfa, 0x0, 0x0, 0x0, 0x0, 0x0, 0x9,
    0xff, 0xa0, 0x0, 0x0, 0x0, 0x0, 0x0, 0x9f,
    0xfa, 0x0, 0x0, 0x0, 0x0, 0x0, 0x9, 0xff,
    0xa0, 0x0, 0x0, 0x0, 0x0, 0x0, 0x9f, 0xfa,
    0x0, 0x0, 0x0, 0x0, 0x0, 0x9, 0xff, 0xa0,
    0x0, 0x0, 0x0, 0x0, 0x0,

    /* U+0071 "q" */
    0x0, 0x0, 0x6c, 0xff, 0xd7, 0x6, 0xff, 0x30,
    0x1, 0xcf, 0xff, 0xff, 0xfd, 0xbf, 0xf3, 0x0,
    0xdf, 0xff, 0xec, 0xdf, 0xff, 0xff, 0x30, 0x8f,
    0xff, 0x80, 0x0, 0x2b, 0xff, 0xf3, 0xf, 0xff,
    0xa0, 0x0, 0x0, 0xf, 0xff, 0x34, 0xff, 0xf2,
    0x0, 0x0, 0x0, 0xff, 0xf3, 0x7f, 0xfe, 0x0,
    0x0, 0x0, 0xf, 0xff, 0x39, 0xff, 0xc0, 0x0,
    0x0, 0x0, 0xff, 0xf3, 0x9f, 0xfc, 0x0, 0x0,
    0x0, 0xf, 0xff, 0x38, 0xff, 0xd0, 0x0, 0x0,
    0x0, 0xff, 0xf3, 0x5f, 0xff, 0x10, 0x0, 0x0,
    0xf, 0xff, 0x31, 0xff, 0xf7, 0x0, 0x0, 0x2,
    0xff, 0xf3, 0xb, 0xff, 0xf5, 0x0, 0x4, 0xef,
    0xff, 0x30, 0x2f, 0xff, 0xfe, 0xce, 0xff, 0xff,
    0xf3, 0x0, 0x5f, 0xff, 0xff, 0xff, 0x7e, 0xff,
    0x30, 0x0, 0x29, 0xef, 0xea, 0x30, 0xff, 0xf3,
    0x0, 0x0, 0x0, 0x0, 0x0, 0xf, 0xff, 0x30,
    0x0, 0x0, 0x0, 0x0, 0x0, 0xff, 0xf3, 0x0,
    0x0, 0x0, 0x0, 0x0, 0xf, 0xff, 0x30, 0x0,
    0x0, 0x0, 0x0, 0x0, 0xff, 0xf3, 0x0, 0x0,
    0x0, 0x0, 0x0, 0xf, 0xff, 0x30, 0x0, 0x0,
    0x0, 0x0, 0x0, 0xff, 0xf3,

    /* U+0072 "r" */
    0x9f, 0xf1, 0x3, 0xbf, 0xf6, 0x9f, 0xf3, 0x5f,
    0xff, 0xf4, 0x9f, 0xf7, 0xff, 0xff, 0xf1, 0x9f,
    0xff, 0xfa, 0x10, 0x0, 0x9f, 0xff, 0xa0, 0x0,
    0x0, 0x9f, 0xff, 0x10, 0x0, 0x0, 0x9f, 0xfa,
    0x0, 0x0, 0x0, 0x9f, 0xfa, 0x0, 0x0, 0x0,
    0x9f, 0xfa, 0x0, 0x0, 0x0, 0x9f, 0xfa, 0x0,
    0x0, 0x0, 0x9f, 0xfa, 0x0, 0x0, 0x0, 0x9f,
    0xfa, 0x0, 0x0, 0x0, 0x9f, 0xfa, 0x0, 0x0,
    0x0, 0x9f, 0xfa, 0x0, 0x0, 0x0, 0x9f, 0xfa,
    0x0, 0x0, 0x0, 0x9f, 0xfa, 0x0, 0x0, 0x0,

    /* U+0073 "s" */
    0x0, 0x1, 0x8d, 0xff, 0xea, 0x30, 0x0, 0x2,
    0xef, 0xff, 0xff, 0xff, 0xa0, 0x0, 0xdf, 0xfe,
    0x98, 0xbf, 0xfa, 0x0, 0x3f, 0xfe, 0x10, 0x0,
    0x29, 0x0, 0x4, 0xff, 0xc0, 0x0, 0x0, 0x0,
    0x0, 0x2f, 0xff, 0x50, 0x0, 0x0, 0x0, 0x0,
    0xaf, 0xff, 0xc6, 0x0, 0x0, 0x0, 0x0, 0xaf,
    0xff, 0xff, 0x91, 0x0, 0x0, 0x0, 0x3a, 0xff,
    0xff, 0xe3, 0x0, 0x0, 0x0, 0x1, 0x7e, 0xff,
    0xe1, 0x0, 0x0, 0x0, 0x0, 0x1e, 0xff, 0x50,
    0x0, 0x0, 0x0, 0x0, 0xaf, 0xf7, 0x3, 0xf7,
    0x0, 0x0, 0x1e, 0xff, 0x40, 0xdf, 0xfe, 0x98,
    0x9e, 0xff, 0xd0, 0x5, 0xef, 0xff, 0xff, 0xff,
    0xe2, 0x0, 0x0, 0x5b, 0xef, 0xfc, 0x81, 0x0,

    /* U+0074 "t" */
    0x0, 0x4, 0x88, 0x10, 0x0, 0x0, 0x0, 0x9f,
    0xf2, 0x0, 0x0, 0x0, 0xb, 0xff, 0x20, 0x0,
    0x0, 0x0, 0xcf, 0xf2, 0x0, 0x0, 0x0, 0xd,
    0xff, 0x20, 0x0, 0x3, 0xdf, 0xff, 0xff, 0xff,
    0xf2, 0x4f, 0xff, 0xff, 0xff, 0xff, 0x23, 0xaa,
    0xff, 0xfb, 0xaa, 0xa1, 0x0, 0x1f, 0xff, 0x20,
    0x0, 0x0, 0x1, 0xff, 0xf2, 0x0, 0x0, 0x0,
    0x1f, 0xff, 0x20, 0x0, 0x0, 0x1, 0xff, 0xf2,
    0x0, 0x0, 0x0, 0x1f, 0xff, 0x20, 0x0, 0x0,
    0x1, 0xff, 0xf2, 0x0, 0x0, 0x0, 0x1f, 0xff,
    0x20, 0x0, 0x0, 0x0, 0xff, 0xf2, 0x0, 0x0,
    0x0, 0xf, 0xff, 0x40, 0x0, 0x0, 0x0, 0xdf,
    0xfa, 0x0, 0x0, 0x0, 0x8, 0xff, 0xfc, 0xad,
    0x20, 0x0, 0x1e, 0xff, 0xff, 0xf6, 0x0, 0x0,
    0x19, 0xef, 0xeb, 0x40,

    /* U+0075 "u" */
    0xcf, 0xf7, 0x0, 0x0, 0x4, 0xff, 0xfc, 0xff,
    0x70, 0x0, 0x0, 0x4f, 0xff, 0xcf, 0xf7, 0x0,
    0x0, 0x4, 0xff, 0xfc, 0xff, 0x70, 0x0, 0x0,
    0x4f, 0xff, 0xcf, 0xf7, 0x0, 0x0, 0x4, 0xff,
    0xfc, 0xff, 0x70, 0x0, 0x0, 0x4f, 0xff, 0xcf,
    0xf7, 0x0, 0x0, 0x4, 0xff, 0xfc, 0xff, 0x70,
    0x0, 0x0, 0x4f, 0xff, 0xcf, 0xf7, 0x0, 0x0,
    0x4, 0xff, 0xfc, 0xff, 0x70, 0x0, 0x0, 0x4f,
    0xff, 0xcf, 0xf8, 0x0, 0x0, 0x4, 0xff, 0xfa,
    0xff, 0xb0, 0x0, 0x0, 0xcf, 0xff, 0x7f, 0xff,
    0x50, 0x2, 0xcf, 0xff, 0xf2, 0xff, 0xff, 0xed,
    0xff, 0xbe, 0xff, 0x8, 0xff, 0xff, 0xff, 0xa0,
    0xdf, 0xf0, 0x6, 0xcf, 0xfc, 0x50, 0xb, 0xff,

    /* U+0076 "v" */
    0x7f, 0xfd, 0x0, 0x0, 0x0, 0x6, 0xff, 0xb1,
    0xff, 0xf2, 0x0, 0x0, 0x0, 0xbf, 0xf6, 0xc,
    0xff, 0x60, 0x0, 0x0, 0xf, 0xff, 0x10, 0x6f,
    0xfb, 0x0, 0x0, 0x5, 0xff, 0xb0, 0x1, 0xff,
    0xf1, 0x0, 0x0, 0xaf, 0xf6, 0x0, 0xc, 0xff,
    0x50, 0x0, 0xe, 0xff, 0x10, 0x0, 0x6f, 0xfa,
    0x0, 0x4, 0xff, 0xb0, 0x0, 0x1, 0xff, 0xf0,
    0x0, 0x9f, 0xf6, 0x0, 0x0, 0xb, 0xff, 0x40,
    0xd, 0xff, 0x10, 0x0, 0x0, 0x6f, 0xf8, 0x2,
    0xff, 0xb0, 0x0, 0x0, 0x1, 0xff, 0xd0, 0x6f,
    0xf6, 0x0, 0x0, 0x0, 0xb, 0xff, 0x1b, 0xff,
    0x10, 0x0, 0x0, 0x0, 0x6f, 0xf6, 0xff, 0xb0,
    0x0, 0x0, 0x0, 0x1, 0xff, 0xef, 0xf6, 0x0,
    0x0, 0x0, 0x0, 0xb, 0xff, 0xff, 0x10, 0x0,
    0x0, 0x0, 0x0, 0x6f, 0xff, 0xb0, 0x0, 0x0,

    /* U+0077 "w" */
    0x2f, 0xff, 0x10, 0x0, 0x0, 0xef, 0xf4, 0x0,
    0x0, 0xb, 0xff, 0x50, 0xdf, 0xf5, 0x0, 0x0,
    0x3f, 0xff, 0x80, 0x0, 0x0, 0xef, 0xf1, 0x9,
    0xff, 0x90, 0x0, 0x7, 0xff, 0xfc, 0x0, 0x0,
    0x2f, 0xfd, 0x0, 0x5f, 0xfd, 0x0, 0x0, 0xbf,
    0xef, 0xf1, 0x0, 0x6, 0xff, 0x90, 0x1, 0xff,
    0xf1, 0x0, 0xe, 0xf7, 0xff, 0x50, 0x0, 0xaf,
    0xf5, 0x0, 0xd, 0xff, 0x40, 0x3, 0xff, 0x1f,
    0xf9, 0x0, 0xd, 0xff, 0x10, 0x0, 0x9f, 0xf8,
    0x0, 0x7f, 0xe0, 0xbf, 0xd0, 0x1, 0xff, 0xd0,
    0x0, 0x4, 0xff, 0xc0, 0xb, 0xfb, 0x8, 0xff,
    0x10, 0x5f, 0xf9, 0x0, 0x0, 0xf, 0xff, 0x0,
    0xff, 0x70, 0x4f, 0xf5, 0x8, 0xff, 0x50, 0x0,
    0x0, 0xcf, 0xf3, 0x2f, 0xf3, 0x0, 0xff, 0x90,
    0xbf, 0xf1, 0x0, 0x0, 0x8, 0xff, 0x66, 0xff,
    0x0, 0xc, 0xfc, 0xf, 0xfd, 0x0, 0x0, 0x0,
    0x4f, 0xf9, 0xaf, 0xc0, 0x0, 0x8f, 0xf2, 0xff,
    0x90, 0x0, 0x0, 0x0, 0xff, 0xcd, 0xf8, 0x0,
    0x4, 0xff, 0x9f, 0xf5, 0x0, 0x0, 0x0, 0xb,
    0xff, 0xff, 0x40, 0x0, 0xf, 0xff, 0xff, 0x10,
    0x0, 0x0, 0x0, 0x7f, 0xff, 0xf0, 0x0, 0x0,
    0xcf, 0xff, 0xd0, 0x0, 0x0, 0x0, 0x3, 0xff,
    0xfc, 0x0, 0x0, 0x8, 0xff, 0xf9, 0x0, 0x0,

    /* U+0078 "x" */
    0xe, 0xff, 0x90, 0x0, 0x0, 0xaf, 0xfa, 0x0,
    0x5f, 0xff, 0x20, 0x0, 0x3f, 0xff, 0x10, 0x0,
    0xbf, 0xfb, 0x0, 0xb, 0xff, 0x70, 0x0, 0x2,
    0xff, 0xf4, 0x3, 0xff, 0xe0, 0x0, 0x0, 0x8,
    0xff, 0xc0, 0xaf, 0xf5, 0x0, 0x0, 0x0, 0xd,
    0xff, 0x7f, 0xfc, 0x0, 0x0, 0x0, 0x0, 0x4f,
    0xff, 0xff, 0x30, 0x0, 0x0, 0x0, 0x0, 0xcf,
    0xff, 0x90, 0x0, 0x0, 0x0, 0x0, 0x2f, 0xff,
    0xfa, 0x0, 0x0, 0x0, 0x0, 0xa, 0xff, 0xff,
    0xf4, 0x0, 0x0, 0x0, 0x4, 0xff, 0xa6, 0xff,
    0xd0, 0x0, 0x0, 0x0, 0xdf, 0xf2, 0xc, 0xff,
    0x70, 0x0, 0x0, 0x7f, 0xfa, 0x0, 0x4f, 0xff,
    0x20, 0x0, 0x1f, 0xff, 0x20, 0x0, 0xbf, 0xfb,
    0x0, 0xa, 0xff, 0x90, 0x0, 0x2, 0xff, 0xf5,
    0x4, 0xff, 0xf1, 0x0, 0x0, 0x8, 0xff, 0xe1,

    /* U+0079 "y" */
    0x6f, 0xfd, 0x0, 0x0, 0x0, 0x6, 0xff, 0xb0,
    0xff, 0xf3, 0x0, 0x0, 0x0, 0xbf, 0xf5, 0x9,
    0xff, 0x80, 0x0, 0x0, 0xf, 0xff, 0x0, 0x3f,
    0xfe, 0x0, 0x0, 0x5, 0xff, 0xa0, 0x0, 0xdf,
    0xf4, 0x0, 0x0, 0xaf, 0xf5, 0x0, 0x6, 0xff,
    0x90, 0x0, 0xf, 0xff, 0x0, 0x0, 0x1f, 0xff,
    0x0, 0x4, 0xff, 0xa0, 0x0, 0x0, 0xaf, 0xf5,
    0x0, 0x9f, 0xf4, 0x0, 0x0, 0x3, 0xff, 0xa0,
    0xe, 0xfe, 0x0, 0x0, 0x0, 0xd, 0xff, 0x2,
    0xff, 0x90, 0x0, 0x0, 0x0, 0x7f, 0xf5, 0x7f,
    0xf4, 0x0, 0x0, 0x0, 0x1, 0xff, 0xab, 0xfe,
    0x0, 0x0, 0x0, 0x0, 0xa, 0xff, 0xff, 0x90,
    0x0, 0x0, 0x0, 0x0, 0x4f, 0xff, 0xf3, 0x0,
    0x0, 0x0, 0x0, 0x0, 0xdf, 0xfe, 0x0, 0x0,
    0x0, 0x0, 0x0, 0x9, 0xff, 0x80, 0x0, 0x0,
    0x0, 0x0, 0x0, 0xdf, 0xf3, 0x0, 0x0, 0x0,
    0x0, 0x0, 0x4f, 0xfc, 0x0, 0x0, 0x0, 0x0,
    0x0, 0x2e, 0xff, 0x50, 0x0, 0x0, 0x0, 0x3b,
    0xbf, 0xff, 0xb0, 0x0, 0x0, 0x0, 0x8, 0xff,
    0xff, 0xd1, 0x0, 0x0, 0x0, 0x0, 0x9f, 0xfd,
    0x80, 0x0, 0x0, 0x0, 0x0,

    /* U+007A "z" */
    0x2f, 0xff, 0xff, 0xff, 0xff, 0xfb, 0x2f, 0xff,
    0xff, 0xff, 0xff, 0xfa, 0x1a, 0xaa, 0xaa, 0xad,
    0xff, 0xf3, 0x0, 0x0, 0x0, 0xe, 0xff, 0x80,
    0x0, 0x0, 0x0, 0x9f, 0xfd, 0x0, 0x0, 0x0,
    0x4, 0xff, 0xf4, 0x0, 0x0, 0x0, 0xd, 0xff,
    0x90, 0x0, 0x0, 0x0, 0x9f, 0xfe, 0x0, 0x0,
    0x0, 0x3, 0xff, 0xf4, 0x0, 0x0, 0x0, 0xd,
    0xff, 0xa0, 0x0, 0x0, 0x0, 0x8f, 0xfe, 0x10,
    0x0, 0x0, 0x3, 0xff, 0xf5, 0x0, 0x0, 0x0,
    0xd, 0xff, 0xa0, 0x0, 0x0, 0x0, 0x7f, 0xff,
    0xb9, 0x99, 0x99, 0x99, 0xff, 0xff, 0xff, 0xff,
    0xff, 0xff, 0xff, 0xff, 0xff, 0xff, 0xff, 0xff,

    /* U+007B "{" */
    0x0, 0x3, 0xbf, 0xfd, 0x0, 0x1e, 0xff, 0xeb,
    0x0, 0x5f, 0xf8, 0x0, 0x0, 0x8f, 0xf3, 0x0,
    0x0, 0x9f, 0xf1, 0x0, 0x0, 0x8f, 0xf1, 0x0,
    0x0, 0x7f, 0xf2, 0x0, 0x0, 0x6f, 0xf3, 0x0,
    0x0, 0x5f, 0xf3, 0x0, 0x0, 0x4f, 0xf3, 0x0,
    0x0, 0x4f, 0xf3, 0x0, 0x0, 0x7f, 0xf2, 0x0,
    0x5, 0xef, 0xe0, 0x0, 0xff, 0xfd, 0x30, 0x0,
    0xff, 0xfd, 0x30, 0x0, 0x4, 0xef, 0xe0, 0x0,
    0x0, 0x7f, 0xf2, 0x0, 0x0, 0x4f, 0xf3, 0x0,
    0x0, 0x4f, 0xf3, 0x0, 0x0, 0x5f, 0xf3, 0x0,
    0x0, 0x6f, 0xf2, 0x0, 0x0, 0x8f, 0xf2, 0x0,
    0x0, 0x8f, 0xf1, 0x0, 0x0, 0x8f, 0xf1, 0x0,
    0x0, 0x8f, 0xf3, 0x0, 0x0, 0x5f, 0xfa, 0x10,
    0x0, 0xd, 0xff, 0xfd, 0x0, 0x1, 0x8c, 0xdb,

    /* U+007C "|" */
    0x2f, 0xf0, 0x2f, 0xf0, 0x2f, 0xf0, 0x2f, 0xf0,
    0x2f, 0xf0, 0x2f, 0xf0, 0x2f, 0xf0, 0x2f, 0xf0,
    0x2f, 0xf0, 0x2f, 0xf0, 0x2f, 0xf0, 0x2f, 0xf0,
    0x2f, 0xf0, 0x2f, 0xf0, 0x2f, 0xf0, 0x2f, 0xf0,
    0x2f, 0xf0, 0x2f, 0xf0, 0x2f, 0xf0, 0x2f, 0xf0,
    0x2f, 0xf0, 0x2f, 0xf0, 0x2f, 0xf0, 0x2f, 0xf0,
    0x2f, 0xf0, 0x2f, 0xf0, 0x2f, 0xf0, 0x2f, 0xf0,
    0x2f, 0xf0, 0x2f, 0xf0, 0x2f, 0xf0, 0x2f, 0xf0,

    /* U+007D "}" */
    0xef, 0xfb, 0x20, 0x0, 0xbe, 0xff, 0xe0, 0x0,
    0x0, 0x9f, 0xf4, 0x0, 0x0, 0x3f, 0xf7, 0x0,
    0x0, 0x2f, 0xf7, 0x0, 0x0, 0x2f, 0xf7, 0x0,
    0x0, 0x2f, 0xf6, 0x0, 0x0, 0x3f, 0xf5, 0x0,
    0x0, 0x4f, 0xf4, 0x0, 0x0, 0x4f, 0xf3, 0x0,
    0x0, 0x4f, 0xf3, 0x0, 0x0, 0x3f, 0xf6, 0x0,
    0x0, 0xe, 0xfe, 0x40, 0x0, 0x3, 0xdf, 0xfe,
    0x0, 0x4, 0xdf, 0xfe, 0x0, 0xe, 0xfe, 0x40,
    0x0, 0x3f, 0xf6, 0x0, 0x0, 0x4f, 0xf3, 0x0,
    0x0, 0x4f, 0xf3, 0x0, 0x0, 0x4f, 0xf4, 0x0,
    0x0, 0x3f, 0xf5, 0x0, 0x0, 0x2f, 0xf7, 0x0,
    0x0, 0x2f, 0xf7, 0x0, 0x0, 0x2f, 0xf7, 0x0,
    0x0, 0x4f, 0xf7, 0x0, 0x1, 0xbf, 0xf4, 0x0,
    0xef, 0xff, 0xd0, 0x0, 0xbc, 0xc8, 0x10, 0x0,

    /* U+007E "~" */
    0x0, 0x8e, 0xfc, 0x40, 0x0, 0x0, 0x10, 0xc,
    0xff, 0xff, 0xf8, 0x0, 0x5, 0xe4, 0x9f, 0xf9,
    0x7d, 0xff, 0xd7, 0x9f, 0xf9, 0x5e, 0x50, 0x0,
    0x8f, 0xff, 0xff, 0xb0, 0x1, 0x0, 0x0, 0x4,
    0xcf, 0xe8, 0x0,

    /* U+4E0D "不" */
    0x1b, 0xbb, 0xbb, 0xbb, 0xbb, 0xbb, 0xbb, 0xbb,
    0xbb, 0xbb, 0xbb, 0xbb, 0xb1, 0x2, 0xff, 0xff,
    0xff, 0xff, 0xff, 0xff, 0xff, 0xff, 0xff, 0xff,
    0xff, 0xff, 0x20, 0x2f, 0xff, 0xff, 0xff, 0xff,
    0xff, 0xff, 0xff, 0xff, 0xff, 0xff, 0xff, 0xf2,
    0x0, 0x0, 0x0, 0x0, 0x0, 0x0, 0x8, 0xff,
    0xe0, 0x0, 0x0, 0x0, 0x0, 0x0, 0x0, 0x0,
    0x0, 0x0, 0x0, 0x3, 0xff, 0xf5, 0x0, 0x0,
    0x0, 0x0, 0x0, 0x0, 0x0, 0x0, 0x0, 0x0,
    0x0, 0xdf, 0xfa, 0x0, 0x0, 0x0, 0x0, 0x0,
    0x0, 0x0, 0x0, 0x0, 0x0, 0x0, 0xbf, 0xff,
    0x60, 0x0, 0x0, 0x0, 0x0, 0x0, 0x0, 0x0,
    0x0, 0x0, 0x0, 0x9f, 0xff, 0xf6, 0x19, 0x20,
    0x0, 0x0, 0x0, 0x0, 0x0, 0x0, 0x0, 0x0,
    0x8f, 0xff, 0xff, 0x9d, 0xff, 0x60, 0x0, 0x0,
    0x0, 0x0, 0x0, 0x0, 0x0, 0x8f, 0xff, 0xdf,
    0xf7, 0x9f, 0xff, 0xb1, 0x0, 0x0, 0x0, 0x0,
    0x0, 0x0, 0xaf, 0xff, 0x87, 0xff, 0x60, 0x5f,
    0xff, 0xe4, 0x0, 0x0, 0x0, 0x0, 0x2, 0xcf,
    0xff, 0x70, 0x7f, 0xf6, 0x0, 0x2d, 0xff, 0xf7,
    0x0, 0x0, 0x0, 0x6, 0xff, 0xff, 0x60, 0x7,
    0xff, 0x60, 0x0, 0xa, 0xff, 0xfa, 0x0, 0x0,
    0x2b, 0xff, 0xfe, 0x40, 0x0, 0x7f, 0xf6, 0x0,
    0x0, 0x8, 0xff, 0xfc, 0x10, 0x8f, 0xff, 0xfb,
    0x10, 0x0, 0x7, 0xff, 0x60, 0x0, 0x0, 0x6,
    0xff, 0xfc, 0x2, 0xff, 0xe6, 0x0, 0x0, 0x0,
    0x7f, 0xf6, 0x0, 0x0, 0x0, 0x4, 0xfe, 0x30,
    0x5, 0x91, 0x0, 0x0, 0x0, 0x7, 0xff, 0x60,
    0x0, 0x0, 0x0, 0x4, 0x20, 0x0, 0x0, 0x0,
    0x0, 0x0, 0x0, 0x7f, 0xf6, 0x0, 0x0, 0x0,
    0x0, 0x0, 0x0, 0x0, 0x0, 0x0, 0x0, 0x0,
    0x7, 0xff, 0x60, 0x0, 0x0, 0x0, 0x0, 0x0,
    0x0, 0x0, 0x0, 0x0, 0x0, 0x0, 0x7f, 0xf6,
    0x0, 0x0, 0x0, 0x0, 0x0, 0x0, 0x0, 0x0,
    0x0, 0x0, 0x0, 0x7, 0xff, 0x60, 0x0, 0x0,
    0x0, 0x0, 0x0, 0x0, 0x0, 0x0, 0x0, 0x0,
    0x0, 0x7f, 0xf6, 0x0, 0x0, 0x0, 0x0, 0x0,
    0x0, 0x0, 0x0, 0x0, 0x0, 0x0, 0x7, 0xff,
    0x60, 0x0, 0x0, 0x0, 0x0, 0x0, 0x0, 0x0,
    0x0, 0x0, 0x0, 0x0, 0x7f, 0xf6, 0x0, 0x0,
    0x0, 0x0, 0x0, 0x0,

    /* U+4E8E "于" */
    0x0, 0x5b, 0xbb, 0xbb, 0xbb, 0xbb, 0xbb, 0xbb,
    0xbb, 0xbb, 0xbb, 0xb7, 0x0, 0x0, 0x8f, 0xff,
    0xff, 0xff, 0xff, 0xff, 0xff, 0xff, 0xff, 0xff,
    0xfa, 0x0, 0x0, 0x8f, 0xff, 0xff, 0xff, 0xff,
    0xff, 0xff, 0xff, 0xff, 0xff, 0xfa, 0x0, 0x0,
    0x0, 0x0, 0x0, 0x0, 0x1, 0xff, 0xb0, 0x0,
    0x0, 0x0, 0x0, 0x0, 0x0, 0x0, 0x0, 0x0,
    0x0, 0x1, 0xff, 0xb0, 0x0, 0x0, 0x0, 0x0,
    0x0, 0x0, 0x0, 0x0, 0x0, 0x0, 0x1, 0xff,
    0xb0, 0x0, 0x0, 0x0, 0x0, 0x0, 0x0, 0x0,
    0x0, 0x0, 0x0, 0x1, 0xff, 0xb0, 0x0, 0x0,
    0x0, 0x0, 0x0, 0x0, 0x0, 0x0, 0x0, 0x0,
    0x1, 0xff, 0xb0, 0x0, 0x0, 0x0, 0x0, 0x0,
    0x0, 0x0, 0x0, 0x0, 0x0, 0x1, 0xff, 0xb0,
    0x0, 0x0, 0x0, 0x0, 0x0, 0x49, 0x99, 0x99,
    0x99, 0x99, 0x9a, 0xff, 0xe9, 0x99, 0x99, 0x99,
    0x99, 0x95, 0x7f, 0xff, 0xff, 0xff, 0xff, 0xff,
    0xff, 0xff, 0xff, 0xff, 0xff, 0xff, 0xf9, 0x7f,
    0xff, 0xff, 0xff, 0xff, 0xff, 0xff, 0xff, 0xff,
    0xff, 0xff, 0xff, 0xf9, 0x0, 0x0, 0x0, 0x0,
    0x0, 0x1, 0xff, 0xb0, 0x0, 0x0, 0x0, 0x0,
    0x0, 0x0, 0x0, 0x0, 0x0, 0x0, 0x1, 0xff,
    0xb0, 0x0, 0x0, 0x0, 0x0, 0x0, 0x0, 0x0,
    0x0, 0x0, 0x0, 0x1, 0xff, 0xb0, 0x0, 0x0,
    0x0, 0x0, 0x0, 0x0, 0x0, 0x0, 0x0, 0x0,
    0x1, 0xff, 0xb0, 0x0, 0x0, 0x0, 0x0, 0x0,
    0x0, 0x0, 0x0, 0x0, 0x0, 0x1, 0xff, 0xb0,
    0x0, 0x0, 0x0, 0x0, 0x0, 0x0, 0x0, 0x0,
    0x0, 0x0, 0x1, 0xff, 0xb0, 0x0, 0x0, 0x0,
    0x0, 0x0, 0x0, 0x0, 0x0, 0x0, 0x0, 0x1,
    0xff, 0xb0, 0x0, 0x0, 0x0, 0x0, 0x0, 0x0,
    0x0, 0x0, 0x0, 0x0, 0x1, 0xff, 0xb0, 0x0,
    0x0, 0x0, 0x0, 0x0, 0x0, 0x0, 0x0, 0x0,
    0x0, 0x1, 0xff, 0xb0, 0x0, 0x0, 0x0, 0x0,
    0x0, 0x0, 0x0, 0x0, 0x8a, 0xaa, 0xac, 0xff,
    0xa0, 0x0, 0x0, 0x0, 0x0, 0x0, 0x0, 0x0,
    0x0, 0x5f, 0xff, 0xff, 0xff, 0x50, 0x0, 0x0,
    0x0, 0x0, 0x0, 0x0, 0x0, 0x0, 0xf, 0xff,
    0xfe, 0xc6, 0x0, 0x0, 0x0, 0x0, 0x0, 0x0,
    0x0, 0x0, 0x0, 0x1, 0x10, 0x0, 0x0, 0x0,
    0x0, 0x0, 0x0, 0x0, 0x0,

    /* U+4ECE "从" */
    0x0, 0x0, 0x0, 0x1, 0x0, 0x0, 0x0, 0x0,
    0x0, 0x11, 0x0, 0x0, 0x0, 0x0, 0x0, 0x0,
    0x0, 0xf, 0xfd, 0x0, 0x0, 0x0, 0x2, 0xff,
    0xc0, 0x0, 0x0, 0x0, 0x0, 0x0, 0x0, 0x1f,
    0xfc, 0x0, 0x0, 0x0, 0x3, 0xff, 0xb0, 0x0,
    0x0, 0x0, 0x0, 0x0, 0x0, 0x2f, 0xfb, 0x0,
    0x0, 0x0, 0x4, 0xff, 0xa0, 0x0, 0x0, 0x0,
    0x0, 0x0, 0x0, 0x3f, 0xfa, 0x0, 0x0, 0x0,
    0x5, 0xff, 0x90, 0x0, 0x0, 0x0, 0x0, 0x0,
    0x0, 0x4f, 0xf9, 0x0, 0x0, 0x0, 0x6, 0xff,
    0x70, 0x0, 0x0, 0x0, 0x0, 0x0, 0x0, 0x5f,
    0xf8, 0x0, 0x0, 0x0, 0x8, 0xff, 0x60, 0x0,
    0x0, 0x0, 0x0, 0x0, 0x0, 0x7f, 0xf6, 0x0,
    0x0, 0x0, 0xa, 0xff, 0x40, 0x0, 0x0, 0x0,
    0x0, 0x0, 0x0, 0x8f, 0xf5, 0x0, 0x0, 0x0,
    0xc, 0xff, 0x20, 0x0, 0x0, 0x0, 0x0, 0x0,
    0x0, 0xaf, 0xf3, 0x0, 0x0, 0x0, 0xe, 0xff,
    0x0, 0x0, 0x0, 0x0, 0x0, 0x0, 0x0, 0xcf,
    0xfa, 0x0, 0x0, 0x0, 0xf, 0xff, 0x0, 0x0,
    0x0, 0x0, 0x0, 0x0, 0x0, 0xef, 0xff, 0x70,
    0x0, 0x0, 0x3f, 0xff, 0x40, 0x0, 0x0, 0x0,
    0x0, 0x0, 0x0, 0xff, 0xff, 0xf4, 0x0, 0x0,
    0x6f, 0xff, 0x80, 0x0, 0x0, 0x0, 0x0, 0x0,
    0x3, 0xff, 0xdf, 0xfe, 0x10, 0x0, 0xaf, 0xff,
    0xd0, 0x0, 0x0, 0x0, 0x0, 0x0, 0x6, 0xff,
    0x77, 0xff, 0xb0, 0x0, 0xef, 0xff, 0xf2, 0x0,
    0x0, 0x0, 0x0, 0x0, 0xa, 0xff, 0x40, 0xcf,
    0xf6, 0x2, 0xff, 0xef, 0xf8, 0x0, 0x0, 0x0,
    0x0, 0x0, 0xe, 0xff, 0x0, 0x2f, 0xff, 0x17,
    0xff, 0x9c, 0xfe, 0x0, 0x0, 0x0, 0x0, 0x0,
    0x3f, 0xfc, 0x0, 0x7, 0xff, 0x5d, 0xff, 0x46,
    0xff, 0x60, 0x0, 0x0, 0x0, 0x0, 0x8f, 0xf7,
    0x0, 0x0, 0xe7, 0x4f, 0xfe, 0x0, 0xff, 0xe0,
    0x0, 0x0, 0x0, 0x0, 0xef, 0xf2, 0x0, 0x0,
    0x20, 0xbf, 0xf8, 0x0, 0x9f, 0xf8, 0x0, 0x0,
    0x0, 0x6, 0xff, 0xd0, 0x0, 0x0, 0x4, 0xff,
    0xf1, 0x0, 0x1f, 0xff, 0x30, 0x0, 0x0, 0xe,
    0xff, 0x60, 0x0, 0x0, 0x1e, 0xff, 0x90, 0x0,
    0x7, 0xff, 0xd1, 0x0, 0x0, 0x8f, 0xfe, 0x0,
    0x0, 0x0, 0xbf, 0xfe, 0x10, 0x0, 0x0, 0xdf,
    0xfd, 0x10, 0x4, 0xff, 0xf6, 0x0, 0x0, 0xa,
    0xff, 0xf5, 0x0, 0x0, 0x0, 0x2f, 0xff, 0xd0,
    0xb, 0xff, 0xc0, 0x0, 0x0, 0x3e, 0xff, 0x90,
    0x0, 0x0, 0x0, 0x5, 0xff, 0x40, 0x0, 0x6e,
    0x20, 0x0, 0x0, 0x1, 0xbb, 0x0, 0x0, 0x0,
    0x0, 0x0, 0x57, 0x0, 0x0, 0x0, 0x0, 0x0,
    0x0, 0x0, 0x0, 0x0, 0x0, 0x0, 0x0, 0x0,
    0x0, 0x0,

    /* U+4EF6 "件" */
    0x0, 0x0, 0x0, 0x5, 0x20, 0x0, 0x0, 0x0,
    0x4, 0x42, 0x0, 0x0, 0x0, 0x0, 0x0, 0x0,
    0x0, 0x1f, 0xfa, 0x0, 0x10, 0x0, 0x1f, 0xf9,
    0x0, 0x0, 0x0, 0x0, 0x0, 0x0, 0x0, 0x7f,
    0xf6, 0x0, 0xfe, 0x60, 0x1f, 0xf9, 0x0, 0x0,
    0x0, 0x0, 0x0, 0x0, 0x0, 0xef, 0xe0, 0x4,
    0xff, 0x60, 0x1f, 0xf9, 0x0, 0x0, 0x0, 0x0,
    0x0, 0x0, 0x7, 0xff, 0x70, 0x8, 0xff, 0x20,
    0x1f, 0xf9, 0x0, 0x0, 0x0, 0x0, 0x0, 0x0,
    0x1e, 0xff, 0x10, 0xc, 0xfe, 0x0, 0x1f, 0xf9,
    0x0, 0x0, 0x0, 0x0, 0x0, 0x0, 0x9f, 0xf7,
    0x0, 0x1f, 0xff, 0xff, 0xff, 0xff, 0xff, 0xff,
    0xfc, 0x0, 0x0, 0x3, 0xff, 0xf0, 0x0, 0x7f,
    0xff, 0xff, 0xff, 0xff, 0xff, 0xff, 0xfc, 0x0,
    0x0, 0xd, 0xff, 0xf0, 0x0, 0xdf, 0xf9, 0x99,
    0x9f, 0xfd, 0x99, 0x99, 0x97, 0x0, 0x0, 0xaf,
    0xff, 0xf0, 0x4, 0xff, 0x80, 0x0, 0x1f, 0xf9,
    0x0, 0x0, 0x0, 0x0, 0x7, 0xff, 0xff, 0xf0,
    0xd, 0xff, 0x10, 0x0, 0x1f, 0xf9, 0x0, 0x0,
    0x0, 0x0, 0x1f, 0xff, 0xdf, 0xf0, 0x19, 0xf9,
    0x0, 0x0, 0x1f, 0xf9, 0x0, 0x0, 0x0, 0x0,
    0x8, 0xf8, 0x9f, 0xf0, 0x0, 0x21, 0x0, 0x0,
    0x1f, 0xf9, 0x0, 0x0, 0x0, 0x0, 0x0, 0x90,
    0x9f, 0xf0, 0x0, 0x0, 0x0, 0x0, 0x1f, 0xf9,
    0x0, 0x0, 0x0, 0x0, 0x0, 0x0, 0x9f, 0xf0,
    0xe, 0xff, 0xff, 0xff, 0xff, 0xff, 0xff, 0xff,
    0xff, 0xf0, 0x0, 0x0, 0x9f, 0xf0, 0xf, 0xff,
    0xff, 0xff, 0xff, 0xff, 0xff, 0xff, 0xff, 0xf1,
    0x0, 0x0, 0x9f, 0xf0, 0xa, 0xaa, 0xaa, 0xaa,
    0xbf, 0xfd, 0xaa, 0xaa, 0xaa, 0xa0, 0x0, 0x0,
    0x9f, 0xf0, 0x0, 0x0, 0x0, 0x0, 0x1f, 0xf9,
    0x0, 0x0, 0x0, 0x0, 0x0, 0x0, 0x9f, 0xf0,
    0x0, 0x0, 0x0, 0x0, 0x1f, 0xf9, 0x0, 0x0,
    0x0, 0x0, 0x0, 0x0, 0x9f, 0xf0, 0x0, 0x0,
    0x0, 0x0, 0x1f, 0xf9, 0x0, 0x0, 0x0, 0x0,
    0x0, 0x0, 0x9f, 0xf0, 0x0, 0x0, 0x0, 0x0,
    0x1f, 0xf9, 0x0, 0x0, 0x0, 0x0, 0x0, 0x0,
    0x9f, 0xf0, 0x0, 0x0, 0x0, 0x0, 0x1f, 0xf9,
    0x0, 0x0, 0x0, 0x0, 0x0, 0x0, 0x9f, 0xf0,
    0x0, 0x0, 0x0, 0x0, 0x1f, 0xf9, 0x0, 0x0,
    0x0, 0x0, 0x0, 0x0, 0x9f, 0xf0, 0x0, 0x0,
    0x0, 0x0, 0x1f, 0xf9, 0x0, 0x0, 0x0, 0x0,
    0x0, 0x0, 0x9f, 0xf0, 0x0, 0x0, 0x0, 0x0,
    0x1f, 0xf9, 0x0, 0x0, 0x0, 0x0, 0x0, 0x0,
    0x9f, 0xe0, 0x0, 0x0, 0x0, 0x0, 0x1f, 0xf9,
    0x0, 0x0, 0x0, 0x0,

    /* U+5012 "倒" */
    0x0, 0x0, 0x1, 0x20, 0x0, 0x0, 0x0, 0x0,
    0x0, 0x0, 0x0, 0x0, 0x0, 0x0, 0x0, 0x7,
    0xfd, 0x0, 0x0, 0x0, 0x0, 0x0, 0x0, 0x0,
    0x4, 0x99, 0x0, 0x0, 0xc, 0xfb, 0x78, 0x88,
    0x88, 0x88, 0x88, 0x20, 0x10, 0x6, 0xff, 0x0,
    0x0, 0x2f, 0xf6, 0xef, 0xff, 0xff, 0xff, 0xff,
    0x45, 0xfe, 0x6, 0xff, 0x0, 0x0, 0x8f, 0xf1,
    0xab, 0xdf, 0xfb, 0xbb, 0xbb, 0x25, 0xfe, 0x6,
    0xff, 0x0, 0x0, 0xef, 0xa0, 0x0, 0xcf, 0xc0,
    0x1, 0x0, 0x5, 0xfe, 0x6, 0xff, 0x0, 0x6,
    0xff, 0x40, 0x2, 0xff, 0x50, 0x9f, 0x60, 0x5,
    0xfe, 0x6, 0xff, 0x0, 0xd, 0xff, 0x10, 0xa,
    0xfd, 0x0, 0x6f, 0xf2, 0x5, 0xfe, 0x6, 0xff,
    0x0, 0x6f, 0xff, 0x10, 0x3f, 0xf4, 0x3, 0x5f,
    0xfb, 0x5, 0xfe, 0x6, 0xff, 0x1, 0xef, 0xff,
    0x11, 0xdf, 0xfe, 0xff, 0xff, 0xff, 0x45, 0xfe,
    0x6, 0xff, 0x9, 0xff, 0xff, 0x11, 0xff, 0xff,
    0xfd, 0xa8, 0xcf, 0xd5, 0xfe, 0x6, 0xff, 0x4f,
    0xff, 0xff, 0x10, 0xa9, 0x52, 0x0, 0x0, 0x4f,
    0xa6, 0xfe, 0x6, 0xff, 0x1f, 0xf8, 0xff, 0x10,
    0x0, 0x7, 0xec, 0x0, 0x1, 0x5, 0xfe, 0x6,
    0xff, 0xa, 0x75, 0xff, 0x10, 0x0, 0x9, 0xfe,
    0x0, 0x0, 0x5, 0xfe, 0x6, 0xff, 0x2, 0x5,
    0xff, 0x10, 0x0, 0x9, 0xfe, 0x0, 0x0, 0x5,
    0xfe, 0x6, 0xff, 0x0, 0x5, 0xff, 0x13, 0xee,
    0xef, 0xff, 0xee, 0xee, 0x15, 0xfe, 0x6, 0xff,
    0x0, 0x5, 0xff, 0x14, 0xff, 0xff, 0xff, 0xff,
    0xff, 0x15, 0xfe, 0x6, 0xff, 0x0, 0x5, 0xff,
    0x11, 0x66, 0x6c, 0xff, 0x66, 0x66, 0x5, 0xfe,
    0x6, 0xff, 0x0, 0x5, 0xff, 0x10, 0x0, 0x9,
    0xfe, 0x0, 0x0, 0x5, 0xfe, 0x6, 0xff, 0x0,
    0x5, 0xff, 0x10, 0x0, 0x9, 0xfe, 0x0, 0x0,
    0x3, 0x98, 0x6, 0xff, 0x0, 0x5, 0xff, 0x10,
    0x0, 0x9, 0xfe, 0x36, 0x9b, 0x70, 0x0, 0x6,
    0xff, 0x0, 0x5, 0xff, 0x10, 0x25, 0x7d, 0xff,
    0xff, 0xff, 0x90, 0x0, 0x6, 0xff, 0x0, 0x5,
    0xff, 0x1f, 0xff, 0xff, 0xff, 0xeb, 0x84, 0x10,
    0x0, 0x6, 0xff, 0x0, 0x5, 0xff, 0x1c, 0xff,
    0xc8, 0x52, 0x0, 0x0, 0x3, 0x55, 0x4a, 0xff,
    0x0, 0x5, 0xff, 0x13, 0x20, 0x0, 0x0, 0x0,
    0x0, 0x3, 0xff, 0xff, 0xfb, 0x0, 0x5, 0xff,
    0x10, 0x0, 0x0, 0x0, 0x0, 0x0, 0x0, 0xdf,
    0xfd, 0x91,

    /* U+5173 "关" */
    0x0, 0x0, 0x0, 0x15, 0x0, 0x0, 0x0, 0x0,
    0x0, 0x27, 0x20, 0x0, 0x0, 0x0, 0x0, 0x0,
    0x6f, 0xf4, 0x0, 0x0, 0x0, 0x0, 0x9, 0xff,
    0x70, 0x0, 0x0, 0x0, 0x0, 0x2, 0xff, 0xe1,
    0x0, 0x0, 0x0, 0x1, 0xff, 0xf1, 0x0, 0x0,
    0x0, 0x0, 0x0, 0x7, 0xff, 0x90, 0x0, 0x0,
    0x0, 0x9f, 0xf7, 0x0, 0x0, 0x0, 0x0, 0x0,
    0x0, 0xd, 0xff, 0x20, 0x0, 0x0, 0x2f, 0xfd,
    0x0, 0x0, 0x0, 0x0, 0x0, 0x0, 0x0, 0x5f,
    0xa1, 0x0, 0x0, 0xb, 0xff, 0x30, 0x0, 0x0,
    0x0, 0x0, 0x2e, 0xee, 0xee, 0xfe, 0xee, 0xee,
    0xee, 0xff, 0xfe, 0xee, 0xee, 0x0, 0x0, 0x3,
    0xff, 0xff, 0xff, 0xff, 0xff, 0xff, 0xff, 0xff,
    0xff, 0xff, 0xf0, 0x0, 0x0, 0x2b, 0xbb, 0xbb,
    0xbb, 0xbc, 0xff, 0xfb, 0xbb, 0xbb, 0xbb, 0xbb,
    0x0, 0x0, 0x0, 0x0, 0x0, 0x0, 0x0, 0x2f,
    0xfe, 0x0, 0x0, 0x0, 0x0, 0x0, 0x0, 0x0,
    0x0, 0x0, 0x0, 0x0, 0x2, 0xff, 0xe0, 0x0,
    0x0, 0x0, 0x0, 0x0, 0x0, 0x0, 0x0, 0x0,
    0x0, 0x0, 0x2f, 0xfe, 0x0, 0x0, 0x0, 0x0,
    0x0, 0x0, 0x0, 0x0, 0x0, 0x0, 0x0, 0x2,
    0xff, 0xe0, 0x0, 0x0, 0x0, 0x0, 0x0, 0x0,
    0xaa, 0xaa, 0xaa, 0xaa, 0xaa, 0xbf, 0xff, 0xaa,
    0xaa, 0xaa, 0xaa, 0xaa, 0x50, 0xf, 0xff, 0xff,
    0xff, 0xff, 0xff, 0xff, 0xff, 0xff, 0xff, 0xff,
    0xff, 0xf8, 0x0, 0xef, 0xff, 0xff, 0xff, 0xff,
    0xff, 0xff, 0xff, 0xff, 0xff, 0xff, 0xff, 0x70,
    0x0, 0x0, 0x0, 0x0, 0x0, 0xe, 0xff, 0xfd,
    0x0, 0x0, 0x0, 0x0, 0x0, 0x0, 0x0, 0x0,
    0x0, 0x0, 0x7, 0xff, 0xff, 0xf8, 0x0, 0x0,
    0x0, 0x0, 0x0, 0x0, 0x0, 0x0, 0x0, 0x3,
    0xff, 0xf8, 0xdf, 0xf5, 0x0, 0x0, 0x0, 0x0,
    0x0, 0x0, 0x0, 0x0, 0x3, 0xef, 0xfd, 0x3,
    0xff, 0xf5, 0x0, 0x0, 0x0, 0x0, 0x0, 0x0,
    0x0, 0x5, 0xff, 0xff, 0x20, 0x7, 0xff, 0xf8,
    0x0, 0x0, 0x0, 0x0, 0x0, 0x0, 0x2a, 0xff,
    0xff, 0x30, 0x0, 0x9, 0xff, 0xfc, 0x30, 0x0,
    0x0, 0x0, 0x2, 0x9f, 0xff, 0xfd, 0x20, 0x0,
    0x0, 0x8, 0xff, 0xff, 0xb4, 0x0, 0x1, 0x6c,
    0xff, 0xff, 0xf8, 0x0, 0x0, 0x0, 0x0, 0x5,
    0xef, 0xff, 0xfe, 0xa1, 0x3f, 0xff, 0xff, 0xa2,
    0x0, 0x0, 0x0, 0x0, 0x0, 0x1, 0x9f, 0xff,
    0xf9, 0x0, 0x4f, 0xe8, 0x20, 0x0, 0x0, 0x0,
    0x0, 0x0, 0x0, 0x0, 0x18, 0xed, 0x0, 0x0,
    0x30, 0x0, 0x0, 0x0, 0x0, 0x0, 0x0, 0x0,
    0x0, 0x0, 0x0, 0x10, 0x0,

    /* U+5206 "分" */
    0x0, 0x0, 0x0, 0x1, 0x30, 0x0, 0x0, 0x0,
    0x3, 0x10, 0x0, 0x0, 0x0, 0x0, 0x0, 0x0,
    0x0, 0x7f, 0xe6, 0x0, 0x0, 0x2d, 0xf8, 0x0,
    0x0, 0x0, 0x0, 0x0, 0x0, 0x0, 0xe, 0xff,
    0x30, 0x0, 0x0, 0xef, 0xf1, 0x0, 0x0, 0x0,
    0x0, 0x0, 0x0, 0x7, 0xff, 0xc0, 0x0, 0x0,
    0x6, 0xff, 0xb0, 0x0, 0x0, 0x0, 0x0, 0x0,
    0x1, 0xef, 0xf4, 0x0, 0x0, 0x0, 0xc, 0xff,
    0x50, 0x0, 0x0, 0x0, 0x0, 0x0, 0xaf, 0xfb,
    0x0, 0x0, 0x0, 0x0, 0x3f, 0xff, 0x20, 0x0,
    0x0, 0x0, 0x0, 0x5f, 0xff, 0x20, 0x0, 0x0,
    0x0, 0x0, 0x8f, 0xfc, 0x0, 0x0, 0x0, 0x0,
    0x2f, 0xff, 0x70, 0x0, 0x0, 0x0, 0x0, 0x0,
    0xdf, 0xfa, 0x0, 0x0, 0x0, 0x1d, 0xff, 0xb0,
    0x0, 0x0, 0x0, 0x0, 0x0, 0x2, 0xff, 0xf9,
    0x0, 0x0, 0x1d, 0xff, 0xe1, 0x0, 0x0, 0x0,
    0x0, 0x0, 0x0, 0x5, 0xff, 0xf9, 0x0, 0x2e,
    0xff, 0xf9, 0x66, 0x66, 0x66, 0x66, 0x66, 0x66,
    0x68, 0x6c, 0xff, 0xfa, 0x7, 0xff, 0xfd, 0xff,
    0xff, 0xff, 0xff, 0xff, 0xff, 0xff, 0xff, 0xd9,
    0xff, 0x40, 0x6, 0xe4, 0xaf, 0xff, 0xff, 0xff,
    0xff, 0xff, 0xff, 0xff, 0xfc, 0x9, 0x50, 0x0,
    0x1, 0x2, 0x33, 0x33, 0xdf, 0xf4, 0x33, 0x33,
    0x33, 0xff, 0xb0, 0x0, 0x0, 0x0, 0x0, 0x0,
    0x0, 0xe, 0xfe, 0x0, 0x0, 0x0, 0xf, 0xfb,
    0x0, 0x0, 0x0, 0x0, 0x0, 0x0, 0x1, 0xff,
    0xb0, 0x0, 0x0, 0x1, 0xff, 0xa0, 0x0, 0x0,
    0x0, 0x0, 0x0, 0x0, 0x5f, 0xf7, 0x0, 0x0,
    0x0, 0x2f, 0xf9, 0x0, 0x0, 0x0, 0x0, 0x0,
    0x0, 0xb, 0xff, 0x30, 0x0, 0x0, 0x3, 0xff,
    0x80, 0x0, 0x0, 0x0, 0x0, 0x0, 0x2, 0xff,
    0xd0, 0x0, 0x0, 0x0, 0x5f, 0xf7, 0x0, 0x0,
    0x0, 0x0, 0x0, 0x0, 0xbf, 0xf6, 0x0, 0x0,
    0x0, 0x6, 0xff, 0x50, 0x0, 0x0, 0x0, 0x0,
    0x0, 0x8f, 0xfd, 0x0, 0x0, 0x0, 0x0, 0x8f,
    0xf4, 0x0, 0x0, 0x0, 0x0, 0x0, 0x8f, 0xff,
    0x40, 0x0, 0x0, 0x0, 0xb, 0xff, 0x20, 0x0,
    0x0, 0x0, 0x2, 0xbf, 0xff, 0x60, 0x0, 0x0,
    0x0, 0x0, 0xff, 0xf0, 0x0, 0x0, 0x0, 0x39,
    0xff, 0xff, 0x70, 0x0, 0x2, 0x99, 0x88, 0xcf,
    0xfc, 0x0, 0x0, 0x0, 0xd, 0xff, 0xfe, 0x40,
    0x0, 0x0, 0xe, 0xff, 0xff, 0xff, 0x50, 0x0,
    0x0, 0x0, 0x2f, 0xe7, 0x0, 0x0, 0x0, 0x0,
    0xaf, 0xff, 0xfd, 0x60, 0x0, 0x0, 0x0, 0x0,
    0x30, 0x0, 0x0, 0x0, 0x0, 0x0, 0x0, 0x0,
    0x0, 0x0, 0x0, 0x0, 0x0,

    /* U+52A8 "动" */
    0x0, 0x0, 0x0, 0x0, 0x0, 0x0, 0x0, 0x0,
    0x2, 0x21, 0x0, 0x0, 0x0, 0x0, 0x0, 0x0,
    0x0, 0x0, 0x0, 0x0, 0x0, 0xf, 0xf9, 0x0,
    0x0, 0x0, 0x2, 0x66, 0x66, 0x66, 0x66, 0x66,
    0x20, 0x0, 0xf, 0xf9, 0x0, 0x0, 0x0, 0x7,
    0xff, 0xff, 0xff, 0xff, 0xff, 0x60, 0x0, 0xf,
    0xf8, 0x0, 0x0, 0x0, 0x7, 0xff, 0xff, 0xff,
    0xff, 0xff, 0x60, 0x0, 0x1f, 0xf8, 0x0, 0x0,
    0x0, 0x0, 0x0, 0x0, 0x0, 0x0, 0x0, 0x0,
    0x0, 0x1f, 0xf8, 0x0, 0x0, 0x0, 0x0, 0x0,
    0x0, 0x0, 0x0, 0x0, 0x4, 0x66, 0x7f, 0xfb,
    0x66, 0x67, 0x74, 0x0, 0x0, 0x0, 0x0, 0x0,
    0x0, 0xb, 0xff, 0xff, 0xff, 0xff, 0xff, 0xfb,
    0x0, 0x0, 0x0, 0x0, 0x0, 0x0, 0xb, 0xff,
    0xff, 0xff, 0xff, 0xff, 0xfa, 0x6f, 0xff, 0xff,
    0xff, 0xff, 0xff, 0xe0, 0x11, 0x4f, 0xf7, 0x11,
    0x1f, 0xfa, 0x7f, 0xff, 0xff, 0xff, 0xff, 0xff,
    0xe0, 0x0, 0x4f, 0xf5, 0x0, 0xf, 0xf9, 0x37,
    0x77, 0xef, 0xf7, 0x77, 0x77, 0x70, 0x0, 0x5f,
    0xf3, 0x0, 0xf, 0xf9, 0x0, 0x0, 0xff, 0xb0,
    0x0, 0x0, 0x0, 0x0, 0x7f, 0xf2, 0x0, 0x1f,
    0xf8, 0x0, 0x3, 0xff, 0x70, 0x0, 0x30, 0x0,
    0x0, 0x9f, 0xf0, 0x0, 0x1f, 0xf7, 0x0, 0x7,
    0xff, 0x20, 0x1f, 0xf3, 0x0, 0x0, 0xbf, 0xe0,
    0x0, 0x2f, 0xf7, 0x0, 0xc, 0xfd, 0x0, 0xc,
    0xfa, 0x0, 0x0, 0xef, 0xc0, 0x0, 0x2f, 0xf6,
    0x0, 0x1f, 0xf7, 0x0, 0x6, 0xff, 0x0, 0x1,
    0xff, 0x90, 0x0, 0x3f, 0xf5, 0x0, 0x7f, 0xf1,
    0x0, 0x1, 0xff, 0x60, 0x5, 0xff, 0x50, 0x0,
    0x4f, 0xf4, 0x0, 0xdf, 0xb0, 0x2, 0x6a, 0xff,
    0xc0, 0xa, 0xff, 0x10, 0x0, 0x5f, 0xf3, 0x4,
    0xff, 0xbb, 0xff, 0xff, 0xff, 0xf1, 0x1f, 0xfc,
    0x0, 0x0, 0x7f, 0xf2, 0xe, 0xff, 0xff, 0xff,
    0xfc, 0x9f, 0xf6, 0x7f, 0xf7, 0x0, 0x0, 0x9f,
    0xf1, 0xd, 0xff, 0xfc, 0x84, 0x0, 0xc, 0xb5,
    0xef, 0xf1, 0x0, 0x0, 0xbf, 0xf0, 0x7, 0xa5,
    0x10, 0x0, 0x0, 0x0, 0xa, 0xff, 0x90, 0x0,
    0x0, 0xff, 0xc0, 0x0, 0x0, 0x0, 0x0, 0x0,
    0x0, 0x6f, 0xff, 0x15, 0x98, 0x8c, 0xff, 0x90,
    0x0, 0x0, 0x0, 0x0, 0x0, 0x0, 0xdf, 0xf5,
    0x4, 0xff, 0xff, 0xff, 0x20, 0x0, 0x0, 0x0,
    0x0, 0x0, 0x0, 0x1d, 0x80, 0x0, 0xef, 0xff,
    0xc4, 0x0, 0x0, 0x0, 0x0, 0x0, 0x0, 0x0,
    0x1, 0x0, 0x0, 0x0, 0x0, 0x0, 0x0,

    /* U+52A9 "助" */
    0x0, 0x0, 0x0, 0x0, 0x0, 0x0, 0x0, 0x0,
    0x6, 0xa9, 0x0, 0x0, 0x0, 0x0, 0x1, 0x66,
    0x66, 0x66, 0x66, 0x61, 0x0, 0x0, 0xaf, 0xe0,
    0x0, 0x0, 0x0, 0x0, 0x2f, 0xff, 0xff, 0xff,
    0xff, 0x40, 0x0, 0xa, 0xfe, 0x0, 0x0, 0x0,
    0x0, 0x2, 0xff, 0xff, 0xff, 0xff, 0xf4, 0x0,
    0x0, 0xaf, 0xe0, 0x0, 0x0, 0x0, 0x0, 0x2f,
    0xf3, 0x0, 0x4, 0xff, 0x40, 0x0, 0xa, 0xfe,
    0x0, 0x0, 0x0, 0x0, 0x2, 0xff, 0x30, 0x0,
    0x3f, 0xf4, 0x0, 0x0, 0xaf, 0xe0, 0x0, 0x0,
    0x0, 0x0, 0x2f, 0xf3, 0x0, 0x3, 0xff, 0x45,
    0x66, 0x6d, 0xfe, 0x66, 0x66, 0x86, 0x20, 0x2,
    0xff, 0x86, 0x66, 0x8f, 0xf4, 0xef, 0xff, 0xff,
    0xff, 0xff, 0xff, 0xf5, 0x0, 0x2f, 0xff, 0xff,
    0xff, 0xff, 0x4e, 0xff, 0xff, 0xff, 0xff, 0xff,
    0xff, 0x40, 0x2, 0xff, 0xff, 0xff, 0xff, 0xf4,
    0x11, 0x11, 0xdf, 0xc1, 0x11, 0x5f, 0xf4, 0x0,
    0x2f, 0xf3, 0x0, 0x3, 0xff, 0x40, 0x0, 0xe,
    0xfa, 0x0, 0x4, 0xff, 0x40, 0x2, 0xff, 0x30,
    0x0, 0x3f, 0xf4, 0x0, 0x0, 0xff, 0x80, 0x0,
    0x5f, 0xf3, 0x0, 0x2f, 0xf3, 0x0, 0x3, 0xff,
    0x40, 0x0, 0x1f, 0xf7, 0x0, 0x5, 0xff, 0x30,
    0x2, 0xff, 0x86, 0x66, 0x8f, 0xf4, 0x0, 0x4,
    0xff, 0x50, 0x0, 0x5f, 0xf2, 0x0, 0x2f, 0xff,
    0xff, 0xff, 0xff, 0x40, 0x0, 0x7f, 0xf2, 0x0,
    0x6, 0xff, 0x20, 0x2, 0xff, 0xff, 0xff, 0xff,
    0xf4, 0x0, 0xb, 0xff, 0x0, 0x0, 0x7f, 0xf1,
    0x0, 0x2f, 0xf3, 0x0, 0x3, 0xff, 0x40, 0x0,
    0xff, 0xb0, 0x0, 0x7, 0xff, 0x10, 0x2, 0xff,
    0x30, 0x0, 0x3f, 0xf4, 0x0, 0x4f, 0xf6, 0x0,
    0x0, 0x8f, 0xf0, 0x0, 0x2f, 0xf3, 0x0, 0x3,
    0xff, 0x96, 0xb, 0xff, 0x10, 0x0, 0x9, 0xff,
    0x0, 0x2, 0xff, 0x32, 0x59, 0xdf, 0xff, 0xc3,
    0xff, 0xb0, 0x0, 0x0, 0xaf, 0xe0, 0x3, 0x8f,
    0xff, 0xff, 0xff, 0xff, 0xfc, 0xcf, 0xf4, 0x0,
    0x0, 0xc, 0xfd, 0x0, 0xff, 0xff, 0xff, 0xfe,
    0xb7, 0x41, 0x8f, 0xfb, 0x0, 0x0, 0x0, 0xef,
    0xb0, 0xd, 0xff, 0xc8, 0x52, 0x0, 0x0, 0x7f,
    0xff, 0x20, 0x0, 0x0, 0x2f, 0xf8, 0x0, 0x43,
    0x0, 0x0, 0x0, 0x0, 0x9f, 0xff, 0x50, 0x8,
    0x77, 0x7c, 0xff, 0x50, 0x0, 0x0, 0x0, 0x0,
    0x0, 0x4f, 0xff, 0x60, 0x0, 0xaf, 0xff, 0xff,
    0xe0, 0x0, 0x0, 0x0, 0x0, 0x0, 0x0, 0x5e,
    0x40, 0x0, 0x6, 0xff, 0xff, 0xb2, 0x0, 0x0,
    0x0, 0x0, 0x0, 0x0, 0x0, 0x0, 0x0, 0x0,
    0x0, 0x0, 0x0, 0x0, 0x0,

    /* U+539F "原" */
    0x0, 0x2, 0x34, 0x33, 0x33, 0x33, 0x33, 0x33,
    0x33, 0x33, 0x33, 0x33, 0x33, 0x10, 0x0, 0x9f,
    0xff, 0xff, 0xff, 0xff, 0xff, 0xff, 0xff, 0xff,
    0xff, 0xff, 0xf8, 0x0, 0x9, 0xff, 0xff, 0xff,
    0xff, 0xff, 0xff, 0xff, 0xff, 0xff, 0xff, 0xff,
    0x80, 0x0, 0x9f, 0xf4, 0x33, 0x33, 0x33, 0x38,
    0xa8, 0x53, 0x33, 0x33, 0x33, 0x31, 0x0, 0x9,
    0xff, 0x0, 0x0, 0x0, 0x0, 0xdf, 0xf4, 0x0,
    0x0, 0x0, 0x0, 0x0, 0x0, 0x9f, 0xf0, 0x1,
    0x11, 0x11, 0x5f, 0xfc, 0x11, 0x11, 0x11, 0x10,
    0x0, 0x0, 0x9, 0xff, 0x0, 0xaf, 0xff, 0xff,
    0xff, 0xff, 0xff, 0xff, 0xff, 0xa0, 0x0, 0x0,
    0x9f, 0xf0, 0xa, 0xff, 0xff, 0xff, 0xff, 0xff,
    0xff, 0xff, 0xfa, 0x0, 0x0, 0x9, 0xff, 0x0,
    0xaf, 0xe0, 0x0, 0x0, 0x0, 0x0, 0x1, 0xff,
    0xa0, 0x0, 0x0, 0x9f, 0xf0, 0xa, 0xfe, 0x0,
    0x0, 0x0, 0x0, 0x0, 0x1f, 0xfa, 0x0, 0x0,
    0x9, 0xff, 0x0, 0xaf, 0xff, 0xff, 0xff, 0xff,
    0xff, 0xff, 0xff, 0xa0, 0x0, 0x0, 0xaf, 0xf0,
    0xa, 0xff, 0xee, 0xee, 0xee, 0xee, 0xee, 0xef,
    0xfa, 0x0, 0x0, 0xa, 0xff, 0x0, 0xaf, 0xe0,
    0x0, 0x0, 0x0, 0x0, 0x1, 0xff, 0xa0, 0x0,
    0x0, 0xbf, 0xe0, 0xa, 0xfe, 0x0, 0x0, 0x0,
    0x0, 0x0, 0x1f, 0xfa, 0x0, 0x0, 0xd, 0xfc,
    0x0, 0xaf, 0xff, 0xff, 0xff, 0xff, 0xff, 0xff,
    0xff, 0xa0, 0x0, 0x0, 0xef, 0xb0, 0xa, 0xff,
    0xff, 0xff, 0xff, 0xff, 0xff, 0xff, 0xfa, 0x0,
    0x0, 0x1f, 0xf9, 0x0, 0x0, 0x0, 0x0, 0xf,
    0xf9, 0x0, 0x0, 0x0, 0x0, 0x0, 0x3, 0xff,
    0x60, 0x0, 0x1a, 0x61, 0x0, 0xff, 0x90, 0x2,
    0x92, 0x0, 0x0, 0x0, 0x7f, 0xf3, 0x0, 0xa,
    0xff, 0x60, 0xf, 0xf9, 0x1, 0xef, 0xe1, 0x0,
    0x0, 0xb, 0xff, 0x0, 0x7, 0xff, 0xa0, 0x0,
    0xff, 0x90, 0x4, 0xff, 0xd0, 0x0, 0x0, 0xff,
    0xb0, 0x5, 0xff, 0xd0, 0x0, 0xf, 0xf9, 0x0,
    0x6, 0xff, 0xb0, 0x0, 0x6f, 0xf7, 0x5, 0xff,
    0xe2, 0x0, 0x0, 0xff, 0x90, 0x0, 0x8, 0xff,
    0x90, 0xd, 0xff, 0x11, 0xef, 0xf4, 0x3, 0x44,
    0x4f, 0xf8, 0x0, 0x0, 0xa, 0xff, 0x50, 0x7f,
    0x90, 0x1, 0xa5, 0x0, 0x7f, 0xff, 0xff, 0x60,
    0x0, 0x0, 0xc, 0x70, 0x0, 0x11, 0x0, 0x0,
    0x0, 0x1, 0xff, 0xfe, 0x90, 0x0, 0x0, 0x0,
    0x0, 0x0, 0x0, 0x0, 0x0, 0x0, 0x0, 0x0,
    0x0, 0x0, 0x0, 0x0, 0x0, 0x0, 0x0,

    /* U+53D1 "发" */
    0x0, 0x0, 0x0, 0x0, 0x0, 0x0, 0x6a, 0x72,
    0x0, 0x0, 0x30, 0x0, 0x0, 0x0, 0x0, 0x0,
    0x1, 0xeb, 0x70, 0x0, 0xaf, 0xf5, 0x0, 0x9,
    0xfa, 0x0, 0x0, 0x0, 0x0, 0x0, 0x5, 0xff,
    0x80, 0x0, 0xcf, 0xf3, 0x0, 0xa, 0xff, 0x90,
    0x0, 0x0, 0x0, 0x0, 0xb, 0xff, 0x30, 0x0,
    0xff, 0xf0, 0x0, 0x0, 0xbf, 0xf8, 0x0, 0x0,
    0x0, 0x0, 0x2f, 0xfc, 0x0, 0x2, 0xff, 0xd0,
    0x0, 0x0, 0x1d, 0xff, 0x20, 0x0, 0x0, 0x0,
    0x9f, 0xf5, 0x0, 0x5, 0xff, 0xa0, 0x0, 0x0,
    0x2, 0xb2, 0x0, 0x0, 0x0, 0x3, 0xff, 0xf7,
    0x77, 0x7c, 0xff, 0xb7, 0x77, 0x77, 0x77, 0x77,
    0x77, 0x10, 0x0, 0xc, 0xff, 0xff, 0xff, 0xff,
    0xff, 0xff, 0xff, 0xff, 0xff, 0xff, 0xff, 0x30,
    0x0, 0x7, 0xff, 0xff, 0xff, 0xff, 0xff, 0xff,
    0xff, 0xff, 0xff, 0xff, 0xff, 0x30, 0x0, 0x1,
    0x51, 0x0, 0x0, 0x7f, 0xfa, 0x0, 0x0, 0x0,
    0x0, 0x0, 0x0, 0x0, 0x0, 0x0, 0x0, 0x0,
    0x0, 0xcf, 0xf5, 0x0, 0x0, 0x0, 0x0, 0x0,
    0x0, 0x0, 0x0, 0x0, 0x0, 0x0, 0x2, 0xff,
    0xf1, 0x0, 0x0, 0x0, 0x1, 0x10, 0x0, 0x0,
    0x0, 0x0, 0x0, 0x0, 0x9, 0xff, 0xff, 0xff,
    0xff, 0xff, 0xff, 0xf9, 0x0, 0x0, 0x0, 0x0,
    0x0, 0x0, 0x1f, 0xff, 0xff, 0xff, 0xff, 0xff,
    0xff, 0xfd, 0x0, 0x0, 0x0, 0x0, 0x0, 0x0,
    0xaf, 0xff, 0xc8, 0x88, 0x88, 0x88, 0xdf, 0xf7,
    0x0, 0x0, 0x0, 0x0, 0x0, 0x3, 0xff, 0xff,
    0xe1, 0x0, 0x0, 0x2, 0xff, 0xe0, 0x0, 0x0,
    0x0, 0x0, 0x0, 0xd, 0xff, 0xbf, 0xfa, 0x0,
    0x0, 0xb, 0xff, 0x70, 0x0, 0x0, 0x0, 0x0,
    0x0, 0xaf, 0xfe, 0x18, 0xff, 0x70, 0x0, 0x7f,
    0xfd, 0x0, 0x0, 0x0, 0x0, 0x0, 0x8, 0xff,
    0xf4, 0x0, 0xcf, 0xf6, 0x6, 0xff, 0xf2, 0x0,
    0x0, 0x0, 0x0, 0x0, 0x8f, 0xff, 0x70, 0x0,
    0x2e, 0xff, 0xaf, 0xff, 0x50, 0x0, 0x0, 0x0,
    0x0, 0xa, 0xff, 0xf8, 0x0, 0x0, 0x3, 0xff,
    0xff, 0xf6, 0x0, 0x0, 0x0, 0x0, 0x4, 0xdf,
    0xff, 0x80, 0x0, 0x0, 0x5, 0xef, 0xff, 0xf6,
    0x0, 0x0, 0x0, 0x0, 0x1d, 0xff, 0xf6, 0x0,
    0x0, 0x4, 0xcf, 0xff, 0xff, 0xff, 0xd6, 0x10,
    0x0, 0x0, 0x1, 0xec, 0x20, 0x0, 0x38, 0xef,
    0xff, 0xf8, 0x7, 0xff, 0xff, 0xfb, 0x62, 0x0,
    0x0, 0x20, 0x0, 0x1d, 0xff, 0xff, 0xf9, 0x20,
    0x0, 0x19, 0xff, 0xff, 0xff, 0xc0, 0x0, 0x0,
    0x0, 0x7, 0xff, 0xd7, 0x10, 0x0, 0x0, 0x0,
    0x16, 0xcf, 0xff, 0x30, 0x0, 0x0, 0x0, 0x0,
    0x73, 0x0, 0x0, 0x0, 0x0, 0x0, 0x0, 0x1,
    0x55, 0x0,

    /* U+53F7 "号" */
    0x0, 0x0, 0x55, 0x55, 0x55, 0x55, 0x55, 0x55,
    0x55, 0x55, 0x54, 0x0, 0x0, 0x0, 0x1, 0xff,
    0xff, 0xff, 0xff, 0xff, 0xff, 0xff, 0xff, 0xfc,
    0x0, 0x0, 0x0, 0x1, 0xff, 0xff, 0xff, 0xff,
    0xff, 0xff, 0xff, 0xff, 0xfc, 0x0, 0x0, 0x0,
    0x1, 0xff, 0x80, 0x0, 0x0, 0x0, 0x0, 0x0,
    0xf, 0xfc, 0x0, 0x0, 0x0, 0x1, 0xff, 0x80,
    0x0, 0x0, 0x0, 0x0, 0x0, 0xf, 0xfc, 0x0,
    0x0, 0x0, 0x1, 0xff, 0x80, 0x0, 0x0, 0x0,
    0x0, 0x0, 0xf, 0xfc, 0x0, 0x0, 0x0, 0x1,
    0xff, 0xff, 0xff, 0xff, 0xff, 0xff, 0xff, 0xff,
    0xfc, 0x0, 0x0, 0x0, 0x1, 0xff, 0xff, 0xff,
    0xff, 0xff, 0xff, 0xff, 0xff, 0xfc, 0x0, 0x0,
    0x0, 0x0, 0x66, 0x66, 0x66, 0x66, 0x66, 0x66,
    0x66, 0x66, 0x64, 0x0, 0x0, 0x0, 0x0, 0x0,
    0x0, 0x0, 0x0, 0x0, 0x0, 0x0, 0x0, 0x0,
    0x0, 0x0, 0x37, 0x77, 0x77, 0x77, 0x77, 0x77,
    0x77, 0x77, 0x77, 0x77, 0x77, 0x77, 0x70, 0x8f,
    0xff, 0xff, 0xff, 0xff, 0xff, 0xff, 0xff, 0xff,
    0xff, 0xff, 0xff, 0xf1, 0x8f, 0xff, 0xff, 0xff,
    0xff, 0xff, 0xff, 0xff, 0xff, 0xff, 0xff, 0xff,
    0xf1, 0x0, 0x0, 0x2, 0xff, 0xd0, 0x0, 0x0,
    0x0, 0x0, 0x0, 0x0, 0x0, 0x0, 0x0, 0x0,
    0x7, 0xff, 0x80, 0x0, 0x0, 0x0, 0x0, 0x0,
    0x0, 0x0, 0x0, 0x0, 0x0, 0xd, 0xff, 0x85,
    0x55, 0x55, 0x55, 0x55, 0x57, 0x55, 0x0, 0x0,
    0x0, 0x0, 0x2f, 0xff, 0xff, 0xff, 0xff, 0xff,
    0xff, 0xff, 0xfc, 0x0, 0x0, 0x0, 0x0, 0x9f,
    0xff, 0xff, 0xff, 0xff, 0xff, 0xff, 0xff, 0xfa,
    0x0, 0x0, 0x0, 0x0, 0x0, 0x10, 0x0, 0x0,
    0x0, 0x0, 0x0, 0x6f, 0xf7, 0x0, 0x0, 0x0,
    0x0, 0x0, 0x0, 0x0, 0x0, 0x0, 0x0, 0x0,
    0x9f, 0xf5, 0x0, 0x0, 0x0, 0x0, 0x0, 0x0,
    0x0, 0x0, 0x0, 0x0, 0x0, 0xdf, 0xf1, 0x0,
    0x0, 0x0, 0x0, 0x0, 0x0, 0x0, 0x0, 0x0,
    0x0, 0x3, 0xff, 0xd0, 0x0, 0x0, 0x0, 0x0,
    0x0, 0x0, 0x0, 0x7, 0x77, 0x66, 0x6d, 0xff,
    0x70, 0x0, 0x0, 0x0, 0x0, 0x0, 0x0, 0x0,
    0x6, 0xff, 0xff, 0xff, 0xfe, 0x0, 0x0, 0x0,
    0x0, 0x0, 0x0, 0x0, 0x0, 0x2, 0xff, 0xff,
    0xfe, 0xa2, 0x0, 0x0, 0x0, 0x0, 0x0, 0x0,
    0x0, 0x0, 0x0, 0x0, 0x0, 0x0, 0x0, 0x0,
    0x0, 0x0,

    /* U+542F "启" */
    0x0, 0x0, 0x0, 0x0, 0x0, 0x0, 0x25, 0x0,
    0x0, 0x0, 0x0, 0x0, 0x0, 0x0, 0x0, 0x0,
    0x0, 0x0, 0xaf, 0xf4, 0x0, 0x0, 0x0, 0x0,
    0x0, 0x0, 0x0, 0x0, 0x0, 0x0, 0x3, 0xff,
    0xc0, 0x0, 0x0, 0x0, 0x0, 0x0, 0x0, 0x0,
    0x0, 0x0, 0x0, 0xc, 0xff, 0x30, 0x0, 0x0,
    0x0, 0x0, 0x0, 0x5, 0x88, 0x88, 0x88, 0x88,
    0xcf, 0xfb, 0x88, 0x88, 0x88, 0x85, 0x0, 0x0,
    0xaf, 0xff, 0xff, 0xff, 0xff, 0xff, 0xff, 0xff,
    0xff, 0xff, 0xb0, 0x0, 0xa, 0xff, 0xff, 0xff,
    0xff, 0xff, 0xff, 0xff, 0xff, 0xff, 0xfb, 0x0,
    0x0, 0xaf, 0xf1, 0x0, 0x0, 0x0, 0x0, 0x0,
    0x0, 0x0, 0xff, 0xb0, 0x0, 0xa, 0xff, 0x10,
    0x0, 0x0, 0x0, 0x0, 0x0, 0x0, 0xf, 0xfb,
    0x0, 0x0, 0xaf, 0xf1, 0x0, 0x0, 0x0, 0x0,
    0x0, 0x0, 0x0, 0xff, 0xb0, 0x0, 0xa, 0xff,
    0xff, 0xff, 0xff, 0xff, 0xff, 0xff, 0xff, 0xff,
    0xfb, 0x0, 0x0, 0xaf, 0xff, 0xff, 0xff, 0xff,
    0xff, 0xff, 0xff, 0xff, 0xff, 0xb0, 0x0, 0xa,
    0xff, 0x88, 0x88, 0x88, 0x88, 0x88, 0x88, 0x88,
    0x88, 0x85, 0x0, 0x0, 0xbf, 0xf0, 0x0, 0x0,
    0x0, 0x0, 0x0, 0x0, 0x0, 0x0, 0x0, 0x0,
    0xc, 0xff, 0x0, 0x0, 0x0, 0x0, 0x0, 0x0,
    0x0, 0x0, 0x0, 0x0, 0x0, 0xdf, 0xd0, 0xff,
    0xff, 0xff, 0xff, 0xff, 0xff, 0xff, 0xff, 0xf4,
    0x0, 0xf, 0xfc, 0xf, 0xff, 0xff, 0xff, 0xff,
    0xff, 0xff, 0xff, 0xff, 0x40, 0x1, 0xff, 0xa0,
    0xff, 0xc7, 0x77, 0x77, 0x77, 0x77, 0x77, 0xbf,
    0xf4, 0x0, 0x4f, 0xf7, 0xf, 0xf9, 0x0, 0x0,
    0x0, 0x0, 0x0, 0x7, 0xff, 0x40, 0x8, 0xff,
    0x40, 0xff, 0x90, 0x0, 0x0, 0x0, 0x0, 0x0,
    0x7f, 0xf4, 0x0, 0xdf, 0xf0, 0xf, 0xf9, 0x0,
    0x0, 0x0, 0x0, 0x0, 0x7, 0xff, 0x40, 0x3f,
    0xfb, 0x0, 0xff, 0x90, 0x0, 0x0, 0x0, 0x0,
    0x0, 0x7f, 0xf4, 0xa, 0xff, 0x50, 0xf, 0xff,
    0xff, 0xff, 0xff, 0xff, 0xff, 0xff, 0xff, 0x44,
    0xff, 0xe0, 0x0, 0xff, 0xff, 0xff, 0xff, 0xff,
    0xff, 0xff, 0xff, 0xf4, 0xaf, 0xf6, 0x0, 0xf,
    0xfc, 0x77, 0x77, 0x77, 0x77, 0x77, 0x7b, 0xff,
    0x40, 0x9c, 0x0, 0x0, 0xff, 0x90, 0x0, 0x0,
    0x0, 0x0, 0x0, 0x7f, 0xf4, 0x0, 0x10, 0x0,
    0x0, 0x0, 0x0, 0x0, 0x0, 0x0, 0x0, 0x0,
    0x0, 0x0,

    /* U+56FE "图" */
    0x47, 0x77, 0x77, 0x77, 0x77, 0x77, 0x77, 0x77,
    0x77, 0x77, 0x77, 0x77, 0xa, 0xff, 0xff, 0xff,
    0xff, 0xff, 0xff, 0xff, 0xff, 0xff, 0xff, 0xff,
    0xf1, 0xaf, 0xff, 0xff, 0xff, 0xff, 0xff, 0xff,
    0xff, 0xff, 0xff, 0xff, 0xff, 0x1a, 0xfe, 0x0,
    0x0, 0x0, 0x89, 0x30, 0x0, 0x0, 0x0, 0x0,
    0x8f, 0xf1, 0xaf, 0xe0, 0x0, 0x0, 0x6f, 0xf6,
    0x0, 0x0, 0x0, 0x0, 0x8, 0xff, 0x1a, 0xfe,
    0x0, 0x0, 0x5f, 0xff, 0xcc, 0xcc, 0xcc, 0xd9,
    0x10, 0x8f, 0xf1, 0xaf, 0xe0, 0x0, 0x6f, 0xff,
    0xff, 0xff, 0xff, 0xff, 0xf2, 0x8, 0xff, 0x1a,
    0xfe, 0x0, 0x9f, 0xff, 0x93, 0x33, 0x33, 0xcf,
    0xf6, 0x0, 0x8f, 0xf1, 0xaf, 0xe2, 0xef, 0xfd,
    0xff, 0x80, 0x1, 0xcf, 0xf7, 0x0, 0x8, 0xff,
    0x1a, 0xfe, 0x7, 0xf7, 0x7, 0xff, 0xd8, 0xff,
    0xf5, 0x0, 0x0, 0x8f, 0xf1, 0xaf, 0xe0, 0x1,
    0x0, 0x5, 0xff, 0xff, 0xe2, 0x0, 0x0, 0x8,
    0xff, 0x1a, 0xfe, 0x0, 0x0, 0x49, 0xff, 0xff,
    0xff, 0xd7, 0x20, 0x0, 0x8f, 0xf1, 0xaf, 0xe2,
    0x6a, 0xef, 0xff, 0xf8, 0x4a, 0xff, 0xff, 0xea,
    0x69, 0xff, 0x1a, 0xfe, 0x8f, 0xff, 0xfd, 0x92,
    0x0, 0x2, 0x8d, 0xff, 0xfa, 0x8f, 0xf1, 0xaf,
    0xe0, 0xed, 0x83, 0x1f, 0xfd, 0x94, 0x0, 0x3,
    0x7a, 0x18, 0xff, 0x1a, 0xfe, 0x0, 0x0, 0x2,
    0x7c, 0xff, 0xfe, 0x91, 0x0, 0x0, 0x8f, 0xf1,
    0xaf, 0xe0, 0x0, 0x0, 0x0, 0x1, 0x6c, 0xfd,
    0x0, 0x0, 0x8, 0xff, 0x1a, 0xfe, 0x0, 0x5,
    0xec, 0x96, 0x30, 0x2, 0x30, 0x0, 0x0, 0x8f,
    0xf1, 0xaf, 0xe0, 0x0, 0xdf, 0xff, 0xff, 0xfd,
    0x95, 0x10, 0x0, 0x8, 0xff, 0x1a, 0xfe, 0x0,
    0x0, 0x14, 0x7a, 0xdf, 0xff, 0xff, 0xc2, 0x0,
    0x8f, 0xf1, 0xaf, 0xe0, 0x0, 0x0, 0x0, 0x0,
    0x15, 0x9e, 0xfb, 0x0, 0x8, 0xff, 0x1a, 0xff,
    0x11, 0x11, 0x11, 0x11, 0x11, 0x11, 0x15, 0x31,
    0x11, 0x9f, 0xf1, 0xaf, 0xff, 0xff, 0xff, 0xff,
    0xff, 0xff, 0xff, 0xff, 0xff, 0xff, 0xff, 0x1a,
    0xff, 0xff, 0xff, 0xff, 0xff, 0xff, 0xff, 0xff,
    0xff, 0xff, 0xff, 0xf1, 0xaf, 0xf4, 0x44, 0x44,
    0x44, 0x44, 0x44, 0x44, 0x44, 0x44, 0x4a, 0xff,
    0x10,

    /* U+5728 "在" */
    0x0, 0x0, 0x0, 0x0, 0x3, 0x73, 0x0, 0x0,
    0x0, 0x0, 0x0, 0x0, 0x0, 0x0, 0x0, 0x0,
    0x0, 0x9, 0xff, 0x40, 0x0, 0x0, 0x0, 0x0,
    0x0, 0x0, 0x0, 0x0, 0x0, 0x0, 0xe, 0xff,
    0x0, 0x0, 0x0, 0x0, 0x0, 0x0, 0x0, 0x0,
    0x0, 0x0, 0x0, 0x3f, 0xf9, 0x0, 0x0, 0x0,
    0x0, 0x0, 0x0, 0x0, 0x18, 0x88, 0x88, 0x88,
    0xcf, 0xfa, 0x88, 0x88, 0x88, 0x88, 0x88, 0x88,
    0x84, 0x2f, 0xff, 0xff, 0xff, 0xff, 0xff, 0xff,
    0xff, 0xff, 0xff, 0xff, 0xff, 0xf9, 0x2f, 0xff,
    0xff, 0xff, 0xff, 0xff, 0xff, 0xff, 0xff, 0xff,
    0xff, 0xff, 0xf9, 0x0, 0x0, 0x0, 0x1f, 0xfe,
    0x10, 0x0, 0x0, 0x0, 0x0, 0x0, 0x0, 0x0,
    0x0, 0x0, 0x0, 0x8f, 0xf7, 0x0, 0x0, 0x3,
    0x99, 0x20, 0x0, 0x0, 0x0, 0x0, 0x0, 0x2,
    0xff, 0xe0, 0x0, 0x0, 0x6, 0xff, 0x40, 0x0,
    0x0, 0x0, 0x0, 0x0, 0xc, 0xff, 0x50, 0x0,
    0x0, 0x6, 0xff, 0x40, 0x0, 0x0, 0x0, 0x0,
    0x0, 0x8f, 0xfb, 0x0, 0x0, 0x0, 0x6, 0xff,
    0x40, 0x0, 0x0, 0x0, 0x0, 0x5, 0xff, 0xf1,
    0x0, 0x0, 0x0, 0x6, 0xff, 0x40, 0x0, 0x0,
    0x0, 0x0, 0x4f, 0xff, 0xd0, 0x3, 0x77, 0x77,
    0x7b, 0xff, 0xa7, 0x77, 0x77, 0x10, 0x5, 0xff,
    0xff, 0xd0, 0x7, 0xff, 0xff, 0xff, 0xff, 0xff,
    0xff, 0xff, 0x40, 0x8f, 0xff, 0xff, 0xd0, 0x7,
    0xff, 0xff, 0xff, 0xff, 0xff, 0xff, 0xff, 0x30,
    0x7f, 0xf8, 0xbf, 0xd0, 0x0, 0x0, 0x0, 0x6,
    0xff, 0x40, 0x0, 0x0, 0x0, 0xd, 0x60, 0xbf,
    0xd0, 0x0, 0x0, 0x0, 0x6, 0xff, 0x40, 0x0,
    0x0, 0x0, 0x0, 0x0, 0xbf, 0xd0, 0x0, 0x0,
    0x0, 0x6, 0xff, 0x40, 0x0, 0x0, 0x0, 0x0,
    0x0, 0xbf, 0xd0, 0x0, 0x0, 0x0, 0x6, 0xff,
    0x40, 0x0, 0x0, 0x0, 0x0, 0x0, 0xbf, 0xd0,
    0x0, 0x0, 0x0, 0x6, 0xff, 0x40, 0x0, 0x0,
    0x0, 0x0, 0x0, 0xbf, 0xd0, 0x0, 0x0, 0x0,
    0x6, 0xff, 0x40, 0x0, 0x0, 0x0, 0x0, 0x0,
    0xbf, 0xd0, 0x0, 0x0, 0x0, 0x6, 0xff, 0x40,
    0x0, 0x0, 0x0, 0x0, 0x0, 0xbf, 0xd0, 0x8f,
    0xff, 0xff, 0xff, 0xff, 0xff, 0xff, 0xff, 0xf8,
    0x0, 0x0, 0xbf, 0xd0, 0x9f, 0xff, 0xff, 0xff,
    0xff, 0xff, 0xff, 0xff, 0xf9, 0x0, 0x0, 0xbf,
    0xd0, 0x48, 0x88, 0x88, 0x88, 0x88, 0x88, 0x88,
    0x88, 0x84,

    /* U+578B "型" */
    0x0, 0x0, 0x0, 0x0, 0x0, 0x0, 0x0, 0x0,
    0x0, 0x0, 0x2, 0x66, 0x0, 0x3, 0x99, 0x99,
    0x99, 0x99, 0x99, 0x99, 0x20, 0x0, 0x0, 0x7,
    0xff, 0x10, 0x6, 0xff, 0xff, 0xff, 0xff, 0xff,
    0xff, 0x50, 0x8f, 0xe0, 0x7, 0xff, 0x10, 0x4,
    0xcc, 0xff, 0xec, 0xce, 0xff, 0xcc, 0x40, 0x8f,
    0xe0, 0x7, 0xff, 0x10, 0x0, 0x0, 0xef, 0x80,
    0x8, 0xff, 0x0, 0x0, 0x8f, 0xe0, 0x7, 0xff,
    0x10, 0x0, 0x0, 0xef, 0x80, 0x8, 0xff, 0x0,
    0x0, 0x8f, 0xe0, 0x7, 0xff, 0x10, 0x0, 0x0,
    0xef, 0x80, 0x8, 0xff, 0x0, 0x0, 0x8f, 0xe0,
    0x7, 0xff, 0x10, 0x4c, 0xcc, 0xff, 0xec, 0xce,
    0xff, 0xcc, 0xb0, 0x8f, 0xe0, 0x7, 0xff, 0x10,
    0x5f, 0xff, 0xff, 0xff, 0xff, 0xff, 0xff, 0xe0,
    0x8f, 0xe0, 0x7, 0xff, 0x10, 0x39, 0x9b, 0xff,
    0xb9, 0x9c, 0xff, 0x99, 0x80, 0x8f, 0xe0, 0x7,
    0xff, 0x10, 0x0, 0x6, 0xff, 0x20, 0x8, 0xff,
    0x0, 0x0, 0x8f, 0xe0, 0x7, 0xff, 0x10, 0x0,
    0xd, 0xfe, 0x0, 0x8, 0xff, 0x0, 0x0, 0x36,
    0x60, 0x7, 0xff, 0x10, 0x0, 0x8f, 0xf7, 0x0,
    0x8, 0xff, 0x0, 0x0, 0x0, 0x0, 0x7, 0xff,
    0x10, 0x8, 0xff, 0xd0, 0x0, 0x8, 0xff, 0x0,
    0x0, 0x0, 0x87, 0x7c, 0xff, 0x0, 0x6f, 0xfe,
    0x20, 0x0, 0x8, 0xff, 0x0, 0x0, 0x0, 0xbf,
    0xff, 0xfd, 0x0, 0x9, 0xd2, 0x0, 0x0, 0x3,
    0x7a, 0xff, 0x50, 0x0, 0x5d, 0xdb, 0x81, 0x0,
    0x0, 0x0, 0x0, 0x0, 0x0, 0x5, 0xff, 0x50,
    0x0, 0x0, 0x0, 0x0, 0x0, 0x0, 0x6, 0x77,
    0x77, 0x77, 0x7a, 0xff, 0xa7, 0x77, 0x77, 0x77,
    0x40, 0x0, 0x0, 0xe, 0xff, 0xff, 0xff, 0xff,
    0xff, 0xff, 0xff, 0xff, 0xff, 0xb0, 0x0, 0x0,
    0xd, 0xff, 0xff, 0xff, 0xff, 0xff, 0xff, 0xff,
    0xff, 0xff, 0xa0, 0x0, 0x0, 0x0, 0x0, 0x0,
    0x0, 0x5, 0xff, 0x50, 0x0, 0x0, 0x0, 0x0,
    0x0, 0x0, 0x0, 0x0, 0x0, 0x0, 0x5, 0xff,
    0x50, 0x0, 0x0, 0x0, 0x0, 0x0, 0x0, 0x0,
    0x0, 0x0, 0x0, 0x6, 0xff, 0x50, 0x0, 0x0,
    0x0, 0x0, 0x0, 0xcf, 0xff, 0xff, 0xff, 0xff,
    0xff, 0xff, 0xff, 0xff, 0xff, 0xff, 0xff, 0xf9,
    0xcf, 0xff, 0xff, 0xff, 0xff, 0xff, 0xff, 0xff,
    0xff, 0xff, 0xff, 0xff, 0xf9, 0x56, 0x66, 0x66,
    0x66, 0x66, 0x66, 0x66, 0x66, 0x66, 0x66, 0x66,
    0x66, 0x63,

    /* U+5907 "备" */
    0x0, 0x0, 0x0, 0x0, 0x2, 0xa7, 0x30, 0x0,
    0x0, 0x0, 0x0, 0x0, 0x0, 0x0, 0x0, 0x0,
    0x0, 0x0, 0xc, 0xff, 0x60, 0x0, 0x0, 0x0,
    0x0, 0x0, 0x0, 0x0, 0x0, 0x0, 0x0, 0x0,
    0xaf, 0xfd, 0x55, 0x55, 0x55, 0x55, 0x62, 0x0,
    0x0, 0x0, 0x0, 0x0, 0x0, 0xa, 0xff, 0xff,
    0xff, 0xff, 0xff, 0xff, 0xff, 0x80, 0x0, 0x0,
    0x0, 0x0, 0x1, 0xbf, 0xff, 0xff, 0xff, 0xff,
    0xff, 0xff, 0xff, 0x50, 0x0, 0x0, 0x0, 0x0,
    0x4e, 0xff, 0xf9, 0x0, 0x0, 0x0, 0x3, 0xef,
    0xf8, 0x0, 0x0, 0x0, 0x0, 0x3b, 0xff, 0xff,
    0xff, 0xb1, 0x0, 0x0, 0x6f, 0xff, 0x90, 0x0,
    0x0, 0x0, 0x0, 0xcf, 0xfe, 0x51, 0xcf, 0xfe,
    0x60, 0x2b, 0xff, 0xf7, 0x0, 0x0, 0x0, 0x0,
    0x0, 0x1d, 0x91, 0x0, 0x8, 0xff, 0xfe, 0xff,
    0xfe, 0x40, 0x0, 0x0, 0x0, 0x0, 0x0, 0x0,
    0x0, 0x0, 0x0, 0x9f, 0xff, 0xff, 0xf6, 0x0,
    0x0, 0x0, 0x0, 0x0, 0x0, 0x0, 0x0, 0x26,
    0xbf, 0xff, 0xff, 0xff, 0xff, 0xfb, 0x84, 0x10,
    0x0, 0x0, 0x2, 0x57, 0xae, 0xff, 0xff, 0xff,
    0x92, 0x3a, 0xff, 0xff, 0xff, 0xfe, 0xb9, 0x71,
    0x2f, 0xff, 0xff, 0xff, 0xea, 0x50, 0x0, 0x0,
    0x5, 0x9e, 0xff, 0xff, 0xff, 0xb0, 0xa, 0xff,
    0xeb, 0x73, 0x0, 0x0, 0x0, 0x0, 0x0, 0x0,
    0x25, 0x9c, 0xef, 0x10, 0x2, 0x42, 0xaf, 0xff,
    0xff, 0xff, 0xff, 0xff, 0xff, 0xff, 0xff, 0xf5,
    0x0, 0x0, 0x0, 0x0, 0xaf, 0xff, 0xff, 0xff,
    0xff, 0xff, 0xff, 0xff, 0xff, 0xf5, 0x0, 0x0,
    0x0, 0x0, 0xaf, 0xf6, 0x55, 0x55, 0xcf, 0xf6,
    0x55, 0x55, 0xdf, 0xf5, 0x0, 0x0, 0x0, 0x0,
    0xaf, 0xf1, 0x0, 0x0, 0xaf, 0xf1, 0x0, 0x0,
    0xbf, 0xf5, 0x0, 0x0, 0x0, 0x0, 0xaf, 0xf4,
    0x33, 0x33, 0xbf, 0xf4, 0x33, 0x33, 0xcf, 0xf5,
    0x0, 0x0, 0x0, 0x0, 0xaf, 0xff, 0xff, 0xff,
    0xff, 0xff, 0xff, 0xff, 0xff, 0xf5, 0x0, 0x0,
    0x0, 0x0, 0xaf, 0xfe, 0xee, 0xee, 0xff, 0xfe,
    0xee, 0xee, 0xff, 0xf5, 0x0, 0x0, 0x0, 0x0,
    0xaf, 0xf1, 0x0, 0x0, 0xaf, 0xf1, 0x0, 0x0,
    0xbf, 0xf5, 0x0, 0x0, 0x0, 0x0, 0xaf, 0xf1,
    0x0, 0x0, 0xaf, 0xf1, 0x0, 0x0, 0xbf, 0xf5,
    0x0, 0x0, 0x0, 0x0, 0xaf, 0xff, 0xff, 0xff,
    0xff, 0xff, 0xff, 0xff, 0xff, 0xf5, 0x0, 0x0,
    0x0, 0x0, 0xaf, 0xff, 0xff, 0xff, 0xff, 0xff,
    0xff, 0xff, 0xff, 0xf5, 0x0, 0x0, 0x0, 0x0,
    0xaf, 0xf6, 0x55, 0x55, 0x55, 0x55, 0x55, 0x55,
    0xdf, 0xf5, 0x0, 0x0, 0x0, 0x0, 0x0, 0x0,
    0x0, 0x0, 0x0, 0x0, 0x0, 0x0, 0x0, 0x0,
    0x0, 0x0,

    /* U+590D "复" */
    0x0, 0x0, 0x0, 0x7, 0x40, 0x0, 0x0, 0x0,
    0x0, 0x0, 0x0, 0x0, 0x0, 0x0, 0x0, 0x0,
    0x0, 0x3f, 0xf8, 0x0, 0x0, 0x0, 0x0, 0x0,
    0x0, 0x0, 0x0, 0x0, 0x0, 0x0, 0x0, 0xdf,
    0xf2, 0x11, 0x11, 0x11, 0x11, 0x11, 0x11, 0x11,
    0x10, 0x0, 0x0, 0x0, 0x9, 0xff, 0xff, 0xff,
    0xff, 0xff, 0xff, 0xff, 0xff, 0xff, 0xfd, 0x0,
    0x0, 0x0, 0x6f, 0xff, 0xff, 0xff, 0xff, 0xff,
    0xff, 0xff, 0xff, 0xff, 0xfd, 0x0, 0x0, 0x6,
    0xff, 0xd2, 0x22, 0x22, 0x22, 0x22, 0x22, 0x22,
    0x22, 0x22, 0x21, 0x0, 0x0, 0x7f, 0xfe, 0x31,
    0x11, 0x11, 0x11, 0x11, 0x11, 0x11, 0x11, 0x11,
    0x0, 0x0, 0x5, 0xff, 0xe4, 0xff, 0xff, 0xff,
    0xff, 0xff, 0xff, 0xff, 0xff, 0xfe, 0x0, 0x0,
    0x0, 0xae, 0x21, 0xff, 0xeb, 0xbb, 0xbb, 0xbb,
    0xbb, 0xbb, 0xbf, 0xfe, 0x0, 0x0, 0x0, 0x1,
    0x1, 0xff, 0x80, 0x0, 0x0, 0x0, 0x0, 0x0,
    0xd, 0xfe, 0x0, 0x0, 0x0, 0x0, 0x1, 0xff,
    0xff, 0xff, 0xff, 0xff, 0xff, 0xff, 0xff, 0xfe,
    0x0, 0x0, 0x0, 0x0, 0x1, 0xff, 0xec, 0xcc,
    0xcc, 0xcc, 0xcc, 0xcc, 0xcf, 0xfe, 0x0, 0x0,
    0x0, 0x0, 0x1, 0xff, 0x80, 0x0, 0x0, 0x0,
    0x0, 0x0, 0xd, 0xfe, 0x0, 0x0, 0x0, 0x0,
    0x1, 0xff, 0xec, 0xcc, 0xcc, 0xcc, 0xcc, 0xcc,
    0xcf, 0xfe, 0x0, 0x0, 0x0, 0x0, 0x1, 0xff,
    0xff, 0xff, 0xff, 0xff, 0xff, 0xff, 0xff, 0xfe,
    0x0, 0x0, 0x0, 0x0, 0x0, 0x0, 0x5f, 0xf9,
    0x0, 0x0, 0x0, 0x0, 0x0, 0x0, 0x0, 0x0,
    0x0, 0x0, 0x0, 0x3, 0xff, 0xd1, 0x11, 0x11,
    0x11, 0x11, 0x12, 0x0, 0x0, 0x0, 0x0, 0x0,
    0x0, 0x4f, 0xff, 0xff, 0xff, 0xff, 0xff, 0xff,
    0xff, 0xd2, 0x0, 0x0, 0x0, 0x0, 0x7, 0xff,
    0xff, 0xee, 0xee, 0xee, 0xee, 0xef, 0xff, 0xf2,
    0x0, 0x0, 0x0, 0x2, 0xcf, 0xfe, 0xff, 0x50,
    0x0, 0x0, 0x0, 0x6f, 0xff, 0x30, 0x0, 0x0,
    0x0, 0x1e, 0xff, 0xa0, 0x9f, 0xfa, 0x20, 0x0,
    0x3c, 0xff, 0xe3, 0x0, 0x0, 0x0, 0x0, 0x3,
    0xe6, 0x0, 0x6, 0xff, 0xfa, 0x6c, 0xff, 0xfa,
    0x10, 0x0, 0x0, 0x0, 0x0, 0x0, 0x0, 0x0,
    0x0, 0x4e, 0xff, 0xff, 0xff, 0x50, 0x0, 0x0,
    0x0, 0x0, 0x0, 0x0, 0x14, 0x68, 0xbe, 0xff,
    0xff, 0xff, 0xff, 0xfe, 0xb8, 0x64, 0x31, 0x0,
    0xa, 0xef, 0xff, 0xff, 0xff, 0xff, 0xa6, 0x26,
    0xbf, 0xff, 0xff, 0xff, 0xff, 0xe1, 0x6, 0xff,
    0xff, 0xfd, 0xa7, 0x30, 0x0, 0x0, 0x0, 0x37,
    0xad, 0xff, 0xff, 0x60, 0x1, 0x86, 0x42, 0x0,
    0x0, 0x0, 0x0, 0x0, 0x0, 0x0, 0x0, 0x1,
    0x34, 0x0,

    /* U+5C0F "小" */
    0x0, 0x0, 0x0, 0x0, 0x0, 0x1, 0x88, 0x60,
    0x0, 0x0, 0x0, 0x0, 0x0, 0x0, 0x0, 0x0,
    0x0, 0x0, 0x0, 0x2f, 0xfc, 0x0, 0x0, 0x0,
    0x0, 0x0, 0x0, 0x0, 0x0, 0x0, 0x0, 0x0,
    0x2, 0xff, 0xc0, 0x0, 0x0, 0x0, 0x0, 0x0,
    0x0, 0x0, 0x0, 0x0, 0x0, 0x0, 0x2f, 0xfc,
    0x0, 0x0, 0x0, 0x0, 0x0, 0x0, 0x0, 0x0,
    0x0, 0x0, 0x0, 0x2, 0xff, 0xc0, 0x0, 0x0,
    0x0, 0x0, 0x0, 0x0, 0x0, 0x0, 0x0, 0x0,
    0x0, 0x2f, 0xfc, 0x0, 0x0, 0x0, 0x0, 0x0,
    0x0, 0x0, 0x0, 0x0, 0x0, 0x0, 0x2, 0xff,
    0xc0, 0x0, 0x0, 0x0, 0x0, 0x0, 0x0, 0x0,
    0x8, 0xda, 0x40, 0x0, 0x2f, 0xfc, 0x0, 0x1,
    0x9f, 0xa0, 0x0, 0x0, 0x0, 0x0, 0xcf, 0xf4,
    0x0, 0x2, 0xff, 0xc0, 0x0, 0xe, 0xff, 0x30,
    0x0, 0x0, 0x0, 0xf, 0xff, 0x10, 0x0, 0x2f,
    0xfc, 0x0, 0x0, 0x6f, 0xfc, 0x0, 0x0, 0x0,
    0x4, 0xff, 0xc0, 0x0, 0x2, 0xff, 0xc0, 0x0,
    0x0, 0xdf, 0xf4, 0x0, 0x0, 0x0, 0x8f, 0xf8,
    0x0, 0x0, 0x2f, 0xfc, 0x0, 0x0, 0x6, 0xff,
    0xc0, 0x0, 0x0, 0xe, 0xff, 0x20, 0x0, 0x2,
    0xff, 0xc0, 0x0, 0x0, 0xe, 0xff, 0x30, 0x0,
    0x3, 0xff, 0xd0, 0x0, 0x0, 0x2f, 0xfc, 0x0,
    0x0, 0x0, 0x8f, 0xfa, 0x0, 0x0, 0xaf, 0xf7,
    0x0, 0x0, 0x2, 0xff, 0xc0, 0x0, 0x0, 0x1,
    0xff, 0xf1, 0x0, 0x2f, 0xff, 0x10, 0x0, 0x0,
    0x2f, 0xfc, 0x0, 0x0, 0x0, 0xb, 0xff, 0x70,
    0xa, 0xff, 0x90, 0x0, 0x0, 0x2, 0xff, 0xc0,
    0x0, 0x0, 0x0, 0x5f, 0xfd, 0x4, 0xff, 0xf2,
    0x0, 0x0, 0x0, 0x2f, 0xfc, 0x0, 0x0, 0x0,
    0x0, 0xff, 0xf3, 0xaf, 0xf8, 0x0, 0x0, 0x0,
    0x2, 0xff, 0xc0, 0x0, 0x0, 0x0, 0xa, 0xff,
    0x70, 0x4a, 0x0, 0x0, 0x0, 0x0, 0x2f, 0xfc,
    0x0, 0x0, 0x0, 0x0, 0x6f, 0xb4, 0x0, 0x0,
    0x0, 0x0, 0x0, 0x2, 0xff, 0xc0, 0x0, 0x0,
    0x0, 0x1, 0x20, 0x0, 0x0, 0x0, 0x0, 0x0,
    0x0, 0x2f, 0xfc, 0x0, 0x0, 0x0, 0x0, 0x0,
    0x0, 0x0, 0x0, 0x0, 0x0, 0x0, 0x2, 0xff,
    0xc0, 0x0, 0x0, 0x0, 0x0, 0x0, 0x0, 0x0,
    0x0, 0x3, 0xa9, 0x9a, 0xcf, 0xfb, 0x0, 0x0,
    0x0, 0x0, 0x0, 0x0, 0x0, 0x0, 0x0, 0xf,
    0xff, 0xff, 0xff, 0x60, 0x0, 0x0, 0x0, 0x0,
    0x0, 0x0, 0x0, 0x0, 0x0, 0x9f, 0xff, 0xec,
    0x60, 0x0, 0x0, 0x0, 0x0, 0x0, 0x0, 0x0,
    0x0, 0x0, 0x0, 0x11, 0x0, 0x0, 0x0, 0x0,
    0x0, 0x0, 0x0, 0x0, 0x0,

    /* U+5E2E "帮" */
    0x0, 0x0, 0x0, 0x9d, 0xb0, 0x0, 0x0, 0x0,
    0x0, 0x0, 0x0, 0x0, 0x0, 0x0, 0x0, 0x0,
    0xbf, 0xe0, 0x0, 0x0, 0xa, 0xbb, 0xbb, 0xbb,
    0xbc, 0x60, 0x3c, 0xcc, 0xcc, 0xff, 0xfc, 0xcc,
    0xcb, 0xe, 0xff, 0xff, 0xff, 0xff, 0xf5, 0x5f,
    0xff, 0xff, 0xff, 0xff, 0xff, 0xff, 0xe, 0xfd,
    0x88, 0x8b, 0xff, 0xb0, 0x15, 0x55, 0x55, 0xdf,
    0xe5, 0x55, 0x55, 0xe, 0xf9, 0x0, 0xc, 0xfe,
    0x10, 0x0, 0x0, 0x0, 0xbf, 0xe0, 0x0, 0x0,
    0xe, 0xf9, 0x0, 0x7f, 0xf5, 0x0, 0xa, 0xff,
    0xff, 0xff, 0xff, 0xff, 0xf4, 0xe, 0xf9, 0x2,
    0xff, 0x90, 0x0, 0xb, 0xff, 0xff, 0xff, 0xff,
    0xff, 0xf4, 0xe, 0xf9, 0x2, 0xcf, 0xf6, 0x0,
    0x0, 0x11, 0x11, 0xbf, 0xe1, 0x11, 0x10, 0xe,
    0xf9, 0x0, 0x8, 0xff, 0x60, 0x0, 0x0, 0x0,
    0xcf, 0xd0, 0x0, 0x0, 0xe, 0xf9, 0x0, 0x0,
    0xbf, 0xf1, 0xbf, 0xff, 0xff, 0xff, 0xff, 0xff,
    0xff, 0x1e, 0xf9, 0x0, 0x0, 0x4f, 0xf5, 0xbf,
    0xff, 0xff, 0xff, 0xff, 0xff, 0xff, 0x1e, 0xf9,
    0x0, 0x0, 0x8f, 0xf5, 0x12, 0x22, 0x4f, 0xff,
    0x22, 0x22, 0x22, 0xe, 0xf9, 0xae, 0xef, 0xff,
    0xf1, 0x0, 0x3, 0xef, 0xf6, 0x0, 0x0, 0x0,
    0xe, 0xf9, 0x4f, 0xff, 0xfd, 0x40, 0x3, 0xaf,
    0xff, 0x90, 0x0, 0x6, 0x99, 0xe, 0xf9, 0x3,
    0x43, 0x20, 0x0, 0xc, 0xff, 0xf6, 0x0, 0x0,
    0xb, 0xff, 0x16, 0x74, 0x0, 0x0, 0x0, 0x0,
    0x0, 0xcf, 0x86, 0x66, 0x66, 0x6d, 0xff, 0x76,
    0x66, 0x66, 0x78, 0x63, 0x0, 0x0, 0xf, 0xff,
    0xff, 0xff, 0xff, 0xff, 0xff, 0xff, 0xff, 0xff,
    0xf8, 0x0, 0x0, 0xf, 0xff, 0xff, 0xff, 0xff,
    0xff, 0xff, 0xff, 0xff, 0xff, 0xf8, 0x0, 0x0,
    0xf, 0xfb, 0x0, 0x0, 0xb, 0xff, 0x10, 0x0,
    0x0, 0x3f, 0xf8, 0x0, 0x0, 0xf, 0xfb, 0x0,
    0x0, 0xb, 0xff, 0x10, 0x0, 0x0, 0x3f, 0xf8,
    0x0, 0x0, 0xf, 0xfb, 0x0, 0x0, 0xb, 0xff,
    0x10, 0x0, 0x0, 0x3f, 0xf8, 0x0, 0x0, 0xf,
    0xfb, 0x0, 0x0, 0xb, 0xff, 0x10, 0x24, 0x44,
    0x7f, 0xf7, 0x0, 0x0, 0xf, 0xfb, 0x0, 0x0,
    0xb, 0xff, 0x10, 0x4f, 0xff, 0xff, 0xf4, 0x0,
    0x0, 0xf, 0xfa, 0x0, 0x0, 0xb, 0xff, 0x10,
    0xe, 0xff, 0xec, 0x60, 0x0, 0x0, 0x0, 0x0,
    0x0, 0x0, 0xb, 0xff, 0x10, 0x0, 0x0, 0x0,
    0x0, 0x0,

    /* U+5EFA "建" */
    0x0, 0x0, 0x0, 0x0, 0x0, 0x0, 0x0, 0x0,
    0x66, 0x30, 0x0, 0x0, 0x0, 0x0, 0x0, 0x0,
    0x0, 0x0, 0x0, 0x0, 0x0, 0x0, 0xff, 0x70,
    0x0, 0x0, 0x0, 0x0, 0x3, 0xcc, 0xcc, 0xce,
    0xc2, 0x2, 0x22, 0x23, 0xff, 0x92, 0x22, 0x22,
    0x20, 0x0, 0x5, 0xff, 0xff, 0xff, 0xf6, 0xf,
    0xff, 0xff, 0xff, 0xff, 0xff, 0xff, 0xe0, 0x0,
    0x2, 0x99, 0x99, 0xff, 0xe0, 0xe, 0xee, 0xee,
    0xff, 0xfe, 0xee, 0xff, 0xe0, 0x0, 0x0, 0x0,
    0x3, 0xff, 0x60, 0x0, 0x0, 0x0, 0xff, 0x70,
    0x0, 0x7f, 0xe0, 0x0, 0x0, 0x0, 0xb, 0xfe,
    0x8, 0xcc, 0xcc, 0xcc, 0xff, 0xec, 0xcc, 0xef,
    0xfc, 0x80, 0x0, 0x0, 0x4f, 0xf6, 0xb, 0xff,
    0xff, 0xff, 0xff, 0xff, 0xff, 0xff, 0xff, 0xa0,
    0x0, 0x0, 0xcf, 0xd0, 0x2, 0x33, 0x33, 0x34,
    0xff, 0x93, 0x33, 0x9f, 0xf3, 0x20, 0x0, 0x6,
    0xff, 0x40, 0x0, 0x0, 0x0, 0x0, 0xff, 0x70,
    0x0, 0x7f, 0xe0, 0x0, 0x0, 0x2f, 0xff, 0xff,
    0xe6, 0x2b, 0xbb, 0xbb, 0xff, 0xdb, 0xbb, 0xdf,
    0xe0, 0x0, 0x2, 0xef, 0xff, 0xff, 0xf6, 0x3f,
    0xff, 0xff, 0xff, 0xff, 0xff, 0xff, 0xe0, 0x0,
    0x0, 0xdc, 0x65, 0x7f, 0xf4, 0x15, 0x55, 0x55,
    0xff, 0xa5, 0x55, 0x55, 0x50, 0x0, 0x0, 0x20,
    0x0, 0x4f, 0xf2, 0x0, 0x0, 0x0, 0xff, 0x70,
    0x0, 0x0, 0x0, 0x0, 0x0, 0x38, 0x0, 0x7f,
    0xf0, 0x6e, 0xee, 0xee, 0xff, 0xfe, 0xee, 0xee,
    0xe3, 0x0, 0x0, 0xef, 0x40, 0xaf, 0xc0, 0x6f,
    0xff, 0xff, 0xff, 0xff, 0xff, 0xff, 0xf3, 0x0,
    0x0, 0x9f, 0xa0, 0xef, 0x80, 0x0, 0x0, 0x1,
    0xff, 0x80, 0x0, 0x0, 0x0, 0x0, 0x0, 0x3f,
    0xf5, 0xff, 0x40, 0x0, 0x0, 0x1, 0xff, 0x80,
    0x0, 0x0, 0x0, 0x0, 0x0, 0xc, 0xff, 0xff,
    0x9, 0xff, 0xff, 0xff, 0xff, 0xff, 0xff, 0xff,
    0xff, 0x30, 0x0, 0x4, 0xff, 0xf9, 0x9, 0xff,
    0xff, 0xff, 0xff, 0xff, 0xff, 0xff, 0xff, 0x30,
    0x0, 0x0, 0xbf, 0xf8, 0x0, 0x0, 0x0, 0x0,
    0xff, 0x80, 0x0, 0x0, 0x0, 0x0, 0x0, 0x1,
    0xff, 0xff, 0x91, 0x0, 0x0, 0x0, 0xff, 0x70,
    0x0, 0x0, 0x0, 0x0, 0x0, 0xb, 0xff, 0xdf,
    0xff, 0x93, 0x0, 0x0, 0x66, 0x30, 0x0, 0x0,
    0x0, 0x0, 0x0, 0x9f, 0xfa, 0x9, 0xff, 0xff,
    0xfc, 0xa8, 0x76, 0x66, 0x66, 0x67, 0x77, 0x70,
    0xa, 0xff, 0xd0, 0x0, 0x3a, 0xff, 0xff, 0xff,
    0xff, 0xff, 0xff, 0xff, 0xff, 0xa0, 0x4, 0xfe,
    0x20, 0x0, 0x0, 0x4, 0x8a, 0xcd, 0xef, 0xff,
    0xff, 0xff, 0xff, 0x30, 0x0, 0x31, 0x0, 0x0,
    0x0, 0x0, 0x0, 0x0, 0x0, 0x0, 0x0, 0x0,
    0x0, 0x0,

    /* U+5F00 "开" */
    0x6, 0xaa, 0xaa, 0xaa, 0xaa, 0xaa, 0xaa, 0xaa,
    0xaa, 0xaa, 0xaa, 0xaa, 0x90, 0xa, 0xff, 0xff,
    0xff, 0xff, 0xff, 0xff, 0xff, 0xff, 0xff, 0xff,
    0xff, 0xe0, 0x8, 0xdd, 0xdd, 0xdf, 0xff, 0xdd,
    0xdd, 0xdd, 0xdf, 0xff, 0xdd, 0xdd, 0xb0, 0x0,
    0x0, 0x0, 0xf, 0xfa, 0x0, 0x0, 0x0, 0x1f,
    0xfb, 0x0, 0x0, 0x0, 0x0, 0x0, 0x0, 0xf,
    0xfa, 0x0, 0x0, 0x0, 0x1f, 0xfb, 0x0, 0x0,
    0x0, 0x0, 0x0, 0x0, 0xf, 0xfa, 0x0, 0x0,
    0x0, 0x1f, 0xfb, 0x0, 0x0, 0x0, 0x0, 0x0,
    0x0, 0xf, 0xfa, 0x0, 0x0, 0x0, 0x1f, 0xfb,
    0x0, 0x0, 0x0, 0x0, 0x0, 0x0, 0xf, 0xfa,
    0x0, 0x0, 0x0, 0x1f, 0xfb, 0x0, 0x0, 0x0,
    0x0, 0x0, 0x0, 0xf, 0xfa, 0x0, 0x0, 0x0,
    0x1f, 0xfb, 0x0, 0x0, 0x0, 0x0, 0x0, 0x0,
    0x1f, 0xfa, 0x0, 0x0, 0x0, 0x1f, 0xfb, 0x0,
    0x0, 0x0, 0x9f, 0xff, 0xff, 0xff, 0xff, 0xff,
    0xff, 0xff, 0xff, 0xff, 0xff, 0xff, 0xfb, 0xaf,
    0xff, 0xff, 0xff, 0xff, 0xff, 0xff, 0xff, 0xff,
    0xff, 0xff, 0xff, 0xfc, 0x59, 0x99, 0x99, 0xbf,
    0xfc, 0x99, 0x99, 0x99, 0x9f, 0xfe, 0x99, 0x99,
    0x96, 0x0, 0x0, 0x0, 0x6f, 0xf6, 0x0, 0x0,
    0x0, 0x1f, 0xfb, 0x0, 0x0, 0x0, 0x0, 0x0,
    0x0, 0xaf, 0xf3, 0x0, 0x0, 0x0, 0x1f, 0xfb,
    0x0, 0x0, 0x0, 0x0, 0x0, 0x0, 0xef, 0xf0,
    0x0, 0x0, 0x0, 0x1f, 0xfb, 0x0, 0x0, 0x0,
    0x0, 0x0, 0x4, 0xff, 0xb0, 0x0, 0x0, 0x0,
    0x1f, 0xfb, 0x0, 0x0, 0x0, 0x0, 0x0, 0xc,
    0xff, 0x50, 0x0, 0x0, 0x0, 0x1f, 0xfb, 0x0,
    0x0, 0x0, 0x0, 0x0, 0x7f, 0xfd, 0x0, 0x0,
    0x0, 0x0, 0x1f, 0xfb, 0x0, 0x0, 0x0, 0x0,
    0x4, 0xff, 0xf5, 0x0, 0x0, 0x0, 0x0, 0x1f,
    0xfb, 0x0, 0x0, 0x0, 0x0, 0x5f, 0xff, 0x90,
    0x0, 0x0, 0x0, 0x0, 0x1f, 0xfb, 0x0, 0x0,
    0x0, 0x9, 0xff, 0xfb, 0x0, 0x0, 0x0, 0x0,
    0x0, 0x1f, 0xfb, 0x0, 0x0, 0x0, 0x3e, 0xff,
    0xa0, 0x0, 0x0, 0x0, 0x0, 0x0, 0x1f, 0xfb,
    0x0, 0x0, 0x0, 0x2, 0xd6, 0x0, 0x0, 0x0,
    0x0, 0x0, 0x0, 0x1f, 0xfb, 0x0, 0x0, 0x0,
    0x0, 0x0, 0x0, 0x0, 0x0, 0x0, 0x0, 0x0,
    0x0, 0x0, 0x0, 0x0, 0x0,

    /* U+5F0F "式" */
    0x0, 0x0, 0x0, 0x0, 0x0, 0x0, 0x0, 0x28,
    0x84, 0x0, 0x41, 0x0, 0x0, 0x0, 0x0, 0x0,
    0x0, 0x0, 0x0, 0x0, 0x5, 0xff, 0x70, 0x7f,
    0xe4, 0x0, 0x0, 0x0, 0x0, 0x0, 0x0, 0x0,
    0x0, 0x0, 0x5f, 0xf7, 0x4, 0xef, 0xf6, 0x0,
    0x0, 0x0, 0x0, 0x0, 0x0, 0x0, 0x0, 0x4,
    0xff, 0x70, 0x2, 0xdf, 0xf6, 0x0, 0x0, 0x0,
    0x0, 0x0, 0x0, 0x0, 0x0, 0x4f, 0xf8, 0x0,
    0x1, 0xdc, 0x10, 0x4, 0xaa, 0xaa, 0xaa, 0xaa,
    0xaa, 0xaa, 0xab, 0xff, 0xda, 0xaa, 0xab, 0xaa,
    0x60, 0x6f, 0xff, 0xff, 0xff, 0xff, 0xff, 0xff,
    0xff, 0xff, 0xff, 0xff, 0xff, 0xfa, 0x6, 0xff,
    0xff, 0xff, 0xff, 0xff, 0xff, 0xff, 0xff, 0xff,
    0xff, 0xff, 0xff, 0xa0, 0x0, 0x0, 0x0, 0x0,
    0x0, 0x0, 0x0, 0xf, 0xfb, 0x0, 0x0, 0x0,
    0x0, 0x0, 0x0, 0x0, 0x0, 0x0, 0x0, 0x0,
    0x0, 0xff, 0xd0, 0x0, 0x0, 0x0, 0x0, 0x0,
    0x0, 0x0, 0x0, 0x0, 0x0, 0x0, 0xd, 0xfe,
    0x0, 0x0, 0x0, 0x0, 0x0, 0x26, 0x66, 0x66,
    0x66, 0x66, 0x66, 0x50, 0xcf, 0xf0, 0x0, 0x0,
    0x0, 0x0, 0x6, 0xff, 0xff, 0xff, 0xff, 0xff,
    0xfd, 0xa, 0xff, 0x20, 0x0, 0x0, 0x0, 0x0,
    0x6f, 0xff, 0xff, 0xff, 0xff, 0xff, 0xd0, 0x7f,
    0xf5, 0x0, 0x0, 0x0, 0x0, 0x1, 0x33, 0x33,
    0xcf, 0xf3, 0x33, 0x32, 0x5, 0xff, 0x70, 0x0,
    0x0, 0x0, 0x0, 0x0, 0x0, 0xb, 0xfe, 0x0,
    0x0, 0x0, 0x2f, 0xfa, 0x0, 0x0, 0x0, 0x0,
    0x0, 0x0, 0x0, 0xbf, 0xe0, 0x0, 0x0, 0x0,
    0xff, 0xe0, 0x0, 0x0, 0x0, 0x0, 0x0, 0x0,
    0xb, 0xfe, 0x0, 0x0, 0x0, 0xb, 0xff, 0x20,
    0x0, 0x0, 0x0, 0x0, 0x0, 0x0, 0xbf, 0xe0,
    0x0, 0x0, 0x0, 0x7f, 0xf6, 0x0, 0x0, 0x30,
    0x0, 0x0, 0x0, 0xb, 0xfe, 0x0, 0x0, 0x0,
    0x2, 0xff, 0xc0, 0x0, 0x1f, 0x91, 0x0, 0x0,
    0x0, 0xbf, 0xe0, 0x25, 0x7a, 0x80, 0xd, 0xff,
    0x20, 0x3, 0xff, 0x30, 0x0, 0x0, 0x3c, 0xff,
    0xff, 0xff, 0xfb, 0x0, 0x6f, 0xfa, 0x0, 0x5f,
    0xf1, 0x17, 0xad, 0xff, 0xff, 0xff, 0xff, 0xfb,
    0x60, 0x0, 0xef, 0xf6, 0x9, 0xfe, 0x1, 0xff,
    0xff, 0xff, 0xeb, 0x85, 0x20, 0x0, 0x0, 0x5,
    0xff, 0xfd, 0xff, 0xa0, 0xc, 0xeb, 0x85, 0x20,
    0x0, 0x0, 0x0, 0x0, 0x0, 0x9, 0xff, 0xff,
    0xf4, 0x0, 0x10, 0x0, 0x0, 0x0, 0x0, 0x0,
    0x0, 0x0, 0x0, 0x6, 0xdf, 0xe6, 0x0,

    /* U+64AD "播" */
    0x0, 0x0, 0x59, 0x90, 0x0, 0x0, 0x0, 0x0,
    0x0, 0x0, 0x0, 0x25, 0x30, 0x0, 0x0, 0x0,
    0x8f, 0xe0, 0x0, 0x0, 0x12, 0x45, 0x68, 0xab,
    0xdf, 0xff, 0xe1, 0x0, 0x0, 0x0, 0x8f, 0xe0,
    0x0, 0xbf, 0xff, 0xff, 0xff, 0xff, 0xff, 0xff,
    0xd6, 0x0, 0x0, 0x0, 0x8f, 0xe0, 0x0, 0x5e,
    0xed, 0xcb, 0xbf, 0xf9, 0x53, 0x56, 0x10, 0x0,
    0x0, 0x0, 0x8f, 0xe0, 0x0, 0x0, 0x9e, 0x50,
    0x1f, 0xf4, 0x0, 0xbf, 0xd0, 0x0, 0x0, 0x0,
    0x8f, 0xe0, 0x0, 0x0, 0xaf, 0xc0, 0x1f, 0xf4,
    0x3, 0xff, 0x50, 0x0, 0xc, 0xff, 0xff, 0xff,
    0xfb, 0x0, 0x3f, 0xf3, 0x1f, 0xf4, 0xa, 0xfc,
    0x0, 0x0, 0xc, 0xff, 0xff, 0xff, 0xfc, 0x44,
    0x4e, 0xb5, 0x5f, 0xf7, 0x5f, 0xf7, 0x44, 0x20,
    0x6, 0x88, 0xcf, 0xf8, 0x88, 0xff, 0xff, 0xff,
    0xff, 0xff, 0xff, 0xff, 0xff, 0xa0, 0x0, 0x0,
    0x8f, 0xe0, 0x2, 0xee, 0xee, 0xef, 0xff, 0xff,
    0xff, 0xee, 0xee, 0x90, 0x0, 0x0, 0x8f, 0xe0,
    0x0, 0x0, 0x0, 0x9f, 0xff, 0xfe, 0xfe, 0x10,
    0x0, 0x0, 0x0, 0x0, 0x8f, 0xe0, 0x0, 0x0,
    0x9, 0xff, 0x6f, 0xf5, 0xcf, 0xe3, 0x0, 0x0,
    0x0, 0x0, 0x8f, 0xe1, 0x63, 0x1, 0xbf, 0xf5,
    0x1f, 0xf4, 0x1c, 0xff, 0x60, 0x0, 0x0, 0x0,
    0x8f, 0xff, 0xf8, 0x6f, 0xfe, 0x40, 0x1f, 0xf4,
    0x0, 0x9f, 0xfc, 0x30, 0x3, 0x8c, 0xff, 0xff,
    0xff, 0xff, 0xc2, 0x0, 0x1f, 0xf4, 0x0, 0x5,
    0xef, 0xf2, 0x1f, 0xff, 0xff, 0xf6, 0x15, 0xdc,
    0xee, 0xee, 0xee, 0xee, 0xee, 0xee, 0xfc, 0x30,
    0xe, 0xfa, 0xbf, 0xe0, 0x0, 0x9, 0xff, 0xff,
    0xff, 0xff, 0xff, 0xff, 0xf7, 0x0, 0x3, 0x0,
    0x8f, 0xe0, 0x0, 0x9, 0xfc, 0x0, 0x2f, 0xf3,
    0x0, 0xf, 0xf7, 0x0, 0x0, 0x0, 0x8f, 0xe0,
    0x0, 0x9, 0xfc, 0x0, 0x1f, 0xf2, 0x0, 0xf,
    0xf7, 0x0, 0x0, 0x0, 0x8f, 0xe0, 0x0, 0x9,
    0xff, 0xdd, 0xef, 0xfe, 0xdd, 0xdf, 0xf7, 0x0,
    0x0, 0x0, 0x8f, 0xe0, 0x0, 0x9, 0xff, 0xff,
    0xff, 0xff, 0xff, 0xff, 0xf7, 0x0, 0x0, 0x0,
    0x8f, 0xe0, 0x0, 0x9, 0xfc, 0x0, 0x2f, 0xf3,
    0x0, 0xf, 0xf7, 0x0, 0x0, 0x0, 0x8f, 0xe0,
    0x0, 0x9, 0xfc, 0x0, 0x1f, 0xf2, 0x0, 0xf,
    0xf7, 0x0, 0x1, 0x33, 0xaf, 0xe0, 0x0, 0x9,
    0xff, 0xff, 0xff, 0xff, 0xff, 0xff, 0xf7, 0x0,
    0x2, 0xff, 0xff, 0xc0, 0x0, 0x9, 0xff, 0xff,
    0xff, 0xff, 0xff, 0xff, 0xf7, 0x0, 0x0, 0xcf,
    0xfe, 0x40, 0x0, 0x9, 0xfc, 0x0, 0x0, 0x0,
    0x0, 0xf, 0xf7, 0x0, 0x0, 0x23, 0x10, 0x0,
    0x0, 0x1, 0x21, 0x0, 0x0, 0x0, 0x0, 0x0,
    0x0, 0x0,

    /* U+653E "放" */
    0x0, 0x0, 0x0, 0x48, 0x20, 0x0, 0x0, 0x0,
    0x19, 0x62, 0x0, 0x0, 0x0, 0x0, 0x0, 0x0,
    0x0, 0xff, 0x90, 0x0, 0x0, 0x0, 0x4f, 0xf7,
    0x0, 0x0, 0x0, 0x0, 0x0, 0x0, 0x0, 0x9f,
    0xf0, 0x0, 0x0, 0x0, 0x7f, 0xf4, 0x0, 0x0,
    0x0, 0x0, 0x0, 0x0, 0x0, 0x3f, 0xf5, 0x0,
    0x0, 0x0, 0xaf, 0xf1, 0x0, 0x0, 0x0, 0x0,
    0x2, 0x33, 0x33, 0x3d, 0x84, 0x33, 0x32, 0x0,
    0xef, 0xd0, 0x0, 0x0, 0x0, 0x0, 0xa, 0xff,
    0xff, 0xff, 0xff, 0xff, 0xfb, 0x2, 0xff, 0xd7,
    0x77, 0x77, 0x77, 0x70, 0xa, 0xff, 0xff, 0xff,
    0xff, 0xff, 0xfb, 0x7, 0xff, 0xff, 0xff, 0xff,
    0xff, 0xf1, 0x2, 0x44, 0xbf, 0xe4, 0x44, 0x44,
    0x42, 0xd, 0xff, 0xff, 0xff, 0xff, 0xff, 0xf1,
    0x0, 0x0, 0x9f, 0xe0, 0x0, 0x0, 0x0, 0x3f,
    0xfd, 0x0, 0x0, 0xbf, 0xe0, 0x0, 0x0, 0x0,
    0x9f, 0xe0, 0x0, 0x0, 0x0, 0x9f, 0xff, 0x0,
    0x0, 0xdf, 0xb0, 0x0, 0x0, 0x0, 0x9f, 0xf7,
    0x77, 0x87, 0x41, 0xff, 0xff, 0x40, 0x1, 0xff,
    0x80, 0x0, 0x0, 0x0, 0x9f, 0xff, 0xff, 0xff,
    0xaa, 0xff, 0xff, 0x80, 0x4, 0xff, 0x40, 0x0,
    0x0, 0x0, 0x9f, 0xff, 0xff, 0xff, 0xef, 0xfd,
    0xaf, 0xd0, 0x9, 0xff, 0x0, 0x0, 0x0, 0x0,
    0xaf, 0xe0, 0x0, 0xef, 0xac, 0xf5, 0x5f, 0xf2,
    0xd, 0xfc, 0x0, 0x0, 0x0, 0x0, 0xaf, 0xd0,
    0x0, 0xff, 0x91, 0x80, 0x1f, 0xf7, 0x2f, 0xf7,
    0x0, 0x0, 0x0, 0x0, 0xbf, 0xc0, 0x0, 0xff,
    0x80, 0x0, 0xb, 0xfd, 0x9f, 0xf1, 0x0, 0x0,
    0x0, 0x0, 0xdf, 0xb0, 0x0, 0xff, 0x80, 0x0,
    0x5, 0xff, 0xff, 0xb0, 0x0, 0x0, 0x0, 0x0,
    0xff, 0x90, 0x0, 0xff, 0x70, 0x0, 0x0, 0xef,
    0xff, 0x40, 0x0, 0x0, 0x0, 0x2, 0xff, 0x70,
    0x1, 0xff, 0x70, 0x0, 0x0, 0x8f, 0xfd, 0x0,
    0x0, 0x0, 0x0, 0x7, 0xff, 0x30, 0x2, 0xff,
    0x60, 0x0, 0x0, 0xdf, 0xff, 0x20, 0x0, 0x0,
    0x0, 0xc, 0xfe, 0x0, 0x2, 0xff, 0x50, 0x0,
    0xb, 0xff, 0xff, 0xd1, 0x0, 0x0, 0x0, 0x3f,
    0xf9, 0x0, 0x4, 0xff, 0x40, 0x1, 0xbf, 0xfc,
    0xbf, 0xfc, 0x10, 0x0, 0x0, 0xcf, 0xf3, 0x0,
    0x6, 0xff, 0x30, 0x3d, 0xff, 0xd1, 0x1e, 0xff,
    0xd3, 0x0, 0x8, 0xff, 0xa0, 0x55, 0x5d, 0xff,
    0x2a, 0xff, 0xfc, 0x10, 0x2, 0xef, 0xff, 0x91,
    0x1e, 0xfe, 0x10, 0x8f, 0xff, 0xfb, 0x5f, 0xff,
    0x90, 0x0, 0x0, 0x2d, 0xff, 0xb0, 0x1, 0xd4,
    0x0, 0x4f, 0xff, 0xb1, 0xa, 0xe4, 0x0, 0x0,
    0x0, 0x0, 0x8d, 0x10, 0x0, 0x0, 0x0, 0x0,
    0x0, 0x0, 0x1, 0x0, 0x0, 0x0, 0x0, 0x0,
    0x0, 0x0,

    /* U+65E5 "日" */
    0x6b, 0xbb, 0xbb, 0xbb, 0xbb, 0xbb, 0xbb, 0xbb,
    0xbb, 0xb6, 0x8f, 0xff, 0xff, 0xff, 0xff, 0xff,
    0xff, 0xff, 0xff, 0xf8, 0x8f, 0xff, 0xff, 0xff,
    0xff, 0xff, 0xff, 0xff, 0xff, 0xf8, 0x8f, 0xf2,
    0x0, 0x0, 0x0, 0x0, 0x0, 0x0, 0x5f, 0xf8,
    0x8f, 0xf2, 0x0, 0x0, 0x0, 0x0, 0x0, 0x0,
    0x5f, 0xf8, 0x8f, 0xf2, 0x0, 0x0, 0x0, 0x0,
    0x0, 0x0, 0x5f, 0xf8, 0x8f, 0xf2, 0x0, 0x0,
    0x0, 0x0, 0x0, 0x0, 0x5f, 0xf8, 0x8f, 0xf2,
    0x0, 0x0, 0x0, 0x0, 0x0, 0x0, 0x5f, 0xf8,
    0x8f, 0xf2, 0x0, 0x0, 0x0, 0x0, 0x0, 0x0,
    0x5f, 0xf8, 0x8f, 0xf3, 0x0, 0x0, 0x0, 0x0,
    0x0, 0x0, 0x5f, 0xf8, 0x8f, 0xff, 0xff, 0xff,
    0xff, 0xff, 0xff, 0xff, 0xff, 0xf8, 0x8f, 0xff,
    0xff, 0xff, 0xff, 0xff, 0xff, 0xff, 0xff, 0xf8,
    0x8f, 0xfa, 0x99, 0x99, 0x99, 0x99, 0x99, 0x99,
    0xbf, 0xf8, 0x8f, 0xf2, 0x0, 0x0, 0x0, 0x0,
    0x0, 0x0, 0x5f, 0xf8, 0x8f, 0xf2, 0x0, 0x0,
    0x0, 0x0, 0x0, 0x0, 0x5f, 0xf8, 0x8f, 0xf2,
    0x0, 0x0, 0x0, 0x0, 0x0, 0x0, 0x5f, 0xf8,
    0x8f, 0xf2, 0x0, 0x0, 0x0, 0x0, 0x0, 0x0,
    0x5f, 0xf8, 0x8f, 0xf2, 0x0, 0x0, 0x0, 0x0,
    0x0, 0x0, 0x5f, 0xf8, 0x8f, 0xf2, 0x0, 0x0,
    0x0, 0x0, 0x0, 0x0, 0x5f, 0xf8, 0x8f, 0xfb,
    0xaa, 0xaa, 0xaa, 0xaa, 0xaa, 0xaa, 0xcf, 0xf8,
    0x8f, 0xff, 0xff, 0xff, 0xff, 0xff, 0xff, 0xff,
    0xff, 0xf8, 0x8f, 0xff, 0xff, 0xff, 0xff, 0xff,
    0xff, 0xff, 0xff, 0xf8, 0x8f, 0xf3, 0x0, 0x0,
    0x0, 0x0, 0x0, 0x0, 0x5f, 0xf8, 0x8f, 0xf2,
    0x0, 0x0, 0x0, 0x0, 0x0, 0x0, 0x5f, 0xf8,
    0x1, 0x10, 0x0, 0x0, 0x0, 0x0, 0x0, 0x0,
    0x0, 0x0,

    /* U+65F6 "时" */
    0x0, 0x0, 0x0, 0x0, 0x0, 0x0, 0x0, 0x0,
    0x0, 0x0, 0x44, 0x30, 0x0, 0x0, 0x0, 0x0,
    0x0, 0x0, 0x0, 0x0, 0x0, 0x0, 0x0, 0xff,
    0xa0, 0x0, 0x3, 0x43, 0x33, 0x33, 0x32, 0x0,
    0x0, 0x0, 0x0, 0x0, 0xff, 0xa0, 0x0, 0x2f,
    0xff, 0xff, 0xff, 0xfd, 0x0, 0x0, 0x0, 0x0,
    0x0, 0xff, 0xa0, 0x0, 0x2f, 0xff, 0xff, 0xff,
    0xfd, 0x0, 0x0, 0x0, 0x0, 0x0, 0xff, 0xa0,
    0x0, 0x2f, 0xf8, 0x33, 0x3b, 0xfd, 0x0, 0x0,
    0x0, 0x0, 0x1, 0xff, 0xb0, 0x0, 0x2f, 0xf6,
    0x0, 0xa, 0xfd, 0xd, 0xff, 0xff, 0xff, 0xff,
    0xff, 0xff, 0xfd, 0x2f, 0xf6, 0x0, 0xa, 0xfd,
    0xd, 0xff, 0xff, 0xff, 0xff, 0xff, 0xff, 0xfd,
    0x2f, 0xf6, 0x0, 0xa, 0xfd, 0x7, 0x99, 0x99,
    0x99, 0x99, 0xff, 0xe9, 0x97, 0x2f, 0xf6, 0x0,
    0xa, 0xfd, 0x0, 0x0, 0x0, 0x0, 0x0, 0xff,
    0xa0, 0x0, 0x2f, 0xfa, 0x66, 0x6c, 0xfd, 0x0,
    0x3, 0x10, 0x0, 0x0, 0xff, 0xa0, 0x0, 0x2f,
    0xff, 0xff, 0xff, 0xfd, 0x0, 0xaf, 0xb0, 0x0,
    0x0, 0xff, 0xa0, 0x0, 0x2f, 0xff, 0xff, 0xff,
    0xfd, 0x0, 0x9f, 0xf7, 0x0, 0x0, 0xff, 0xa0,
    0x0, 0x2f, 0xf6, 0x0, 0xa, 0xfd, 0x0, 0xd,
    0xff, 0x20, 0x0, 0xff, 0xa0, 0x0, 0x2f, 0xf6,
    0x0, 0xa, 0xfd, 0x0, 0x4, 0xff, 0xc0, 0x0,
    0xff, 0xa0, 0x0, 0x2f, 0xf6, 0x0, 0xa, 0xfd,
    0x0, 0x0, 0xaf, 0xf7, 0x0, 0xff, 0xa0, 0x0,
    0x2f, 0xf6, 0x0, 0xa, 0xfd, 0x0, 0x0, 0x1e,
    0xff, 0x20, 0xff, 0xa0, 0x0, 0x2f, 0xf6, 0x0,
    0xa, 0xfd, 0x0, 0x0, 0x6, 0xf7, 0x0, 0xff,
    0xa0, 0x0, 0x2f, 0xf8, 0x33, 0x3b, 0xfd, 0x0,
    0x0, 0x0, 0x10, 0x0, 0xff, 0xa0, 0x0, 0x2f,
    0xff, 0xff, 0xff, 0xfd, 0x0, 0x0, 0x0, 0x0,
    0x0, 0xff, 0xa0, 0x0, 0x2f, 0xff, 0xff, 0xff,
    0xfd, 0x0, 0x0, 0x0, 0x0, 0x0, 0xff, 0xa0,
    0x0, 0x2f, 0xf7, 0x22, 0x22, 0x22, 0x0, 0x0,
    0x0, 0x0, 0x0, 0xff, 0xa0, 0x0, 0x2f, 0xf6,
    0x0, 0x0, 0x0, 0x0, 0x0, 0x0, 0x0, 0x0,
    0xff, 0xa0, 0x0, 0x6, 0x62, 0x0, 0x0, 0x0,
    0x0, 0x0, 0x49, 0x98, 0x8a, 0xff, 0x90, 0x0,
    0x0, 0x0, 0x0, 0x0, 0x0, 0x0, 0x0, 0x2f,
    0xff, 0xff, 0xff, 0x50, 0x0, 0x0, 0x0, 0x0,
    0x0, 0x0, 0x0, 0x0, 0xc, 0xff, 0xfe, 0xc6,
    0x0, 0x0, 0x0, 0x0, 0x0, 0x0, 0x0, 0x0,
    0x0, 0x0, 0x10, 0x0, 0x0, 0x0, 0x0,

    /* U+671F "期" */
    0x0, 0x2, 0x55, 0x0, 0x0, 0x15, 0x50, 0x0,
    0x0, 0x0, 0x0, 0x0, 0x0, 0x0, 0x0, 0x6f,
    0xf0, 0x0, 0x5, 0xff, 0x10, 0x5, 0x65, 0x55,
    0x55, 0x56, 0x51, 0x0, 0x6, 0xff, 0x0, 0x0,
    0x5f, 0xf1, 0x0, 0xff, 0xff, 0xff, 0xff, 0xff,
    0x50, 0x11, 0x7f, 0xf2, 0x11, 0x17, 0xff, 0x31,
    0xf, 0xff, 0xff, 0xff, 0xff, 0xf5, 0xb, 0xff,
    0xff, 0xff, 0xff, 0xff, 0xff, 0xf2, 0xff, 0x81,
    0x11, 0x15, 0xff, 0x50, 0xbf, 0xff, 0xff, 0xff,
    0xff, 0xff, 0xff, 0x2f, 0xf7, 0x0, 0x0, 0x4f,
    0xf5, 0x2, 0x38, 0xff, 0x33, 0x33, 0x8f, 0xf4,
    0x31, 0xff, 0x70, 0x0, 0x4, 0xff, 0x50, 0x0,
    0x6f, 0xf0, 0x0, 0x5, 0xff, 0x10, 0xf, 0xf7,
    0x0, 0x0, 0x4f, 0xf5, 0x0, 0x6, 0xff, 0xaa,
    0xaa, 0xcf, 0xf1, 0x0, 0xff, 0xff, 0xff, 0xff,
    0xff, 0x50, 0x0, 0x6f, 0xff, 0xff, 0xff, 0xff,
    0x10, 0xf, 0xff, 0xff, 0xff, 0xff, 0xf5, 0x0,
    0x6, 0xff, 0x66, 0x66, 0xaf, 0xf1, 0x0, 0xff,
    0xa6, 0x66, 0x69, 0xff, 0x50, 0x0, 0x6f, 0xf0,
    0x0, 0x5, 0xff, 0x10, 0xf, 0xf7, 0x0, 0x0,
    0x4f, 0xf5, 0x0, 0x6, 0xff, 0x22, 0x22, 0x7f,
    0xf1, 0x0, 0xff, 0x60, 0x0, 0x4, 0xff, 0x50,
    0x0, 0x6f, 0xff, 0xff, 0xff, 0xff, 0x10, 0x1f,
    0xf6, 0x0, 0x0, 0x4f, 0xf5, 0x0, 0x6, 0xff,
    0xff, 0xff, 0xff, 0xf1, 0x1, 0xff, 0x95, 0x55,
    0x58, 0xff, 0x50, 0x0, 0x6f, 0xf0, 0x0, 0x5,
    0xff, 0x10, 0x2f, 0xff, 0xff, 0xff, 0xff, 0xf5,
    0x0, 0x6, 0xff, 0x0, 0x0, 0x5f, 0xf1, 0x3,
    0xff, 0xdd, 0xdd, 0xde, 0xff, 0x50, 0xee, 0xff,
    0xfe, 0xee, 0xef, 0xff, 0xee, 0x4f, 0xf2, 0x0,
    0x0, 0x4f, 0xf5, 0xf, 0xff, 0xff, 0xff, 0xff,
    0xff, 0xff, 0xf6, 0xff, 0x0, 0x0, 0x4, 0xff,
    0x50, 0x77, 0x77, 0x77, 0x77, 0x77, 0x77, 0x77,
    0x8f, 0xe0, 0x0, 0x0, 0x4f, 0xf5, 0x0, 0x0,
    0x9e, 0xa1, 0x6, 0xea, 0x0, 0xb, 0xfb, 0x0,
    0x0, 0x4, 0xff, 0x50, 0x0, 0x3f, 0xfb, 0x0,
    0x7f, 0xf7, 0x0, 0xff, 0x80, 0x0, 0x0, 0x4f,
    0xf5, 0x0, 0x1e, 0xff, 0x20, 0x0, 0xbf, 0xf4,
    0x4f, 0xf4, 0x0, 0x0, 0x4, 0xff, 0x50, 0x1d,
    0xff, 0x50, 0x0, 0x1, 0xef, 0xda, 0xfe, 0x0,
    0x8, 0x88, 0xbf, 0xf4, 0xc, 0xff, 0x80, 0x0,
    0x0, 0x5, 0xb3, 0xef, 0x80, 0x0, 0xcf, 0xff,
    0xff, 0x10, 0xa, 0x90, 0x0, 0x0, 0x0, 0x0,
    0x2, 0xc1, 0x0, 0x7, 0xff, 0xdb, 0x30, 0x0,
    0x0, 0x0, 0x0, 0x0, 0x0, 0x0, 0x0, 0x0,
    0x0, 0x0, 0x0, 0x0, 0x0,

    /* U+672C "本" */
    0x0, 0x0, 0x0, 0x0, 0x0, 0x0, 0x6a, 0xa1,
    0x0, 0x0, 0x0, 0x0, 0x0, 0x0, 0x0, 0x0,
    0x0, 0x0, 0x0, 0xa, 0xff, 0x20, 0x0, 0x0,
    0x0, 0x0, 0x0, 0x0, 0x0, 0x0, 0x0, 0x0,
    0x0, 0xaf, 0xf2, 0x0, 0x0, 0x0, 0x0, 0x0,
    0x0, 0x0, 0x0, 0x0, 0x0, 0x0, 0xa, 0xff,
    0x20, 0x0, 0x0, 0x0, 0x0, 0x0, 0x0, 0x0,
    0x0, 0x0, 0x0, 0x0, 0xaf, 0xf2, 0x0, 0x0,
    0x0, 0x0, 0x0, 0x0, 0x0, 0x0, 0x0, 0x0,
    0x0, 0xa, 0xff, 0x20, 0x0, 0x0, 0x0, 0x0,
    0x0, 0x7, 0xff, 0xff, 0xff, 0xff, 0xff, 0xff,
    0xff, 0xff, 0xff, 0xff, 0xff, 0xff, 0x10, 0x7f,
    0xff, 0xff, 0xff, 0xff, 0xff, 0xff, 0xff, 0xff,
    0xff, 0xff, 0xff, 0xf1, 0x5, 0xcc, 0xcc, 0xcc,
    0xcf, 0xff, 0xef, 0xfe, 0xff, 0xdc, 0xcc, 0xcc,
    0xcc, 0x10, 0x0, 0x0, 0x0, 0x1, 0xff, 0xba,
    0xff, 0x6f, 0xf7, 0x0, 0x0, 0x0, 0x0, 0x0,
    0x0, 0x0, 0x0, 0x8f, 0xf4, 0xaf, 0xf2, 0xcf,
    0xe0, 0x0, 0x0, 0x0, 0x0, 0x0, 0x0, 0x0,
    0x1f, 0xfd, 0xa, 0xff, 0x25, 0xff, 0x80, 0x0,
    0x0, 0x0, 0x0, 0x0, 0x0, 0xa, 0xff, 0x40,
    0xaf, 0xf2, 0xd, 0xff, 0x20, 0x0, 0x0, 0x0,
    0x0, 0x0, 0x4, 0xff, 0xc0, 0xa, 0xff, 0x20,
    0x4f, 0xfc, 0x0, 0x0, 0x0, 0x0, 0x0, 0x1,
    0xef, 0xf2, 0x0, 0xaf, 0xf2, 0x0, 0xaf, 0xf9,
    0x0, 0x0, 0x0, 0x0, 0x0, 0xcf, 0xf8, 0x0,
    0xa, 0xff, 0x20, 0x1, 0xff, 0xf6, 0x0, 0x0,
    0x0, 0x0, 0xaf, 0xfc, 0x0, 0x0, 0xaf, 0xf2,
    0x0, 0x5, 0xff, 0xf5, 0x0, 0x0, 0x0, 0x9f,
    0xfe, 0x10, 0x0, 0xa, 0xff, 0x20, 0x0, 0x9,
    0xff, 0xf6, 0x0, 0x0, 0xbf, 0xff, 0xb9, 0x99,
    0x99, 0xdf, 0xfa, 0x99, 0x99, 0x9e, 0xff, 0xf9,
    0x1, 0xdf, 0xff, 0x4e, 0xff, 0xff, 0xff, 0xff,
    0xff, 0xff, 0xff, 0x7c, 0xff, 0xf9, 0x7, 0xff,
    0x40, 0xef, 0xff, 0xff, 0xff, 0xff, 0xff, 0xff,
    0xf6, 0xb, 0xfb, 0x0, 0x7, 0x20, 0x1, 0x22,
    0x22, 0x2b, 0xff, 0x42, 0x22, 0x22, 0x0, 0x6,
    0x10, 0x0, 0x0, 0x0, 0x0, 0x0, 0x0, 0xaf,
    0xf2, 0x0, 0x0, 0x0, 0x0, 0x0, 0x0, 0x0,
    0x0, 0x0, 0x0, 0x0, 0xa, 0xff, 0x20, 0x0,
    0x0, 0x0, 0x0, 0x0, 0x0, 0x0, 0x0, 0x0,
    0x0, 0x0, 0xaf, 0xf2, 0x0, 0x0, 0x0, 0x0,
    0x0, 0x0, 0x0, 0x0, 0x0, 0x0, 0x0, 0xa,
    0xff, 0x20, 0x0, 0x0, 0x0, 0x0, 0x0,

    /* U+673A "机" */
    0x0, 0x0, 0x0, 0x77, 0x30, 0x0, 0x0, 0x0,
    0x0, 0x0, 0x0, 0x0, 0x0, 0x0, 0x0, 0x0,
    0x1, 0xff, 0x70, 0x0, 0x0, 0x0, 0x0, 0x0,
    0x1, 0x0, 0x0, 0x0, 0x0, 0x0, 0x1, 0xff,
    0x70, 0x0, 0x0, 0xdf, 0xff, 0xff, 0xff, 0xfa,
    0x0, 0x0, 0x0, 0x0, 0x1, 0xff, 0x70, 0x0,
    0x0, 0xdf, 0xff, 0xff, 0xff, 0xfa, 0x0, 0x0,
    0x0, 0x0, 0x1, 0xff, 0x70, 0x0, 0x0, 0xdf,
    0xd7, 0x77, 0x7f, 0xfa, 0x0, 0x0, 0x0, 0x0,
    0x1, 0xff, 0x70, 0x0, 0x0, 0xdf, 0xb0, 0x0,
    0xf, 0xfa, 0x0, 0x0, 0x4, 0x99, 0x99, 0xff,
    0xc9, 0x99, 0x30, 0xdf, 0xb0, 0x0, 0xf, 0xfa,
    0x0, 0x0, 0x8, 0xff, 0xff, 0xff, 0xff, 0xff,
    0x60, 0xdf, 0xb0, 0x0, 0xf, 0xfa, 0x0, 0x0,
    0x7, 0xff, 0xff, 0xff, 0xff, 0xff, 0x50, 0xdf,
    0xb0, 0x0, 0xf, 0xfa, 0x0, 0x0, 0x0, 0x0,
    0x9, 0xff, 0x70, 0x0, 0x0, 0xdf, 0xb0, 0x0,
    0xf, 0xfa, 0x0, 0x0, 0x0, 0x0, 0xe, 0xff,
    0x70, 0x0, 0x0, 0xdf, 0xb0, 0x0, 0xf, 0xfa,
    0x0, 0x0, 0x0, 0x0, 0x4f, 0xff, 0xd1, 0x0,
    0x0, 0xdf, 0xb0, 0x0, 0xf, 0xfa, 0x0, 0x0,
    0x0, 0x0, 0xaf, 0xff, 0xfc, 0x0, 0x0, 0xef,
    0xa0, 0x0, 0xf, 0xfa, 0x0, 0x0, 0x0, 0x1,
    0xff, 0xff, 0xff, 0xb0, 0x0, 0xef, 0xa0, 0x0,
    0xf, 0xfa, 0x0, 0x0, 0x0, 0x8, 0xfc, 0xff,
    0xaf, 0xfa, 0x0, 0xff, 0x80, 0x0, 0xf, 0xfa,
    0x0, 0x0, 0x0, 0x1f, 0xf6, 0xff, 0x77, 0xff,
    0x71, 0xff, 0x70, 0x0, 0xf, 0xfa, 0x0, 0x0,
    0x0, 0x9f, 0xd1, 0xff, 0x70, 0xce, 0x23, 0xff,
    0x40, 0x0, 0xf, 0xfa, 0x0, 0x0, 0x3, 0xff,
    0x61, 0xff, 0x70, 0x24, 0x6, 0xff, 0x20, 0x0,
    0xf, 0xfa, 0x0, 0x0, 0xd, 0xfd, 0x1, 0xff,
    0x70, 0x0, 0xa, 0xfe, 0x0, 0x0, 0xf, 0xfa,
    0x0, 0x10, 0xc, 0xf5, 0x1, 0xff, 0x70, 0x0,
    0xf, 0xfa, 0x0, 0x0, 0xf, 0xfa, 0x2, 0xe7,
    0x3, 0xb0, 0x1, 0xff, 0x70, 0x0, 0x6f, 0xf5,
    0x0, 0x0, 0xf, 0xfa, 0x2, 0xfd, 0x0, 0x0,
    0x1, 0xff, 0x70, 0x0, 0xdf, 0xe0, 0x0, 0x0,
    0xf, 0xfa, 0x3, 0xfc, 0x0, 0x0, 0x1, 0xff,
    0x70, 0x7, 0xff, 0x70, 0x0, 0x0, 0xf, 0xfa,
    0x4, 0xfb, 0x0, 0x0, 0x1, 0xff, 0x70, 0x3f,
    0xfd, 0x0, 0x0, 0x0, 0xe, 0xfe, 0x7b, 0xf9,
    0x0, 0x0, 0x1, 0xff, 0x70, 0xdf, 0xf3, 0x0,
    0x0, 0x0, 0xc, 0xff, 0xff, 0xf6, 0x0, 0x0,
    0x1, 0xff, 0x70, 0x1a, 0x50, 0x0, 0x0, 0x0,
    0x2, 0xcf, 0xff, 0xa0,

    /* U+675F "束" */
    0x0, 0x0, 0x0, 0x0, 0x0, 0x0, 0x8c, 0xc1,
    0x0, 0x0, 0x0, 0x0, 0x0, 0x0, 0x0, 0x0,
    0x0, 0x0, 0x0, 0xa, 0xff, 0x20, 0x0, 0x0,
    0x0, 0x0, 0x0, 0x0, 0x0, 0x0, 0x0, 0x0,
    0x0, 0xaf, 0xf2, 0x0, 0x0, 0x0, 0x0, 0x0,
    0x0, 0x2f, 0xff, 0xff, 0xff, 0xff, 0xff, 0xff,
    0xff, 0xff, 0xff, 0xff, 0xff, 0xc0, 0x2, 0xff,
    0xff, 0xff, 0xff, 0xff, 0xff, 0xff, 0xff, 0xff,
    0xff, 0xff, 0xfc, 0x0, 0x17, 0x77, 0x77, 0x77,
    0x77, 0x7d, 0xff, 0x87, 0x77, 0x77, 0x77, 0x77,
    0x60, 0x0, 0x0, 0x0, 0x0, 0x0, 0x0, 0xaf,
    0xf2, 0x0, 0x0, 0x0, 0x0, 0x0, 0x0, 0x0,
    0x0, 0x0, 0x0, 0x0, 0xa, 0xff, 0x20, 0x0,
    0x0, 0x0, 0x0, 0x0, 0x0, 0x0, 0x77, 0x77,
    0x77, 0x77, 0xcf, 0xf8, 0x77, 0x77, 0x77, 0x77,
    0x0, 0x0, 0x0, 0xf, 0xff, 0xff, 0xff, 0xff,
    0xff, 0xff, 0xff, 0xff, 0xff, 0xf1, 0x0, 0x0,
    0x0, 0xff, 0xfe, 0xee, 0xee, 0xff, 0xfe, 0xee,
    0xee, 0xef, 0xff, 0x10, 0x0, 0x0, 0xf, 0xf8,
    0x0, 0x0, 0xa, 0xff, 0x20, 0x0, 0x0, 0xaf,
    0xf1, 0x0, 0x0, 0x0, 0xff, 0x80, 0x0, 0x0,
    0xaf, 0xf2, 0x0, 0x0, 0xa, 0xff, 0x10, 0x0,
    0x0, 0xf, 0xf8, 0x0, 0x0, 0xa, 0xff, 0x20,
    0x0, 0x0, 0xaf, 0xf1, 0x0, 0x0, 0x0, 0xff,
    0xb6, 0x66, 0x66, 0xcf, 0xf8, 0x66, 0x66, 0x6c,
    0xff, 0x10, 0x0, 0x0, 0xf, 0xff, 0xff, 0xff,
    0xff, 0xff, 0xff, 0xff, 0xff, 0xff, 0xf1, 0x0,
    0x0, 0x0, 0xff, 0xff, 0xff, 0xff, 0xff, 0xff,
    0xff, 0xff, 0xff, 0xff, 0x10, 0x0, 0x0, 0x0,
    0x0, 0x0, 0xa, 0xff, 0xff, 0xff, 0x40, 0x0,
    0x0, 0x0, 0x0, 0x0, 0x0, 0x0, 0x0, 0x1b,
    0xff, 0xff, 0xff, 0xff, 0x60, 0x0, 0x0, 0x0,
    0x0, 0x0, 0x0, 0x0, 0x3e, 0xff, 0xaa, 0xff,
    0x4e, 0xff, 0xa1, 0x0, 0x0, 0x0, 0x0, 0x0,
    0x1, 0x9f, 0xff, 0x90, 0xaf, 0xf2, 0x1c, 0xff,
    0xe5, 0x0, 0x0, 0x0, 0x0, 0x7, 0xef, 0xff,
    0x50, 0xa, 0xff, 0x20, 0x9, 0xff, 0xfc, 0x40,
    0x0, 0x2, 0x8e, 0xff, 0xfc, 0x20, 0x0, 0xaf,
    0xf2, 0x0, 0x5, 0xef, 0xff, 0xd6, 0x10, 0xbf,
    0xff, 0xe5, 0x0, 0x0, 0xa, 0xff, 0x20, 0x0,
    0x1, 0x9f, 0xff, 0xf7, 0x0, 0xde, 0x70, 0x0,
    0x0, 0x0, 0xaf, 0xf2, 0x0, 0x0, 0x0, 0x29,
    0xf9, 0x0, 0x1, 0x0, 0x0, 0x0, 0x0, 0xa,
    0xff, 0x20, 0x0, 0x0, 0x0, 0x1, 0x0,

    /* U+6784 "构" */
    0x0, 0x0, 0x6, 0xa9, 0x0, 0x0, 0x0, 0x65,
    0x20, 0x0, 0x0, 0x0, 0x0, 0x0, 0x0, 0x0,
    0xaf, 0xe0, 0x0, 0x0, 0xe, 0xfd, 0x0, 0x0,
    0x0, 0x0, 0x0, 0x0, 0x0, 0xa, 0xfe, 0x0,
    0x0, 0x3, 0xff, 0x90, 0x0, 0x0, 0x0, 0x0,
    0x0, 0x0, 0x0, 0xaf, 0xe0, 0x0, 0x0, 0x8f,
    0xf3, 0x0, 0x0, 0x0, 0x0, 0x0, 0x0, 0x0,
    0xa, 0xfe, 0x0, 0x0, 0xe, 0xfe, 0x22, 0x22,
    0x22, 0x22, 0x32, 0x10, 0x35, 0x55, 0xcf, 0xf5,
    0x54, 0x4, 0xff, 0xff, 0xff, 0xff, 0xff, 0xff,
    0xf8, 0xa, 0xff, 0xff, 0xff, 0xff, 0xe0, 0xcf,
    0xff, 0xff, 0xff, 0xff, 0xff, 0xff, 0x80, 0xaf,
    0xff, 0xff, 0xff, 0xfe, 0x4f, 0xfb, 0x66, 0x66,
    0x66, 0x66, 0x7f, 0xf8, 0x1, 0x22, 0x2f, 0xff,
    0x22, 0x2d, 0xff, 0x20, 0x0, 0x0, 0x0, 0x2,
    0xff, 0x70, 0x0, 0x3, 0xff, 0xf2, 0xa, 0xff,
    0x80, 0xbb, 0x60, 0x0, 0x0, 0x3f, 0xf6, 0x0,
    0x0, 0x8f, 0xff, 0xc0, 0x8f, 0xe0, 0x1f, 0xf9,
    0x0, 0x0, 0x3, 0xff, 0x60, 0x0, 0xd, 0xff,
    0xff, 0x80, 0x43, 0x6, 0xff, 0x40, 0x0, 0x0,
    0x4f, 0xf5, 0x0, 0x3, 0xff, 0xff, 0xff, 0x30,
    0x0, 0xbf, 0xd0, 0x0, 0x0, 0x4, 0xff, 0x40,
    0x0, 0x9f, 0xff, 0xe8, 0xfd, 0x0, 0x1f, 0xf7,
    0x2b, 0xb0, 0x0, 0x5f, 0xf4, 0x0, 0x1f, 0xfb,
    0xfe, 0x1f, 0xf2, 0x7, 0xff, 0x11, 0xff, 0x40,
    0x6, 0xff, 0x30, 0x8, 0xfb, 0xaf, 0xe0, 0x85,
    0x0, 0xef, 0x80, 0xa, 0xfb, 0x0, 0x7f, 0xf2,
    0x1, 0xff, 0x5a, 0xfe, 0x0, 0x0, 0x6f, 0xf1,
    0x24, 0xaf, 0xf1, 0x8, 0xff, 0x10, 0xbf, 0xe0,
    0xaf, 0xe0, 0x0, 0x1e, 0xff, 0xff, 0xff, 0xff,
    0x80, 0x9f, 0xf0, 0xd, 0xf7, 0xa, 0xfe, 0x0,
    0x9, 0xff, 0xff, 0xfd, 0xab, 0xfd, 0xa, 0xff,
    0x0, 0x5e, 0x0, 0xaf, 0xe0, 0x0, 0x3f, 0xb7,
    0x30, 0x0, 0x2f, 0xb0, 0xcf, 0xe0, 0x0, 0x30,
    0xa, 0xfe, 0x0, 0x0, 0x10, 0x0, 0x0, 0x0,
    0x10, 0xe, 0xfc, 0x0, 0x0, 0x0, 0xaf, 0xe0,
    0x0, 0x0, 0x0, 0x0, 0x0, 0x0, 0x1, 0xff,
    0xa0, 0x0, 0x0, 0xa, 0xfe, 0x0, 0x0, 0x0,
    0x0, 0x0, 0x0, 0x0, 0x6f, 0xf7, 0x0, 0x0,
    0x0, 0xaf, 0xe0, 0x0, 0x0, 0x0, 0x0, 0x9,
    0x88, 0x9e, 0xff, 0x30, 0x0, 0x0, 0xa, 0xfe,
    0x0, 0x0, 0x0, 0x0, 0x0, 0xaf, 0xff, 0xff,
    0xc0, 0x0, 0x0, 0x0, 0xaf, 0xe0, 0x0, 0x0,
    0x0, 0x0, 0x6, 0xff, 0xfe, 0x91, 0x0, 0x0,
    0x0, 0x0, 0x0, 0x0, 0x0, 0x0, 0x0, 0x0,
    0x0, 0x0, 0x0, 0x0, 0x0,

    /* U+6A21 "模" */
    0x0, 0x0, 0x26, 0x60, 0x0, 0x0, 0x0, 0x66,
    0x30, 0x0, 0x36, 0x60, 0x0, 0x0, 0x0, 0x0,
    0x7f, 0xf1, 0x0, 0x0, 0x0, 0xff, 0x90, 0x0,
    0x8f, 0xf0, 0x0, 0x0, 0x0, 0x0, 0x7f, 0xf1,
    0x0, 0x34, 0x44, 0xff, 0xb4, 0x44, 0xaf, 0xf5,
    0x44, 0x30, 0x0, 0x0, 0x7f, 0xf1, 0x0, 0xcf,
    0xff, 0xff, 0xff, 0xff, 0xff, 0xff, 0xff, 0xb0,
    0x0, 0x0, 0x7f, 0xf1, 0x0, 0xbe, 0xee, 0xff,
    0xfe, 0xee, 0xff, 0xfe, 0xee, 0xa0, 0x1, 0x11,
    0x8f, 0xf2, 0x11, 0x0, 0x0, 0xff, 0x90, 0x0,
    0x8f, 0xf0, 0x0, 0x0, 0xb, 0xff, 0xff, 0xff,
    0xfd, 0x0, 0x0, 0xcd, 0x70, 0x0, 0x7d, 0xd0,
    0x0, 0x0, 0xb, 0xff, 0xff, 0xff, 0xfd, 0xa,
    0xee, 0xee, 0xee, 0xee, 0xee, 0xee, 0xe4, 0x0,
    0x1, 0x22, 0x9f, 0xf3, 0x21, 0xc, 0xff, 0xff,
    0xff, 0xff, 0xff, 0xff, 0xf4, 0x0, 0x0, 0x0,
    0xbf, 0xf4, 0x0, 0xc, 0xfb, 0x0, 0x0, 0x0,
    0x0, 0x4f, 0xf4, 0x0, 0x0, 0x0, 0xef, 0xfd,
    0x0, 0xc, 0xfc, 0x11, 0x11, 0x11, 0x11, 0x6f,
    0xf4, 0x0, 0x0, 0x3, 0xff, 0xff, 0x90, 0xc,
    0xff, 0xff, 0xff, 0xff, 0xff, 0xff, 0xf4, 0x0,
    0x0, 0x9, 0xff, 0xff, 0xf3, 0xc, 0xfe, 0xbb,
    0xbb, 0xbb, 0xbb, 0xcf, 0xf4, 0x0, 0x0, 0xe,
    0xff, 0xf7, 0xfd, 0xc, 0xfb, 0x0, 0x0, 0x0,
    0x0, 0x4f, 0xf4, 0x0, 0x0, 0x5f, 0xff, 0xf1,
    0xdf, 0x5c, 0xff, 0xee, 0xee, 0xee, 0xee, 0xef,
    0xf4, 0x0, 0x0, 0xcf, 0xdf, 0xf1, 0x6b, 0xc,
    0xff, 0xff, 0xff, 0xff, 0xff, 0xff, 0xf4, 0x0,
    0x3, 0xff, 0x8f, 0xf1, 0x1, 0x0, 0x0, 0x0,
    0x3f, 0xf6, 0x0, 0x0, 0x0, 0x0, 0xc, 0xfa,
    0x7f, 0xf1, 0x0, 0x0, 0x0, 0x0, 0x5f, 0xf4,
    0x0, 0x0, 0x0, 0x0, 0x2f, 0xf4, 0x7f, 0xf1,
    0x1, 0xff, 0xff, 0xff, 0xff, 0xff, 0xff, 0xff,
    0xff, 0xa0, 0x9, 0xc0, 0x7f, 0xf1, 0x2, 0xff,
    0xff, 0xff, 0xff, 0xff, 0xff, 0xff, 0xff, 0xb0,
    0x2, 0x30, 0x7f, 0xf1, 0x0, 0x33, 0x33, 0x3a,
    0xff, 0xdf, 0xf7, 0x33, 0x33, 0x20, 0x0, 0x0,
    0x7f, 0xf1, 0x0, 0x0, 0x0, 0x5f, 0xfd, 0x1e,
    0xfe, 0x30, 0x0, 0x0, 0x0, 0x0, 0x7f, 0xf1,
    0x0, 0x0, 0x19, 0xff, 0xf3, 0x3, 0xff, 0xf8,
    0x10, 0x0, 0x0, 0x0, 0x7f, 0xf1, 0x1, 0x5a,
    0xff, 0xfe, 0x30, 0x0, 0x3e, 0xff, 0xf9, 0x40,
    0x0, 0x0, 0x7f, 0xf1, 0xb, 0xff, 0xff, 0x80,
    0x0, 0x0, 0x1, 0xbf, 0xff, 0xc0, 0x0, 0x0,
    0x7f, 0xf1, 0x1, 0xea, 0x50, 0x0, 0x0, 0x0,
    0x0, 0x3, 0x9d, 0x20, 0x0, 0x0, 0x0, 0x0,
    0x0, 0x0, 0x0, 0x0, 0x0, 0x0, 0x0, 0x0,
    0x0, 0x0,

    /* U+6B63 "正" */
    0x7, 0xaa, 0xaa, 0xaa, 0xaa, 0xaa, 0xaa, 0xaa,
    0xaa, 0xaa, 0xaa, 0xaa, 0x70, 0xb, 0xff, 0xff,
    0xff, 0xff, 0xff, 0xff, 0xff, 0xff, 0xff, 0xff,
    0xff, 0xb0, 0xb, 0xff, 0xff, 0xff, 0xff, 0xff,
    0xff, 0xff, 0xff, 0xff, 0xff, 0xff, 0xb0, 0x0,
    0x0, 0x0, 0x0, 0x0, 0x0, 0xbf, 0xf1, 0x0,
    0x0, 0x0, 0x0, 0x0, 0x0, 0x0, 0x0, 0x0,
    0x0, 0x0, 0xbf, 0xf1, 0x0, 0x0, 0x0, 0x0,
    0x0, 0x0, 0x0, 0x0, 0x0, 0x0, 0x0, 0xbf,
    0xf1, 0x0, 0x0, 0x0, 0x0, 0x0, 0x0, 0x0,
    0x0, 0x0, 0x0, 0x0, 0xbf, 0xf1, 0x0, 0x0,
    0x0, 0x0, 0x0, 0x0, 0x0, 0x33, 0x20, 0x0,
    0x0, 0xbf, 0xf1, 0x0, 0x0, 0x0, 0x0, 0x0,
    0x0, 0x0, 0xff, 0xc0, 0x0, 0x0, 0xbf, 0xf1,
    0x0, 0x0, 0x0, 0x0, 0x0, 0x0, 0x0, 0xff,
    0xc0, 0x0, 0x0, 0xbf, 0xf2, 0x0, 0x0, 0x0,
    0x0, 0x0, 0x0, 0x0, 0xff, 0xc0, 0x0, 0x0,
    0xbf, 0xff, 0xff, 0xff, 0xff, 0xf7, 0x0, 0x0,
    0x0, 0xff, 0xc0, 0x0, 0x0, 0xbf, 0xff, 0xff,
    0xff, 0xff, 0xf7, 0x0, 0x0, 0x0, 0xff, 0xc0,
    0x0, 0x0, 0xbf, 0xf9, 0x88, 0x88, 0x88, 0x84,
    0x0, 0x0, 0x0, 0xff, 0xc0, 0x0, 0x0, 0xbf,
    0xf1, 0x0, 0x0, 0x0, 0x0, 0x0, 0x0, 0x0,
    0xff, 0xc0, 0x0, 0x0, 0xbf, 0xf1, 0x0, 0x0,
    0x0, 0x0, 0x0, 0x0, 0x0, 0xff, 0xc0, 0x0,
    0x0, 0xbf, 0xf1, 0x0, 0x0, 0x0, 0x0, 0x0,
    0x0, 0x0, 0xff, 0xc0, 0x0, 0x0, 0xbf, 0xf1,
    0x0, 0x0, 0x0, 0x0, 0x0, 0x0, 0x0, 0xff,
    0xc0, 0x0, 0x0, 0xbf, 0xf1, 0x0, 0x0, 0x0,
    0x0, 0x0, 0x0, 0x0, 0xff, 0xc0, 0x0, 0x0,
    0xbf, 0xf1, 0x0, 0x0, 0x0, 0x0, 0x0, 0x0,
    0x0, 0xff, 0xc0, 0x0, 0x0, 0xbf, 0xf1, 0x0,
    0x0, 0x0, 0x0, 0x0, 0x35, 0x55, 0xff, 0xd5,
    0x55, 0x55, 0xdf, 0xf5, 0x55, 0x55, 0x55, 0x55,
    0x53, 0xaf, 0xff, 0xff, 0xff, 0xff, 0xff, 0xff,
    0xff, 0xff, 0xff, 0xff, 0xff, 0xf9, 0xaf, 0xff,
    0xff, 0xff, 0xff, 0xff, 0xff, 0xff, 0xff, 0xff,
    0xff, 0xff, 0xf9, 0x34, 0x44, 0x44, 0x44, 0x44,
    0x44, 0x44, 0x44, 0x44, 0x44, 0x44, 0x44, 0x42,

    /* U+7247 "片" */
    0x0, 0x0, 0x0, 0x0, 0x0, 0x0, 0x0, 0x6,
    0x64, 0x0, 0x0, 0x0, 0x0, 0x0, 0x0, 0x3c,
    0xc5, 0x0, 0x0, 0x0, 0xf, 0xfc, 0x0, 0x0,
    0x0, 0x0, 0x0, 0x0, 0x4f, 0xf7, 0x0, 0x0,
    0x0, 0xf, 0xfc, 0x0, 0x0, 0x0, 0x0, 0x0,
    0x0, 0x4f, 0xf7, 0x0, 0x0, 0x0, 0xf, 0xfc,
    0x0, 0x0, 0x0, 0x0, 0x0, 0x0, 0x4f, 0xf7,
    0x0, 0x0, 0x0, 0xf, 0xfc, 0x0, 0x0, 0x0,
    0x0, 0x0, 0x0, 0x4f, 0xf7, 0x0, 0x0, 0x0,
    0xf, 0xfc, 0x0, 0x0, 0x0, 0x0, 0x0, 0x0,
    0x4f, 0xf7, 0x0, 0x0, 0x0, 0xf, 0xfc, 0x0,
    0x0, 0x0, 0x0, 0x0, 0x0, 0x4f, 0xfa, 0x44,
    0x44, 0x44, 0x4f, 0xfd, 0x44, 0x44, 0x44, 0x40,
    0x0, 0x0, 0x4f, 0xff, 0xff, 0xff, 0xff, 0xff,
    0xff, 0xff, 0xff, 0xff, 0xf2, 0x0, 0x0, 0x4f,
    0xff, 0xff, 0xff, 0xff, 0xff, 0xff, 0xff, 0xff,
    0xff, 0xf2, 0x0, 0x0, 0x4f, 0xfb, 0x77, 0x77,
    0x77, 0x77, 0x77, 0x77, 0x77, 0x77, 0x71, 0x0,
    0x0, 0x5f, 0xf7, 0x0, 0x0, 0x0, 0x0, 0x0,
    0x0, 0x0, 0x0, 0x0, 0x0, 0x0, 0x5f, 0xf7,
    0x0, 0x0, 0x0, 0x0, 0x0, 0x0, 0x0, 0x0,
    0x0, 0x0, 0x0, 0x6f, 0xf6, 0x0, 0x0, 0x0,
    0x0, 0x0, 0x0, 0x0, 0x0, 0x0, 0x0, 0x0,
    0x7f, 0xfd, 0xbb, 0xbb, 0xbb, 0xbb, 0xbb, 0xbb,
    0xb2, 0x0, 0x0, 0x0, 0x0, 0x9f, 0xff, 0xff,
    0xff, 0xff, 0xff, 0xff, 0xff, 0xf4, 0x0, 0x0,
    0x0, 0x0, 0xbf, 0xff, 0xff, 0xff, 0xff, 0xff,
    0xff, 0xff, 0xf4, 0x0, 0x0, 0x0, 0x0, 0xef,
    0xf0, 0x0, 0x0, 0x0, 0x0, 0x0, 0xaf, 0xf4,
    0x0, 0x0, 0x0, 0x2, 0xff, 0xb0, 0x0, 0x0,
    0x0, 0x0, 0x0, 0xaf, 0xf4, 0x0, 0x0, 0x0,
    0x7, 0xff, 0x70, 0x0, 0x0, 0x0, 0x0, 0x0,
    0xaf, 0xf4, 0x0, 0x0, 0x0, 0xd, 0xff, 0x30,
    0x0, 0x0, 0x0, 0x0, 0x0, 0xaf, 0xf4, 0x0,
    0x0, 0x0, 0x5f, 0xfc, 0x0, 0x0, 0x0, 0x0,
    0x0, 0x0, 0xaf, 0xf4, 0x0, 0x0, 0x1, 0xef,
    0xf5, 0x0, 0x0, 0x0, 0x0, 0x0, 0x0, 0xaf,
    0xf4, 0x0, 0x0, 0xb, 0xff, 0xd0, 0x0, 0x0,
    0x0, 0x0, 0x0, 0x0, 0xaf, 0xf4, 0x0, 0x0,
    0xa, 0xff, 0x30, 0x0, 0x0, 0x0, 0x0, 0x0,
    0x0, 0xaf, 0xf4, 0x0, 0x0, 0x0, 0xa6, 0x0,
    0x0, 0x0, 0x0, 0x0, 0x0, 0x0, 0xaf, 0xf4,
    0x0, 0x0, 0x0, 0x0, 0x0, 0x0, 0x0, 0x0,
    0x0, 0x0, 0x0, 0x0, 0x0, 0x0, 0x0,

    /* U+7248 "版" */
    0x0, 0x0, 0x0, 0x2, 0xbb, 0x10, 0x0, 0x0,
    0x0, 0x0, 0x0, 0x0, 0x33, 0x0, 0x0, 0x3f,
    0xf2, 0x4, 0xff, 0x20, 0x0, 0x0, 0x13, 0x57,
    0x9b, 0xef, 0xfe, 0x10, 0x0, 0x4f, 0xf3, 0x4,
    0xff, 0x20, 0x7, 0xff, 0xff, 0xff, 0xff, 0xff,
    0xff, 0xa0, 0x0, 0x4f, 0xf3, 0x4, 0xff, 0x20,
    0x8, 0xff, 0xff, 0xff, 0xec, 0x97, 0x41, 0x0,
    0x0, 0x4f, 0xf3, 0x4, 0xff, 0x20, 0x8, 0xff,
    0x42, 0x10, 0x0, 0x0, 0x0, 0x0, 0x0, 0x4f,
    0xf3, 0x4, 0xff, 0x20, 0x8, 0xff, 0x0, 0x0,
    0x0, 0x0, 0x0, 0x0, 0x0, 0x4f, 0xf3, 0x4,
    0xff, 0x20, 0x8, 0xff, 0x0, 0x0, 0x0, 0x0,
    0x0, 0x0, 0x0, 0x4f, 0xf3, 0x4, 0xff, 0x20,
    0x8, 0xff, 0x0, 0x0, 0x0, 0x0, 0x0, 0x0,
    0x0, 0x4f, 0xfe, 0xde, 0xff, 0xed, 0x58, 0xff,
    0x77, 0x77, 0x77, 0x77, 0x86, 0x10, 0x0, 0x4f,
    0xff, 0xff, 0xff, 0xff, 0x68, 0xff, 0xff, 0xff,
    0xff, 0xff, 0xff, 0x60, 0x0, 0x4f, 0xf7, 0x55,
    0x55, 0x55, 0x18, 0xff, 0xff, 0xff, 0xff, 0xff,
    0xff, 0x30, 0x0, 0x4f, 0xf3, 0x0, 0x0, 0x0,
    0x8, 0xff, 0xaf, 0x80, 0x0, 0x7, 0xff, 0x0,
    0x0, 0x4f, 0xf2, 0x0, 0x0, 0x0, 0x8, 0xff,
    0x6f, 0xc0, 0x0, 0xb, 0xfd, 0x0, 0x0, 0x4f,
    0xf3, 0x0, 0x0, 0x0, 0x8, 0xff, 0x1f, 0xf1,
    0x0, 0xf, 0xf9, 0x0, 0x0, 0x4f, 0xff, 0xff,
    0xff, 0xd0, 0x9, 0xff, 0xc, 0xf7, 0x0, 0x5f,
    0xf4, 0x0, 0x0, 0x5f, 0xff, 0xff, 0xff, 0xd0,
    0xa, 0xfe, 0x7, 0xfd, 0x0, 0xbf, 0xe0, 0x0,
    0x0, 0x6f, 0xf5, 0x55, 0xcf, 0xd0, 0xb, 0xfd,
    0x1, 0xff, 0x43, 0xff, 0x90, 0x0, 0x0, 0x7f,
    0xf0, 0x0, 0xaf, 0xd0, 0xc, 0xfc, 0x0, 0xbf,
    0xcb, 0xff, 0x20, 0x0, 0x0, 0x9f, 0xd0, 0x0,
    0xaf, 0xd0, 0xe, 0xfa, 0x0, 0x3f, 0xff, 0xfa,
    0x0, 0x0, 0x0, 0xbf, 0xc0, 0x0, 0xaf, 0xd0,
    0x1f, 0xf8, 0x0, 0xb, 0xff, 0xf2, 0x0, 0x0,
    0x0, 0xef, 0x90, 0x0, 0xaf, 0xd0, 0x5f, 0xf5,
    0x0, 0xc, 0xff, 0xd0, 0x0, 0x0, 0x2, 0xff,
    0x60, 0x0, 0xaf, 0xd0, 0x9f, 0xf1, 0x0, 0xbf,
    0xff, 0xfb, 0x0, 0x0, 0x6, 0xff, 0x20, 0x0,
    0xaf, 0xd0, 0xdf, 0xd0, 0x1c, 0xff, 0xdc, 0xff,
    0xb1, 0x0, 0xc, 0xfd, 0x0, 0x0, 0xaf, 0xd4,
    0xff, 0x86, 0xff, 0xfc, 0x11, 0xdf, 0xfe, 0x50,
    0x1f, 0xf7, 0x0, 0x0, 0xaf, 0xdb, 0xff, 0x3e,
    0xff, 0xa0, 0x0, 0x1c, 0xff, 0xc0, 0x2, 0xd1,
    0x0, 0x0, 0xaf, 0xd1, 0xaa, 0x3, 0xe5, 0x0,
    0x0, 0x0, 0x8d, 0x10, 0x0, 0x0, 0x0, 0x0,
    0x0, 0x0, 0x0, 0x0, 0x0, 0x0, 0x0, 0x0,
    0x0, 0x0,

    /* U+753B "画" */
    0xaf, 0xff, 0xff, 0xff, 0xff, 0xff, 0xff, 0xff,
    0xff, 0xff, 0xff, 0xff, 0xb, 0xff, 0xff, 0xff,
    0xff, 0xff, 0xff, 0xff, 0xff, 0xff, 0xff, 0xff,
    0xf0, 0x58, 0x88, 0x88, 0x88, 0x88, 0x88, 0x88,
    0x88, 0x88, 0x88, 0x88, 0x88, 0x0, 0x0, 0x0,
    0x0, 0x0, 0x0, 0x0, 0x0, 0x0, 0x0, 0x0,
    0x0, 0x0, 0x0, 0x0, 0x0, 0x0, 0x0, 0x0,
    0x0, 0x0, 0x0, 0x0, 0x0, 0x0, 0x0, 0x0,
    0x0, 0x8d, 0xdd, 0xdd, 0xdd, 0xdd, 0xdd, 0xda,
    0x0, 0x0, 0x0, 0x0, 0x0, 0xa, 0xff, 0xff,
    0xff, 0xff, 0xff, 0xff, 0xc0, 0x0, 0x0, 0x7,
    0xcc, 0x10, 0xaf, 0xa5, 0x57, 0xff, 0x75, 0x5a,
    0xfc, 0x0, 0xdf, 0xd0, 0x9f, 0xf2, 0xa, 0xf8,
    0x0, 0x2f, 0xf2, 0x0, 0x8f, 0xc0, 0xd, 0xfe,
    0x9, 0xff, 0x20, 0xaf, 0x80, 0x2, 0xff, 0x20,
    0x8, 0xfc, 0x0, 0xdf, 0xe0, 0x9f, 0xf2, 0xa,
    0xf9, 0x22, 0x4f, 0xf4, 0x22, 0x9f, 0xc0, 0xd,
    0xfe, 0x9, 0xff, 0x20, 0xaf, 0xff, 0xff, 0xff,
    0xff, 0xff, 0xfc, 0x0, 0xdf, 0xe0, 0x9f, 0xf2,
    0xa, 0xff, 0xee, 0xff, 0xff, 0xee, 0xff, 0xc0,
    0xd, 0xfe, 0x9, 0xff, 0x20, 0xaf, 0x80, 0x2,
    0xff, 0x20, 0x8, 0xfc, 0x0, 0xdf, 0xe0, 0x9f,
    0xf2, 0xa, 0xf8, 0x0, 0x2f, 0xf2, 0x0, 0x8f,
    0xc0, 0xd, 0xfe, 0x9, 0xff, 0x20, 0xaf, 0x92,
    0x24, 0xff, 0x42, 0x29, 0xfc, 0x0, 0xdf, 0xe0,
    0x9f, 0xf2, 0xa, 0xff, 0xff, 0xff, 0xff, 0xff,
    0xff, 0xc0, 0xd, 0xfe, 0x9, 0xff, 0x20, 0xaf,
    0xff, 0xff, 0xff, 0xff, 0xff, 0xfc, 0x0, 0xdf,
    0xe0, 0x9f, 0xf2, 0x0, 0x0, 0x0, 0x0, 0x0,
    0x0, 0x0, 0x0, 0xd, 0xfe, 0x9, 0xff, 0x20,
    0x0, 0x0, 0x0, 0x0, 0x0, 0x0, 0x0, 0x0,
    0xdf, 0xe0, 0x9f, 0xf9, 0x88, 0x88, 0x88, 0x88,
    0x88, 0x88, 0x88, 0x88, 0x8e, 0xfe, 0x9, 0xff,
    0xff, 0xff, 0xff, 0xff, 0xff, 0xff, 0xff, 0xff,
    0xff, 0xff, 0xe0, 0x9f, 0xff, 0xff, 0xff, 0xff,
    0xff, 0xff, 0xff, 0xff, 0xff, 0xff, 0xfe, 0x0,
    0x0, 0x0, 0x0, 0x0, 0x0, 0x0, 0x0, 0x0,
    0x0, 0x0, 0xdf, 0xe0,

    /* U+79D2 "秒" */
    0x0, 0x0, 0x0, 0x0, 0x1, 0x10, 0x0, 0x0,
    0x3, 0x66, 0x0, 0x0, 0x0, 0x0, 0x0, 0x0,
    0x1, 0x6a, 0xfc, 0x0, 0x0, 0x0, 0x7f, 0xf0,
    0x0, 0x0, 0x0, 0x1, 0x36, 0xad, 0xff, 0xff,
    0xf7, 0x0, 0x0, 0x7, 0xff, 0x0, 0x0, 0x0,
    0x0, 0x8f, 0xff, 0xff, 0xfd, 0x94, 0x0, 0x0,
    0x0, 0x7f, 0xf0, 0x0, 0x0, 0x0, 0x2, 0xfd,
    0xac, 0xff, 0x10, 0x0, 0x0, 0x0, 0x7, 0xff,
    0x0, 0x2, 0x0, 0x0, 0x0, 0x0, 0x7f, 0xf1,
    0x0, 0x0, 0x6a, 0x70, 0x7f, 0xf0, 0x3e, 0xf3,
    0x0, 0x0, 0x0, 0x7, 0xff, 0x10, 0x0, 0xa,
    0xfd, 0x7, 0xff, 0x0, 0xef, 0xb0, 0x0, 0x0,
    0x0, 0x7f, 0xf1, 0x0, 0x0, 0xdf, 0xa0, 0x7f,
    0xf0, 0x8, 0xff, 0x20, 0xa, 0xbb, 0xbd, 0xff,
    0xbb, 0xb9, 0xf, 0xf7, 0x7, 0xff, 0x0, 0x2f,
    0xf9, 0x0, 0xff, 0xff, 0xff, 0xff, 0xff, 0xd3,
    0xff, 0x40, 0x7f, 0xf0, 0x0, 0xbf, 0xe0, 0xd,
    0xdd, 0xdf, 0xff, 0xdd, 0xdb, 0x7f, 0xf0, 0x7,
    0xff, 0x0, 0x5, 0xff, 0x50, 0x0, 0x1, 0xff,
    0xf4, 0x0, 0xb, 0xfc, 0x0, 0x7f, 0xf0, 0x0,
    0x1f, 0xfa, 0x0, 0x0, 0x8f, 0xff, 0xf2, 0x1,
    0xff, 0x80, 0x7, 0xff, 0x0, 0x0, 0xce, 0x80,
    0x0, 0xe, 0xff, 0xff, 0xe1, 0x4f, 0xf3, 0x0,
    0x7f, 0xf0, 0x0, 0x2, 0x0, 0x0, 0x6, 0xff,
    0xff, 0xdf, 0xc0, 0x17, 0x0, 0x7, 0xff, 0x0,
    0x8, 0x51, 0x0, 0x0, 0xef, 0xcf, 0xf3, 0xff,
    0x80, 0x0, 0x0, 0x7f, 0xf0, 0x4, 0xff, 0x80,
    0x0, 0x8f, 0xd7, 0xff, 0x18, 0xf3, 0x0, 0x0,
    0x7, 0xff, 0x0, 0xcf, 0xf2, 0x0, 0x2f, 0xf6,
    0x7f, 0xf1, 0x16, 0x0, 0x0, 0x0, 0x7e, 0xe0,
    0x7f, 0xf9, 0x0, 0xc, 0xfd, 0x7, 0xff, 0x10,
    0x0, 0x0, 0x0, 0x0, 0x0, 0x4f, 0xfe, 0x10,
    0x2, 0xff, 0x40, 0x7f, 0xf1, 0x0, 0x0, 0x0,
    0x0, 0x0, 0x4f, 0xff, 0x40, 0x0, 0x8, 0xa0,
    0x7, 0xff, 0x10, 0x0, 0x0, 0x0, 0x0, 0x8f,
    0xff, 0x50, 0x0, 0x0, 0x11, 0x0, 0x7f, 0xf1,
    0x0, 0x0, 0x0, 0x5, 0xdf, 0xff, 0x40, 0x0,
    0x0, 0x0, 0x0, 0x7, 0xff, 0x10, 0x0, 0x2,
    0x8e, 0xff, 0xfc, 0x20, 0x0, 0x0, 0x0, 0x0,
    0x0, 0x7f, 0xf1, 0x5, 0x9e, 0xff, 0xff, 0xd5,
    0x0, 0x0, 0x0, 0x0, 0x0, 0x0, 0x7, 0xff,
    0x10, 0x6f, 0xff, 0xfb, 0x50, 0x0, 0x0, 0x0,
    0x0, 0x0, 0x0, 0x0, 0x7f, 0xf1, 0x0, 0xba,
    0x61, 0x0, 0x0, 0x0, 0x0, 0x0, 0x0,

    /* U+7ED3 "结" */
    0x0, 0x0, 0x0, 0x50, 0x0, 0x0, 0x0, 0x0,
    0x0, 0xaa, 0x70, 0x0, 0x0, 0x0, 0x0, 0x0,
    0x2f, 0xf8, 0x0, 0x0, 0x0, 0x0, 0x1f, 0xfb,
    0x0, 0x0, 0x0, 0x0, 0x0, 0x9, 0xff, 0x80,
    0x0, 0x0, 0x0, 0x1, 0xff, 0xb0, 0x0, 0x0,
    0x0, 0x0, 0x1, 0xff, 0xf1, 0x0, 0x0, 0x0,
    0x0, 0x1f, 0xfb, 0x0, 0x0, 0x0, 0x0, 0x0,
    0x8f, 0xf8, 0x0, 0x4, 0xff, 0xff, 0xff, 0xff,
    0xff, 0xff, 0xff, 0xc0, 0x0, 0x1f, 0xfe, 0x0,
    0x0, 0x4f, 0xff, 0xff, 0xff, 0xff, 0xff, 0xff,
    0xfc, 0x0, 0x9, 0xff, 0x50, 0xa, 0x42, 0x88,
    0x88, 0x89, 0xff, 0xd8, 0x88, 0x88, 0x60, 0x3,
    0xff, 0xb0, 0x6, 0xff, 0x80, 0x0, 0x0, 0x1f,
    0xfb, 0x0, 0x0, 0x0, 0x0, 0xdf, 0xf2, 0x2,
    0xef, 0xf3, 0x0, 0x0, 0x1, 0xff, 0xb0, 0x0,
    0x0, 0x0, 0xcf, 0xff, 0xff, 0xff, 0xf8, 0x0,
    0x0, 0x0, 0x1f, 0xfb, 0x0, 0x0, 0x0, 0xb,
    0xff, 0xff, 0xff, 0xfd, 0x0, 0x8e, 0xee, 0xee,
    0xff, 0xfe, 0xee, 0xee, 0x30, 0x6b, 0x86, 0x6f,
    0xff, 0x20, 0x9, 0xff, 0xff, 0xff, 0xff, 0xff,
    0xff, 0xf4, 0x0, 0x0, 0xc, 0xff, 0x50, 0x0,
    0x5a, 0xaa, 0xaa, 0xaa, 0xaa, 0xaa, 0xaa, 0x20,
    0x0, 0x9, 0xff, 0x80, 0x0, 0x0, 0x0, 0x0,
    0x0, 0x0, 0x0, 0x0, 0x0, 0x0, 0x8, 0xff,
    0xb0, 0x0, 0x11, 0x0, 0x0, 0x0, 0x0, 0x0,
    0x0, 0x0, 0x0, 0x7, 0xff, 0xe7, 0x9c, 0xef,
    0x80, 0x57, 0x77, 0x77, 0x77, 0x77, 0x77, 0x40,
    0x9, 0xff, 0xff, 0xff, 0xff, 0xf9, 0xb, 0xff,
    0xff, 0xff, 0xff, 0xff, 0xf9, 0x0, 0x7f, 0xff,
    0xff, 0xda, 0x74, 0x10, 0xbf, 0xff, 0xff, 0xff,
    0xff, 0xff, 0x90, 0x2, 0xea, 0x73, 0x0, 0x0,
    0x0, 0xb, 0xfe, 0x0, 0x0, 0x0, 0x1f, 0xf9,
    0x0, 0x0, 0x0, 0x0, 0x0, 0x0, 0x0, 0xbf,
    0xe0, 0x0, 0x0, 0x1, 0xff, 0x90, 0x0, 0x0,
    0x0, 0x0, 0x3, 0x65, 0xb, 0xfe, 0x0, 0x0,
    0x0, 0x1f, 0xf9, 0x0, 0x0, 0x14, 0x79, 0xcf,
    0xff, 0xb0, 0xbf, 0xe0, 0x0, 0x0, 0x1, 0xff,
    0x90, 0xa, 0xef, 0xff, 0xff, 0xff, 0xfb, 0xb,
    0xff, 0x44, 0x44, 0x44, 0x5f, 0xf9, 0x0, 0xbf,
    0xff, 0xfe, 0xb8, 0x41, 0x0, 0xbf, 0xff, 0xff,
    0xff, 0xff, 0xff, 0x90, 0x8, 0xc8, 0x52, 0x0,
    0x0, 0x0, 0xb, 0xff, 0xff, 0xff, 0xff, 0xff,
    0xf9, 0x0, 0x0, 0x0, 0x0, 0x0, 0x0, 0x0,
    0xbf, 0xf2, 0x22, 0x22, 0x23, 0xff, 0x90, 0x0,
    0x0, 0x0, 0x0, 0x0, 0x0, 0x1, 0x11, 0x0,
    0x0, 0x0, 0x0, 0x0, 0x0,

    /* U+7F16 "编" */
    0x0, 0x0, 0x0, 0x0, 0x0, 0x0, 0x0, 0x0,
    0x0, 0x0, 0x0, 0x0, 0x0, 0x0, 0x0, 0x8,
    0x83, 0x0, 0x0, 0x0, 0x0, 0x29, 0xd5, 0x0,
    0x0, 0x0, 0x0, 0x0, 0xe, 0xfc, 0x0, 0x0,
    0x0, 0x0, 0x1f, 0xfc, 0x0, 0x0, 0x0, 0x0,
    0x0, 0x4f, 0xf6, 0x0, 0x0, 0x0, 0x0, 0x9,
    0xff, 0x20, 0x0, 0x0, 0x0, 0x0, 0xaf, 0xe0,
    0x0, 0xa, 0xff, 0xee, 0xef, 0xff, 0xfe, 0xee,
    0xe7, 0x0, 0x1, 0xff, 0x80, 0x0, 0xb, 0xff,
    0xff, 0xff, 0xff, 0xff, 0xff, 0xf8, 0x0, 0x8,
    0xff, 0x10, 0x0, 0xb, 0xfc, 0x44, 0x44, 0x44,
    0x44, 0x4f, 0xf8, 0x0, 0xe, 0xf8, 0x2, 0xc3,
    0xb, 0xfb, 0x0, 0x0, 0x0, 0x0, 0xe, 0xf8,
    0x0, 0x8f, 0xe0, 0xa, 0xfe, 0xb, 0xfb, 0x0,
    0x0, 0x0, 0x0, 0xe, 0xf8, 0x2, 0xff, 0x60,
    0x2f, 0xf8, 0xb, 0xff, 0xff, 0xff, 0xff, 0xff,
    0xff, 0xf8, 0x1d, 0xff, 0x9a, 0xdf, 0xe0, 0xb,
    0xff, 0xff, 0xff, 0xff, 0xff, 0xff, 0xf8, 0xf,
    0xff, 0xff, 0xff, 0x60, 0xb, 0xfb, 0x33, 0x33,
    0x33, 0x33, 0x33, 0x32, 0xa, 0xca, 0x8f, 0xfc,
    0x0, 0xc, 0xfa, 0x0, 0x0, 0x0, 0x0, 0x0,
    0x0, 0x0, 0x0, 0x7f, 0xf3, 0x0, 0xc, 0xff,
    0xee, 0xee, 0xee, 0xee, 0xee, 0xfc, 0x0, 0x2,
    0xff, 0x80, 0x0, 0xd, 0xff, 0xff, 0xff, 0xff,
    0xff, 0xff, 0xfe, 0x0, 0xc, 0xfc, 0x1, 0x41,
    0xe, 0xff, 0xf9, 0x3c, 0xf4, 0xbf, 0x45, 0xfe,
    0x0, 0x9f, 0xfc, 0xdf, 0xf3, 0xf, 0xff, 0xf7,
    0xa, 0xf0, 0x9f, 0x12, 0xfe, 0x9, 0xff, 0xff,
    0xff, 0xf3, 0x2f, 0xfd, 0xf7, 0xa, 0xf0, 0x9f,
    0x12, 0xfe, 0xc, 0xff, 0xfb, 0x73, 0x0, 0x4f,
    0xfb, 0xf7, 0xa, 0xf0, 0x9f, 0x12, 0xfe, 0x7,
    0xa4, 0x0, 0x0, 0x0, 0x7f, 0xf9, 0xff, 0xff,
    0xff, 0xff, 0xff, 0xfe, 0x0, 0x0, 0x0, 0x5,
    0xb2, 0xbf, 0xc9, 0xff, 0xff, 0xff, 0xff, 0xff,
    0xfe, 0x0, 0x0, 0x28, 0xef, 0xf6, 0xff, 0x89,
    0xf8, 0x1b, 0xf1, 0xaf, 0x24, 0xfe, 0x1, 0x6c,
    0xff, 0xff, 0x96, 0xff, 0x39, 0xf7, 0xa, 0xf0,
    0x9f, 0x12, 0xfe, 0x1f, 0xff, 0xfd, 0x60, 0xa,
    0xfe, 0x9, 0xf7, 0xa, 0xf0, 0x9f, 0x12, 0xfe,
    0xd, 0xfb, 0x40, 0x0, 0x2f, 0xf8, 0x9, 0xf7,
    0xa, 0xf0, 0x9f, 0x12, 0xfe, 0x5, 0x20, 0x0,
    0x0, 0x4e, 0xf2, 0x9, 0xf7, 0xa, 0xf0, 0x9f,
    0x7e, 0xfd, 0x0, 0x0, 0x0, 0x0, 0x1, 0x60,
    0x9, 0xf7, 0x4, 0x60, 0x35, 0x2f, 0xe5,

    /* U+7F51 "网" */
    0x0, 0x0, 0x0, 0x0, 0x0, 0x0, 0x0, 0x0,
    0x0, 0x0, 0x0, 0x0, 0xaf, 0xff, 0xff, 0xff,
    0xff, 0xff, 0xff, 0xff, 0xff, 0xff, 0xff, 0xfc,
    0xaf, 0xff, 0xff, 0xff, 0xff, 0xff, 0xff, 0xff,
    0xff, 0xff, 0xff, 0xfc, 0xaf, 0xf8, 0x88, 0x88,
    0x88, 0x88, 0x88, 0x88, 0x88, 0x88, 0x8f, 0xfc,
    0xaf, 0xf0, 0x0, 0x0, 0x0, 0x0, 0x0, 0x0,
    0x0, 0x0, 0xe, 0xfc, 0xaf, 0xf0, 0x0, 0x0,
    0x1d, 0xc3, 0x0, 0x0, 0x3c, 0xa1, 0xe, 0xfc,
    0xaf, 0xf0, 0x0, 0x0, 0x4f, 0xf2, 0x0, 0x0,
    0x6f, 0xf0, 0xe, 0xfc, 0xaf, 0xf0, 0xb7, 0x0,
    0x6f, 0xf0, 0x97, 0x0, 0x9f, 0xd0, 0xe, 0xfc,
    0xaf, 0xf6, 0xff, 0x50, 0x9f, 0xc6, 0xff, 0x50,
    0xcf, 0xa0, 0xe, 0xfc, 0xaf, 0xf0, 0xbf, 0xf2,
    0xdf, 0x90, 0xaf, 0xf3, 0xff, 0x60, 0xe, 0xfc,
    0xaf, 0xf0, 0xd, 0xfe, 0xff, 0x50, 0xd, 0xff,
    0xff, 0x30, 0xe, 0xfc, 0xaf, 0xf0, 0x2, 0xff,
    0xff, 0x10, 0x2, 0xff, 0xfe, 0x0, 0xe, 0xfc,
    0xaf, 0xf0, 0x0, 0x5f, 0xfd, 0x0, 0x0, 0x6f,
    0xfa, 0x0, 0xe, 0xfc, 0xaf, 0xf0, 0x0, 0xf,
    0xff, 0x40, 0x0, 0x2f, 0xff, 0x10, 0xe, 0xfc,
    0xaf, 0xf0, 0x0, 0x6f, 0xff, 0xe1, 0x0, 0x8f,
    0xff, 0xb0, 0xe, 0xfc, 0xaf, 0xf0, 0x0, 0xdf,
    0xdf, 0xfa, 0x0, 0xef, 0xdf, 0xf5, 0xe, 0xfc,
    0xaf, 0xf0, 0x5, 0xff, 0x46, 0xff, 0x37, 0xff,
    0x3c, 0xfe, 0xe, 0xfc, 0xaf, 0xf0, 0xd, 0xfc,
    0x0, 0xc8, 0x1f, 0xfb, 0x3, 0xff, 0x3e, 0xfc,
    0xaf, 0xf0, 0x9f, 0xf4, 0x0, 0x10, 0xbf, 0xf2,
    0x0, 0xa5, 0xe, 0xfc, 0xaf, 0xf7, 0xff, 0x90,
    0x0, 0x9, 0xff, 0x70, 0x0, 0x0, 0xe, 0xfc,
    0xaf, 0xfa, 0xfd, 0x0, 0x0, 0x3f, 0xfc, 0x0,
    0x0, 0x0, 0xe, 0xfc, 0xaf, 0xf0, 0x51, 0x0,
    0x0, 0x2, 0xa1, 0x0, 0x0, 0x0, 0xe, 0xfc,
    0xaf, 0xf0, 0x0, 0x0, 0x0, 0x0, 0x0, 0x0,
    0x89, 0x99, 0xaf, 0xfb, 0xaf, 0xf0, 0x0, 0x0,
    0x0, 0x0, 0x0, 0x0, 0x7f, 0xff, 0xff, 0xf6,
    0xaf, 0xf0, 0x0, 0x0, 0x0, 0x0, 0x0, 0x0,
    0x1f, 0xff, 0xeb, 0x60,

    /* U+7F6E "置" */
    0x0, 0xac, 0xcc, 0xcc, 0xcc, 0xcc, 0xcc, 0xcc,
    0xcc, 0xcc, 0xcc, 0xcc, 0x20, 0x0, 0xdf, 0xff,
    0xff, 0xff, 0xff, 0xff, 0xff, 0xff, 0xff, 0xff,
    0xff, 0x20, 0x0, 0xdf, 0xa0, 0x0, 0x7f, 0xf0,
    0x0, 0x1f, 0xf6, 0x0, 0x9, 0xff, 0x20, 0x0,
    0xdf, 0xa0, 0x0, 0x7f, 0xf0, 0x0, 0xf, 0xf6,
    0x0, 0x8, 0xff, 0x20, 0x0, 0xdf, 0xfd, 0xdd,
    0xef, 0xfd, 0xdd, 0xdf, 0xfe, 0xdd, 0xde, 0xff,
    0x20, 0x0, 0xdf, 0xff, 0xff, 0xff, 0xff, 0xff,
    0xff, 0xff, 0xff, 0xff, 0xff, 0x20, 0x0, 0x0,
    0x0, 0x0, 0x0, 0x9, 0xff, 0x10, 0x0, 0x0,
    0x0, 0x0, 0x0, 0x2, 0x22, 0x22, 0x22, 0x22,
    0x2c, 0xff, 0x22, 0x22, 0x22, 0x22, 0x22, 0x20,
    0x1f, 0xff, 0xff, 0xff, 0xff, 0xff, 0xff, 0xff,
    0xff, 0xff, 0xff, 0xff, 0xe0, 0x1d, 0xdd, 0xdd,
    0xdd, 0xdd, 0xdf, 0xfe, 0xdd, 0xdd, 0xdd, 0xdd,
    0xdd, 0xb0, 0x0, 0x0, 0x0, 0x0, 0x0, 0x2f,
    0xf6, 0x0, 0x0, 0x0, 0x0, 0x0, 0x0, 0x0,
    0x0, 0xef, 0xff, 0xff, 0xff, 0xff, 0xff, 0xff,
    0xff, 0xfd, 0x0, 0x0, 0x0, 0x0, 0xff, 0xeb,
    0xbb, 0xbb, 0xbb, 0xbb, 0xbb, 0xbe, 0xfe, 0x0,
    0x0, 0x0, 0x0, 0xff, 0x90, 0x0, 0x0, 0x0,
    0x0, 0x0, 0xb, 0xfe, 0x0, 0x0, 0x0, 0x0,
    0xff, 0xff, 0xff, 0xff, 0xff, 0xff, 0xff, 0xff,
    0xfe, 0x0, 0x0, 0x0, 0x0, 0xff, 0xc8, 0x88,
    0x88, 0x88, 0x88, 0x88, 0x8e, 0xfe, 0x0, 0x0,
    0x0, 0x0, 0xff, 0x91, 0x11, 0x11, 0x11, 0x11,
    0x11, 0x1c, 0xfe, 0x0, 0x0, 0x0, 0x0, 0xff,
    0xff, 0xff, 0xff, 0xff, 0xff, 0xff, 0xff, 0xfe,
    0x0, 0x0, 0x0, 0x0, 0xff, 0xb5, 0x55, 0x55,
    0x55, 0x55, 0x55, 0x5d, 0xfe, 0x0, 0x0, 0x0,
    0x0, 0xff, 0xa4, 0x44, 0x44, 0x44, 0x44, 0x44,
    0x4c, 0xfe, 0x0, 0x0, 0x0, 0x0, 0xff, 0xff,
    0xff, 0xff, 0xff, 0xff, 0xff, 0xff, 0xfe, 0x0,
    0x0, 0x0, 0x0, 0xff, 0xa3, 0x33, 0x33, 0x33,
    0x33, 0x33, 0x3c, 0xfe, 0x0, 0x0, 0x12, 0x22,
    0xff, 0xa2, 0x22, 0x22, 0x22, 0x22, 0x22, 0x2c,
    0xfe, 0x22, 0x21, 0x7f, 0xff, 0xff, 0xff, 0xff,
    0xff, 0xff, 0xff, 0xff, 0xff, 0xff, 0xff, 0xf9,
    0x6c, 0xcc, 0xcc, 0xcc, 0xcc, 0xcc, 0xcc, 0xcc,
    0xcc, 0xcc, 0xcc, 0xcc, 0xc7,

    /* U+8005 "者" */
    0x0, 0x0, 0x0, 0x0, 0x0, 0xa, 0xa5, 0x0,
    0x0, 0x0, 0x0, 0x0, 0x0, 0x0, 0x0, 0x0,
    0x0, 0x0, 0x0, 0xff, 0x80, 0x0, 0x0, 0x0,
    0x1, 0x81, 0x0, 0x0, 0x0, 0x0, 0x0, 0x0,
    0xf, 0xf8, 0x0, 0x0, 0x0, 0x0, 0xbf, 0xf3,
    0x0, 0x0, 0x5, 0x55, 0x55, 0x55, 0xff, 0xb5,
    0x55, 0x55, 0x50, 0x9f, 0xfb, 0x0, 0x0, 0x1,
    0xff, 0xff, 0xff, 0xff, 0xff, 0xff, 0xff, 0xff,
    0x8f, 0xfd, 0x10, 0x0, 0x0, 0x1f, 0xff, 0xff,
    0xff, 0xff, 0xff, 0xff, 0xff, 0xff, 0xfe, 0x20,
    0x0, 0x0, 0x0, 0x0, 0x0, 0x0, 0xf, 0xf8,
    0x0, 0x0, 0x8f, 0xfe, 0x20, 0x0, 0x0, 0x0,
    0x0, 0x0, 0x0, 0x0, 0xff, 0x80, 0x0, 0x9f,
    0xfe, 0x30, 0x0, 0x0, 0x0, 0x0, 0x0, 0x0,
    0x0, 0xf, 0xf8, 0x1, 0xcf, 0xfe, 0x20, 0x0,
    0x0, 0x0, 0x8f, 0xff, 0xff, 0xff, 0xff, 0xff,
    0xff, 0xff, 0xff, 0xff, 0xff, 0xff, 0xf8, 0x8,
    0xff, 0xff, 0xff, 0xff, 0xff, 0xff, 0xff, 0xff,
    0xff, 0xff, 0xff, 0xff, 0x80, 0x36, 0x66, 0x66,
    0x66, 0x66, 0xbf, 0xff, 0xf8, 0x66, 0x66, 0x66,
    0x66, 0x63, 0x0, 0x0, 0x0, 0x0, 0x3, 0xbf,
    0xff, 0xc2, 0x0, 0x0, 0x0, 0x0, 0x0, 0x0,
    0x0, 0x0, 0x0, 0x2a, 0xff, 0xff, 0x70, 0x0,
    0x0, 0x0, 0x0, 0x0, 0x0, 0x0, 0x0, 0x3,
    0xaf, 0xff, 0xff, 0xff, 0xff, 0xff, 0xff, 0xff,
    0xf8, 0x0, 0x0, 0x0, 0x6c, 0xff, 0xff, 0xff,
    0xff, 0xff, 0xff, 0xff, 0xff, 0xff, 0x80, 0x0,
    0xa, 0xff, 0xff, 0xff, 0xff, 0x44, 0x44, 0x44,
    0x44, 0x44, 0x6f, 0xf8, 0x0, 0x0, 0x9f, 0xff,
    0xc5, 0xbf, 0xe0, 0x0, 0x0, 0x0, 0x0, 0x3,
    0xff, 0x80, 0x0, 0x0, 0xda, 0x30, 0xb, 0xff,
    0x11, 0x11, 0x11, 0x11, 0x11, 0x4f, 0xf8, 0x0,
    0x0, 0x0, 0x0, 0x0, 0xbf, 0xff, 0xff, 0xff,
    0xff, 0xff, 0xff, 0xff, 0x80, 0x0, 0x0, 0x0,
    0x0, 0xb, 0xff, 0xff, 0xff, 0xff, 0xff, 0xff,
    0xff, 0xf8, 0x0, 0x0, 0x0, 0x0, 0x0, 0xbf,
    0xe0, 0x0, 0x0, 0x0, 0x0, 0x3, 0xff, 0x80,
    0x0, 0x0, 0x0, 0x0, 0xb, 0xfe, 0x0, 0x0,
    0x0, 0x0, 0x0, 0x3f, 0xf8, 0x0, 0x0, 0x0,
    0x0, 0x0, 0xbf, 0xff, 0xff, 0xff, 0xff, 0xff,
    0xff, 0xff, 0x80, 0x0, 0x0, 0x0, 0x0, 0xb,
    0xff, 0xff, 0xff, 0xff, 0xff, 0xff, 0xff, 0xf8,
    0x0, 0x0, 0x0, 0x0, 0x0, 0xbf, 0xf4, 0x44,
    0x44, 0x44, 0x44, 0x47, 0xff, 0x80, 0x0, 0x0,
    0x0, 0x0, 0x1, 0x11, 0x0, 0x0, 0x0, 0x0,
    0x0, 0x0, 0x0, 0x0, 0x0,

    /* U+81EA "自" */
    0x0, 0x0, 0x0, 0x0, 0x79, 0x73, 0x0, 0x0,
    0x0, 0x0, 0x0, 0x0, 0x0, 0x0, 0xd, 0xff,
    0x30, 0x0, 0x0, 0x0, 0x0, 0x0, 0x0, 0x0,
    0x1, 0xff, 0xd0, 0x0, 0x0, 0x0, 0x0, 0x0,
    0x0, 0x0, 0x0, 0x5f, 0xf6, 0x0, 0x0, 0x0,
    0x0, 0x0, 0xaf, 0xff, 0xff, 0xff, 0xff, 0xff,
    0xff, 0xff, 0xff, 0xff, 0x1a, 0xff, 0xff, 0xff,
    0xff, 0xff, 0xff, 0xff, 0xff, 0xff, 0xf1, 0xaf,
    0xf9, 0x99, 0x99, 0x99, 0x99, 0x99, 0x99, 0x9e,
    0xff, 0x1a, 0xff, 0x0, 0x0, 0x0, 0x0, 0x0,
    0x0, 0x0, 0xbf, 0xf1, 0xaf, 0xf0, 0x0, 0x0,
    0x0, 0x0, 0x0, 0x0, 0xb, 0xff, 0x1a, 0xff,
    0x0, 0x0, 0x0, 0x0, 0x0, 0x0, 0x0, 0xbf,
    0xf1, 0xaf, 0xf8, 0x88, 0x88, 0x88, 0x88, 0x88,
    0x88, 0x8d, 0xff, 0x1a, 0xff, 0xff, 0xff, 0xff,
    0xff, 0xff, 0xff, 0xff, 0xff, 0xf1, 0xaf, 0xff,
    0xff, 0xff, 0xff, 0xff, 0xff, 0xff, 0xff, 0xff,
    0x1a, 0xff, 0x0, 0x0, 0x0, 0x0, 0x0, 0x0,
    0x0, 0xbf, 0xf1, 0xaf, 0xf0, 0x0, 0x0, 0x0,
    0x0, 0x0, 0x0, 0xb, 0xff, 0x1a, 0xff, 0x0,
    0x0, 0x0, 0x0, 0x0, 0x0, 0x0, 0xbf, 0xf1,
    0xaf, 0xf8, 0x88, 0x88, 0x88, 0x88, 0x88, 0x88,
    0x8d, 0xff, 0x1a, 0xff, 0xff, 0xff, 0xff, 0xff,
    0xff, 0xff, 0xff, 0xff, 0xf1, 0xaf, 0xff, 0xff,
    0xff, 0xff, 0xff, 0xff, 0xff, 0xff, 0xff, 0x1a,
    0xff, 0x0, 0x0, 0x0, 0x0, 0x0, 0x0, 0x0,
    0xbf, 0xf1, 0xaf, 0xf0, 0x0, 0x0, 0x0, 0x0,
    0x0, 0x0, 0xb, 0xff, 0x1a, 0xff, 0x0, 0x0,
    0x0, 0x0, 0x0, 0x0, 0x0, 0xbf, 0xf1, 0xaf,
    0xf8, 0x88, 0x88, 0x88, 0x88, 0x88, 0x88, 0x8d,
    0xff, 0x1a, 0xff, 0xff, 0xff, 0xff, 0xff, 0xff,
    0xff, 0xff, 0xff, 0xf1, 0xaf, 0xff, 0xff, 0xff,
    0xff, 0xff, 0xff, 0xff, 0xff, 0xff, 0x1a, 0xff,
    0x0, 0x0, 0x0, 0x0, 0x0, 0x0, 0x0, 0xbf,
    0xf1, 0x11, 0x10, 0x0, 0x0, 0x0, 0x0, 0x0,
    0x0, 0x0, 0x0, 0x0,

    /* U+89C6 "视" */
    0x0, 0x0, 0x43, 0x0, 0x0, 0x0, 0x0, 0x0,
    0x0, 0x0, 0x0, 0x0, 0x0, 0x0, 0x0, 0x9f,
    0xf2, 0x0, 0x0, 0x35, 0x55, 0x55, 0x55, 0x55,
    0x55, 0x53, 0x0, 0x0, 0x3, 0xff, 0xe1, 0x0,
    0x9, 0xff, 0xff, 0xff, 0xff, 0xff, 0xff, 0xa0,
    0x0, 0x0, 0x7, 0xff, 0xa0, 0x0, 0x9f, 0xff,
    0xff, 0xff, 0xff, 0xff, 0xfa, 0x0, 0x0, 0x0,
    0xd, 0xb2, 0x0, 0x9, 0xff, 0x0, 0x0, 0x0,
    0x0, 0xff, 0xa0, 0x2, 0xff, 0xff, 0xff, 0xff,
    0xa0, 0x9f, 0xf0, 0x0, 0x0, 0x0, 0xf, 0xfa,
    0x0, 0x2f, 0xff, 0xff, 0xff, 0xff, 0x29, 0xff,
    0x0, 0x7f, 0xf1, 0x0, 0xff, 0xa0, 0x1, 0x77,
    0x77, 0x77, 0xef, 0xb0, 0x9f, 0xf0, 0x7, 0xff,
    0x10, 0xf, 0xfa, 0x0, 0x0, 0x0, 0x0, 0x4f,
    0xf4, 0x9, 0xff, 0x0, 0x7f, 0xf1, 0x0, 0xff,
    0xa0, 0x0, 0x0, 0x0, 0xd, 0xfc, 0x0, 0x9f,
    0xf0, 0x7, 0xff, 0x10, 0xf, 0xfa, 0x0, 0x0,
    0x0, 0x7, 0xff, 0x40, 0x9, 0xff, 0x0, 0x7f,
    0xf1, 0x0, 0xff, 0xa0, 0x0, 0x0, 0x3, 0xff,
    0xa0, 0x0, 0x9f, 0xf0, 0x7, 0xff, 0x10, 0xf,
    0xfa, 0x0, 0x0, 0x1, 0xef, 0xf8, 0x0, 0x9,
    0xff, 0x0, 0x8f, 0xf0, 0x0, 0xff, 0xa0, 0x0,
    0x1, 0xcf, 0xff, 0xf5, 0x0, 0x9f, 0xf0, 0x9,
    0xfe, 0x0, 0xf, 0xfa, 0x0, 0x1, 0xcf, 0xff,
    0xff, 0xf3, 0x9, 0xff, 0x0, 0xbf, 0xc0, 0x0,
    0xff, 0xa0, 0x3, 0xef, 0xff, 0xf8, 0xdf, 0xe2,
    0x9f, 0xf0, 0xe, 0xf9, 0x0, 0xf, 0xfa, 0x0,
    0x9f, 0xfb, 0xff, 0x82, 0xff, 0x45, 0x98, 0x3,
    0xff, 0xda, 0x0, 0x99, 0x60, 0x2, 0xfb, 0xf,
    0xf8, 0x6, 0x80, 0x0, 0x0, 0x8f, 0xff, 0xf1,
    0x0, 0x0, 0x0, 0x6, 0x0, 0xff, 0x80, 0x0,
    0x0, 0x0, 0xe, 0xff, 0xff, 0x10, 0x0, 0x0,
    0x0, 0x0, 0xf, 0xf8, 0x0, 0x0, 0x0, 0x8,
    0xff, 0xaf, 0xf1, 0x0, 0x4, 0x0, 0x0, 0x0,
    0xff, 0x80, 0x0, 0x0, 0x4, 0xff, 0x97, 0xff,
    0x10, 0x0, 0xfd, 0x10, 0x0, 0xf, 0xf8, 0x0,
    0x0, 0x2, 0xef, 0xd0, 0x7f, 0xf1, 0x0, 0x1f,
    0xf0, 0x0, 0x0, 0xff, 0x80, 0x0, 0x3, 0xef,
    0xf2, 0x7, 0xff, 0x10, 0x2, 0xff, 0x0, 0x0,
    0xf, 0xf8, 0x0, 0x7, 0xff, 0xe3, 0x0, 0x6f,
    0xf2, 0x0, 0x6f, 0xc0, 0x0, 0x0, 0xff, 0x80,
    0xb, 0xff, 0xc2, 0x0, 0x4, 0xff, 0xff, 0xff,
    0xf8, 0x0, 0x0, 0xf, 0xf8, 0x0, 0x1c, 0x70,
    0x0, 0x0, 0x9, 0xef, 0xff, 0xfa, 0x0, 0x0,
    0x0, 0x0, 0x0, 0x0, 0x0, 0x0, 0x0, 0x0,
    0x0, 0x0, 0x0, 0x0, 0x0,

    /* U+8BA1 "计" */
    0x0, 0x0, 0x20, 0x0, 0x0, 0x0, 0x0, 0x0,
    0x8b, 0xb0, 0x0, 0x0, 0x0, 0x0, 0xa, 0xf4,
    0x0, 0x0, 0x0, 0x0, 0x0, 0xcf, 0xf0, 0x0,
    0x0, 0x0, 0x0, 0x3f, 0xff, 0x70, 0x0, 0x0,
    0x0, 0x0, 0xcf, 0xf0, 0x0, 0x0, 0x0, 0x0,
    0x3, 0xef, 0xf8, 0x0, 0x0, 0x0, 0x0, 0xcf,
    0xf0, 0x0, 0x0, 0x0, 0x0, 0x0, 0x2e, 0xff,
    0x70, 0x0, 0x0, 0x0, 0xcf, 0xf0, 0x0, 0x0,
    0x0, 0x0, 0x0, 0x2, 0xef, 0x20, 0x0, 0x0,
    0x0, 0xcf, 0xf0, 0x0, 0x0, 0x0, 0x0, 0x0,
    0x0, 0x33, 0x0, 0x0, 0x0, 0x0, 0xcf, 0xf0,
    0x0, 0x0, 0x0, 0x0, 0x0, 0x0, 0x0, 0x0,
    0x0, 0x0, 0x0, 0xcf, 0xf0, 0x0, 0x0, 0x0,
    0x1, 0x11, 0x12, 0x10, 0x0, 0x0, 0x0, 0x0,
    0xcf, 0xf0, 0x0, 0x0, 0x0, 0xef, 0xff, 0xff,
    0xf1, 0x8, 0xbb, 0xbb, 0xbb, 0xff, 0xfb, 0xbb,
    0xbb, 0xb9, 0xef, 0xff, 0xff, 0xf1, 0xb, 0xff,
    0xff, 0xff, 0xff, 0xff, 0xff, 0xff, 0xfe, 0x89,
    0x99, 0xdf, 0xf1, 0xb, 0xff, 0xff, 0xff, 0xff,
    0xff, 0xff, 0xff, 0xfe, 0x0, 0x0, 0x9f, 0xf1,
    0x0, 0x0, 0x0, 0x0, 0xcf, 0xf1, 0x0, 0x0,
    0x0, 0x0, 0x0, 0x9f, 0xf1, 0x0, 0x0, 0x0,
    0x0, 0xcf, 0xf0, 0x0, 0x0, 0x0, 0x0, 0x0,
    0x9f, 0xf1, 0x0, 0x0, 0x0, 0x0, 0xcf, 0xf0,
    0x0, 0x0, 0x0, 0x0, 0x0, 0x9f, 0xf1, 0x0,
    0x0, 0x0, 0x0, 0xcf, 0xf0, 0x0, 0x0, 0x0,
    0x0, 0x0, 0x9f, 0xf1, 0x0, 0x0, 0x0, 0x0,
    0xcf, 0xf0, 0x0, 0x0, 0x0, 0x0, 0x0, 0x9f,
    0xf1, 0x0, 0x0, 0x0, 0x0, 0xcf, 0xf0, 0x0,
    0x0, 0x0, 0x0, 0x0, 0x9f, 0xf1, 0x5, 0x40,
    0x0, 0x0, 0xcf, 0xf0, 0x0, 0x0, 0x0, 0x0,
    0x0, 0x9f, 0xf2, 0xaf, 0xb0, 0x0, 0x0, 0xcf,
    0xf0, 0x0, 0x0, 0x0, 0x0, 0x0, 0x9f, 0xfe,
    0xff, 0xd0, 0x0, 0x0, 0xcf, 0xf0, 0x0, 0x0,
    0x0, 0x0, 0x0, 0xbf, 0xff, 0xfa, 0x10, 0x0,
    0x0, 0xcf, 0xf0, 0x0, 0x0, 0x0, 0x0, 0x4,
    0xff, 0xff, 0x50, 0x0, 0x0, 0x0, 0xcf, 0xf0,
    0x0, 0x0, 0x0, 0x0, 0xc, 0xff, 0xc2, 0x0,
    0x0, 0x0, 0x0, 0xcf, 0xf0, 0x0, 0x0, 0x0,
    0x0, 0x3, 0xf8, 0x0, 0x0, 0x0, 0x0, 0x0,
    0xcf, 0xf0, 0x0, 0x0, 0x0, 0x0, 0x0, 0x50,
    0x0, 0x0, 0x0, 0x0, 0x0, 0xcf, 0xf0, 0x0,
    0x0, 0x0,

    /* U+8BBE "设" */
    0x0, 0x0, 0x0, 0x0, 0x0, 0x0, 0x0, 0x0,
    0x0, 0x0, 0x0, 0x0, 0x0, 0x0, 0x0, 0xa7,
    0x0, 0x0, 0x0, 0x4, 0x88, 0x88, 0x88, 0x88,
    0x50, 0x0, 0x0, 0x0, 0x9f, 0xfa, 0x0, 0x0,
    0x0, 0x8f, 0xff, 0xff, 0xff, 0xfb, 0x0, 0x0,
    0x0, 0x0, 0xcf, 0xfb, 0x0, 0x0, 0x8, 0xff,
    0xff, 0xff, 0xff, 0xb0, 0x0, 0x0, 0x0, 0x0,
    0xbf, 0xfc, 0x0, 0x0, 0x8f, 0xf0, 0x0, 0xd,
    0xfb, 0x0, 0x0, 0x0, 0x0, 0x0, 0xcf, 0xd1,
    0x0, 0x9, 0xfe, 0x0, 0x0, 0xdf, 0xb0, 0x0,
    0x0, 0x0, 0x0, 0x1, 0xa1, 0x0, 0x0, 0xcf,
    0xc0, 0x0, 0xd, 0xfb, 0x0, 0x0, 0x0, 0x0,
    0x0, 0x0, 0x0, 0x0, 0x3f, 0xf8, 0x0, 0x0,
    0xdf, 0xb0, 0x0, 0x0, 0x0, 0x0, 0x0, 0x0,
    0x0, 0x1d, 0xff, 0x20, 0x0, 0xc, 0xfd, 0x33,
    0x33, 0xc, 0xee, 0xff, 0xf5, 0x0, 0x5e, 0xff,
    0x70, 0x0, 0x0, 0x9f, 0xff, 0xff, 0xc0, 0xef,
    0xff, 0xff, 0x50, 0x3f, 0xff, 0x90, 0x0, 0x0,
    0x1, 0xcf, 0xff, 0xfc, 0x8, 0x99, 0xbf, 0xf5,
    0x0, 0x4e, 0x50, 0x0, 0x0, 0x0, 0x0, 0x0,
    0x0, 0x0, 0x0, 0x3, 0xff, 0x50, 0x0, 0x77,
    0x77, 0x77, 0x77, 0x77, 0x77, 0x83, 0x0, 0x0,
    0x0, 0x3f, 0xf5, 0x0, 0x2f, 0xff, 0xff, 0xff,
    0xff, 0xff, 0xff, 0xf6, 0x0, 0x0, 0x3, 0xff,
    0x50, 0x2, 0xff, 0xff, 0xff, 0xff, 0xff, 0xff,
    0xff, 0x10, 0x0, 0x0, 0x3f, 0xf5, 0x0, 0x1,
    0xff, 0x90, 0x0, 0x0, 0x2, 0xff, 0xa0, 0x0,
    0x0, 0x3, 0xff, 0x50, 0x0, 0x9, 0xff, 0x20,
    0x0, 0x0, 0xaf, 0xf3, 0x0, 0x0, 0x0, 0x3f,
    0xf5, 0x0, 0x0, 0x1e, 0xfd, 0x0, 0x0, 0x5f,
    0xfa, 0x0, 0x0, 0x0, 0x3, 0xff, 0x50, 0x24,
    0x0, 0x5f, 0xfb, 0x0, 0x3f, 0xfe, 0x10, 0x0,
    0x0, 0x0, 0x3f, 0xf5, 0x5f, 0xc0, 0x0, 0x9f,
    0xfb, 0x5f, 0xff, 0x30, 0x0, 0x0, 0x0, 0x3,
    0xff, 0xdf, 0xff, 0x10, 0x0, 0xbf, 0xff, 0xff,
    0x50, 0x0, 0x0, 0x0, 0x0, 0x4f, 0xff, 0xfd,
    0x20, 0x0, 0x4, 0xff, 0xff, 0xb0, 0x0, 0x0,
    0x0, 0x0, 0xa, 0xff, 0xfa, 0x0, 0x0, 0x4b,
    0xff, 0xff, 0xff, 0xe7, 0x10, 0x0, 0x0, 0x5,
    0xff, 0xf7, 0x1, 0x59, 0xef, 0xff, 0xf7, 0x4d,
    0xff, 0xff, 0xb6, 0x30, 0x0, 0xd, 0xe3, 0x0,
    0x5f, 0xff, 0xfe, 0x81, 0x0, 0x7, 0xef, 0xff,
    0xfc, 0x0, 0x0, 0x52, 0x0, 0x0, 0xcf, 0xb5,
    0x0, 0x0, 0x0, 0x0, 0x5b, 0xff, 0x20, 0x0,
    0x0, 0x0, 0x0, 0x1, 0x0, 0x0, 0x0, 0x0,
    0x0, 0x0, 0x0, 0x30, 0x0,

    /* U+8F6F "软" */
    0x0, 0x0, 0x0, 0x54, 0x10, 0x0, 0x0, 0x0,
    0x86, 0x30, 0x0, 0x0, 0x0, 0x0, 0x0, 0x0,
    0x0, 0xef, 0xb0, 0x0, 0x0, 0x1, 0xff, 0x80,
    0x0, 0x0, 0x0, 0x0, 0x0, 0x0, 0x2, 0xff,
    0x70, 0x0, 0x0, 0x4, 0xff, 0x50, 0x0, 0x0,
    0x0, 0x0, 0x6, 0x66, 0x69, 0xff, 0x86, 0x66,
    0x61, 0x7, 0xff, 0x20, 0x0, 0x0, 0x0, 0x0,
    0xe, 0xff, 0xff, 0xff, 0xff, 0xff, 0xf2, 0xa,
    0xff, 0x77, 0x77, 0x77, 0x76, 0x20, 0xe, 0xff,
    0xff, 0xff, 0xff, 0xff, 0xf2, 0xe, 0xff, 0xff,
    0xff, 0xff, 0xff, 0xa0, 0x1, 0x11, 0x6f, 0xf4,
    0x11, 0x11, 0x10, 0x3f, 0xff, 0xff, 0xff, 0xff,
    0xff, 0x70, 0x0, 0x0, 0xaf, 0xd0, 0x0, 0x0,
    0x0, 0x8f, 0xf2, 0x0, 0x0, 0x3, 0xff, 0x30,
    0x0, 0x1, 0xff, 0x78, 0xfd, 0x0, 0x0, 0xef,
    0xc0, 0x0, 0x0, 0x6, 0xff, 0x0, 0x0, 0x6,
    0xff, 0x18, 0xfd, 0x0, 0x6, 0xff, 0x60, 0x79,
    0x60, 0xa, 0xfc, 0x0, 0x0, 0xd, 0xfb, 0x8,
    0xfd, 0x0, 0xe, 0xfe, 0x0, 0xdf, 0xb0, 0xd,
    0xf8, 0x0, 0x0, 0x5f, 0xf4, 0x8, 0xfd, 0x0,
    0x2d, 0xf7, 0x0, 0xdf, 0xb0, 0x1f, 0xf3, 0x0,
    0x2, 0xef, 0xff, 0xff, 0xff, 0xff, 0xe0, 0x70,
    0x0, 0xef, 0xa0, 0x1, 0x50, 0x0, 0x1, 0xff,
    0xff, 0xff, 0xff, 0xff, 0xf0, 0x0, 0x0, 0xff,
    0xb0, 0x0, 0x0, 0x0, 0x0, 0x98, 0x66, 0x6b,
    0xfe, 0x66, 0x60, 0x0, 0x1, 0xff, 0xe0, 0x0,
    0x0, 0x0, 0x0, 0x0, 0x0, 0x8, 0xfd, 0x0,
    0x0, 0x0, 0x4, 0xff, 0xf2, 0x0, 0x0, 0x0,
    0x0, 0x0, 0x0, 0x8, 0xfd, 0x0, 0x0, 0x0,
    0x8, 0xff, 0xf7, 0x0, 0x0, 0x0, 0x0, 0x0,
    0x0, 0x8, 0xfe, 0x79, 0xb3, 0x0, 0xd, 0xff,
    0xfd, 0x0, 0x0, 0x0, 0x3, 0x58, 0xac, 0xef,
    0xff, 0xff, 0xf4, 0x0, 0x3f, 0xfd, 0xff, 0x30,
    0x0, 0x0, 0x1f, 0xff, 0xff, 0xff, 0xff, 0xfd,
    0xb2, 0x0, 0xbf, 0xf3, 0xef, 0xb0, 0x0, 0x0,
    0xd, 0xff, 0xfd, 0xbc, 0xfe, 0x0, 0x0, 0x5,
    0xff, 0xb0, 0x7f, 0xf5, 0x0, 0x0, 0x5, 0x52,
    0x0, 0x8, 0xfd, 0x0, 0x0, 0x1e, 0xff, 0x20,
    0xe, 0xff, 0x20, 0x0, 0x0, 0x0, 0x0, 0x8,
    0xfd, 0x0, 0x1, 0xdf, 0xf8, 0x0, 0x6, 0xff,
    0xe2, 0x0, 0x0, 0x0, 0x0, 0x8, 0xfd, 0x0,
    0x1d, 0xff, 0xb0, 0x0, 0x0, 0xaf, 0xff, 0x60,
    0x0, 0x0, 0x0, 0x8, 0xfd, 0x0, 0x9f, 0xfc,
    0x0, 0x0, 0x0, 0xb, 0xff, 0x70, 0x0, 0x0,
    0x0, 0x8, 0xfd, 0x0, 0x9, 0xa0, 0x0, 0x0,
    0x0, 0x0, 0x8a, 0x0, 0x0, 0x0, 0x0, 0x0,
    0x0, 0x0, 0x0, 0x0, 0x0, 0x0, 0x0, 0x0,
    0x0, 0x0,

    /* U+8F91 "辑" */
    0x0, 0x0, 0x8, 0x74, 0x0, 0x0, 0x0, 0x0,
    0x0, 0x0, 0x0, 0x0, 0x0, 0x0, 0x0, 0x0,
    0xef, 0xa0, 0x0, 0x0, 0xcd, 0xdd, 0xdd, 0xdd,
    0xdd, 0xdc, 0x0, 0x0, 0x0, 0x1f, 0xf6, 0x0,
    0x0, 0xe, 0xff, 0xff, 0xff, 0xff, 0xff, 0xf0,
    0x0, 0x89, 0x9a, 0xff, 0xa9, 0x99, 0x30, 0xef,
    0x80, 0x0, 0x0, 0xa, 0xff, 0x0, 0xe, 0xff,
    0xff, 0xff, 0xff, 0xf7, 0xe, 0xf8, 0x0, 0x0,
    0x0, 0x9f, 0xf0, 0x0, 0xcd, 0xdf, 0xff, 0xdd,
    0xdd, 0x60, 0xef, 0xdb, 0xbb, 0xbb, 0xbe, 0xff,
    0x0, 0x0, 0x1, 0xff, 0x60, 0x0, 0x0, 0xe,
    0xff, 0xff, 0xff, 0xff, 0xff, 0xf0, 0x0, 0x0,
    0x5f, 0xf1, 0x0, 0x0, 0x0, 0x33, 0x33, 0x33,
    0x33, 0x33, 0x33, 0x0, 0x0, 0xa, 0xfc, 0x5f,
    0xf1, 0x0, 0x22, 0x22, 0x22, 0x22, 0x22, 0x22,
    0x22, 0x10, 0x0, 0xff, 0x65, 0xff, 0x10, 0x4f,
    0xff, 0xff, 0xff, 0xff, 0xff, 0xff, 0xf9, 0x0,
    0x5f, 0xf1, 0x5f, 0xf1, 0x4, 0xff, 0xff, 0xff,
    0xff, 0xff, 0xff, 0xff, 0x90, 0xb, 0xfa, 0x5,
    0xff, 0x10, 0x0, 0xbf, 0xb0, 0x0, 0x0, 0xc,
    0xfb, 0x0, 0x5, 0xff, 0xed, 0xef, 0xfd, 0xd3,
    0xb, 0xfb, 0x0, 0x0, 0x0, 0xcf, 0xb0, 0x0,
    0x4f, 0xff, 0xff, 0xff, 0xff, 0x40, 0xbf, 0xfe,
    0xee, 0xee, 0xef, 0xfb, 0x0, 0x0, 0xc9, 0x99,
    0xbf, 0xf9, 0x92, 0xb, 0xff, 0xff, 0xff, 0xff,
    0xff, 0xb0, 0x0, 0x0, 0x0, 0x5, 0xff, 0x10,
    0x0, 0xbf, 0xb0, 0x0, 0x0, 0xc, 0xfb, 0x0,
    0x0, 0x0, 0x0, 0x5f, 0xf1, 0x0, 0xb, 0xfb,
    0x0, 0x0, 0x0, 0xcf, 0xb0, 0x0, 0x0, 0x0,
    0x5, 0xff, 0x57, 0x70, 0xbf, 0xff, 0xff, 0xff,
    0xff, 0xfb, 0x0, 0x1, 0x35, 0x8a, 0xdf, 0xff,
    0xfc, 0xb, 0xff, 0xff, 0xff, 0xff, 0xff, 0xb0,
    0x0, 0xff, 0xff, 0xff, 0xff, 0xfc, 0x80, 0xbf,
    0xb0, 0x0, 0x0, 0xc, 0xfb, 0x0, 0xc, 0xff,
    0xda, 0xbf, 0xf1, 0x0, 0xb, 0xfb, 0x1, 0x23,
    0x46, 0xdf, 0xea, 0x90, 0x33, 0x0, 0x5, 0xff,
    0x10, 0x8b, 0xff, 0xff, 0xff, 0xff, 0xff, 0xff,
    0xfd, 0x0, 0x0, 0x0, 0x5f, 0xf1, 0xb, 0xff,
    0xff, 0xff, 0xff, 0xfd, 0xff, 0xe8, 0x50, 0x0,
    0x0, 0x5, 0xff, 0x10, 0x69, 0x86, 0x54, 0x31,
    0x0, 0xc, 0xfb, 0x0, 0x0, 0x0, 0x0, 0x5f,
    0xf1, 0x0, 0x0, 0x0, 0x0, 0x0, 0x0, 0xcf,
    0xb0, 0x0, 0x0, 0x0, 0x5, 0xff, 0x10, 0x0,
    0x0, 0x0, 0x0, 0x0, 0xc, 0xfb, 0x0, 0x0,
    0x0, 0x0, 0x0, 0x0, 0x0, 0x0, 0x0, 0x0,
    0x0, 0x0, 0x11, 0x10, 0x0,

    /* U+8FD8 "还" */
    0x0, 0x1, 0x20, 0x0, 0x0, 0x0, 0x0, 0x0,
    0x0, 0x0, 0x0, 0x0, 0x0, 0x0, 0x0, 0x5e,
    0xe2, 0x0, 0x0, 0x0, 0x0, 0x0, 0x0, 0x0,
    0x0, 0x0, 0x0, 0x0, 0x0, 0x8f, 0xfe, 0x20,
    0xe, 0xff, 0xff, 0xff, 0xff, 0xff, 0xff, 0xff,
    0xff, 0x0, 0x0, 0x9, 0xff, 0xe2, 0xf, 0xff,
    0xff, 0xff, 0xff, 0xff, 0xff, 0xff, 0xff, 0x0,
    0x0, 0x0, 0xbf, 0xfd, 0xa, 0xbb, 0xbb, 0xbb,
    0xbf, 0xff, 0xbb, 0xbb, 0xbb, 0x0, 0x0, 0x0,
    0xd, 0xfe, 0x20, 0x0, 0x0, 0x0, 0x6f, 0xf9,
    0x0, 0x0, 0x0, 0x0, 0x0, 0x0, 0x2, 0xb1,
    0x0, 0x0, 0x0, 0x1, 0xef, 0xf1, 0x0, 0x0,
    0x0, 0x0, 0x0, 0x0, 0x0, 0x0, 0x0, 0x0,
    0x0, 0xa, 0xff, 0x90, 0x0, 0x0, 0x0, 0x0,
    0x0, 0x0, 0x0, 0x0, 0x0, 0x0, 0x0, 0x5f,
    0xff, 0x70, 0x0, 0x0, 0x0, 0x0, 0x0, 0x0,
    0x0, 0x0, 0x0, 0x0, 0x2, 0xff, 0xff, 0x70,
    0x60, 0x0, 0x0, 0x0, 0x1f, 0xff, 0xff, 0xf1,
    0x0, 0x0, 0x1e, 0xff, 0xff, 0x8b, 0xfc, 0x10,
    0x0, 0x0, 0x1f, 0xff, 0xff, 0xf1, 0x0, 0x1,
    0xdf, 0xfd, 0xff, 0x7a, 0xff, 0xc1, 0x0, 0x0,
    0x8, 0x88, 0xdf, 0xf1, 0x0, 0x1d, 0xff, 0xc4,
    0xff, 0x70, 0xbf, 0xfc, 0x10, 0x0, 0x0, 0x0,
    0x9f, 0xf1, 0x3, 0xef, 0xfd, 0x14, 0xff, 0x70,
    0xb, 0xff, 0xd1, 0x0, 0x0, 0x0, 0x9f, 0xf1,
    0x7f, 0xff, 0xd1, 0x4, 0xff, 0x70, 0x0, 0xcf,
    0xfc, 0x0, 0x0, 0x0, 0x9f, 0xf3, 0xef, 0xfb,
    0x0, 0x4, 0xff, 0x70, 0x0, 0xc, 0xff, 0x50,
    0x0, 0x0, 0x9f, 0xf1, 0x2e, 0x90, 0x0, 0x4,
    0xff, 0x70, 0x0, 0x1, 0xd5, 0x0, 0x0, 0x0,
    0x9f, 0xf1, 0x1, 0x0, 0x0, 0x4, 0xff, 0x70,
    0x0, 0x0, 0x0, 0x0, 0x0, 0x0, 0x9f, 0xf1,
    0x0, 0x0, 0x0, 0x4, 0xff, 0x70, 0x0, 0x0,
    0x0, 0x0, 0x0, 0x0, 0x9f, 0xf1, 0x0, 0x0,
    0x0, 0x4, 0xff, 0x70, 0x0, 0x0, 0x0, 0x0,
    0x0, 0x0, 0xbf, 0xf2, 0x0, 0x0, 0x0, 0x4,
    0xff, 0x70, 0x0, 0x0, 0x0, 0x0, 0x0, 0x3d,
    0xff, 0xfd, 0x30, 0x0, 0x0, 0x4, 0xff, 0x70,
    0x0, 0x0, 0x0, 0x0, 0x4, 0xff, 0xfd, 0xff,
    0xfa, 0x30, 0x0, 0x0, 0x0, 0x0, 0x0, 0x0,
    0x0, 0x10, 0x4f, 0xff, 0x80, 0x2d, 0xff, 0xfe,
    0xba, 0x98, 0x88, 0x89, 0x9a, 0xbc, 0xdf, 0xf0,
    0x3f, 0xfb, 0x0, 0x0, 0x9f, 0xff, 0xff, 0xff,
    0xff, 0xff, 0xff, 0xff, 0xff, 0xb0, 0x7, 0xe1,
    0x0, 0x0, 0x1, 0x6b, 0xdf, 0xff, 0xff, 0xff,
    0xff, 0xff, 0xed, 0x60, 0x0, 0x30, 0x0, 0x0,
    0x0, 0x0, 0x0, 0x11, 0x21, 0x11, 0x0, 0x0,
    0x0, 0x0,

    /* U+914D "配" */
    0x7b, 0xbb, 0xbb, 0xbb, 0xbb, 0xbb, 0xb0, 0x68,
    0x88, 0x88, 0x88, 0x88, 0x81, 0xa, 0xff, 0xff,
    0xff, 0xff, 0xff, 0xff, 0x1c, 0xff, 0xff, 0xff,
    0xff, 0xff, 0x30, 0x6a, 0xaa, 0xef, 0xbb, 0xfc,
    0xaa, 0xa0, 0xcf, 0xff, 0xff, 0xff, 0xff, 0xf3,
    0x0, 0x0, 0xb, 0xf1, 0x3f, 0x60, 0x0, 0x0,
    0x0, 0x0, 0x0, 0x6, 0xff, 0x30, 0x0, 0x0,
    0xbf, 0x13, 0xf6, 0x0, 0x0, 0x0, 0x0, 0x0,
    0x0, 0x5f, 0xf3, 0x0, 0x66, 0x6d, 0xf7, 0x8f,
    0xa6, 0x61, 0x0, 0x0, 0x0, 0x0, 0x5, 0xff,
    0x30, 0xf, 0xff, 0xff, 0xff, 0xff, 0xff, 0x40,
    0x0, 0x0, 0x0, 0x0, 0x5f, 0xf3, 0x0, 0xff,
    0xde, 0xfd, 0xef, 0xdf, 0xf4, 0x0, 0x0, 0x0,
    0x0, 0x5, 0xff, 0x30, 0xf, 0xf1, 0x5f, 0x7,
    0xe0, 0xef, 0x40, 0x0, 0x0, 0x0, 0x0, 0x5f,
    0xf3, 0x0, 0xff, 0x15, 0xf0, 0x7e, 0xe, 0xf4,
    0x5, 0x9a, 0x99, 0x99, 0x9b, 0xff, 0x30, 0xf,
    0xf1, 0x5f, 0x7, 0xe0, 0xef, 0x40, 0xaf, 0xff,
    0xff, 0xff, 0xff, 0xf3, 0x0, 0xff, 0x17, 0xe0,
    0x7e, 0xe, 0xf4, 0xa, 0xff, 0xff, 0xff, 0xff,
    0xff, 0x30, 0xf, 0xf1, 0xbb, 0x7, 0xe0, 0xef,
    0x40, 0xaf, 0xf0, 0x0, 0x0, 0x5f, 0xf3, 0x0,
    0xff, 0x3f, 0x60, 0x6f, 0xdf, 0xf4, 0xa, 0xff,
    0x0, 0x0, 0x4, 0xcc, 0x30, 0xf, 0xfb, 0xd0,
    0x0, 0x89, 0xff, 0x40, 0xaf, 0xf0, 0x0, 0x0,
    0x0, 0x0, 0x0, 0xff, 0x11, 0x0, 0x0, 0xe,
    0xf4, 0xa, 0xff, 0x0, 0x0, 0x0, 0x0, 0x0,
    0xf, 0xf2, 0x0, 0x0, 0x0, 0xef, 0x40, 0xaf,
    0xf0, 0x0, 0x0, 0x0, 0x0, 0x0, 0xff, 0xff,
    0xff, 0xff, 0xff, 0xf4, 0xa, 0xff, 0x0, 0x0,
    0x0, 0x0, 0x0, 0xf, 0xfd, 0xdd, 0xdd, 0xdd,
    0xff, 0x40, 0xaf, 0xf0, 0x0, 0x0, 0x1, 0xa3,
    0x0, 0xff, 0x10, 0x0, 0x0, 0xe, 0xf4, 0xa,
    0xff, 0x0, 0x0, 0x0, 0x2f, 0xf4, 0xf, 0xf1,
    0x0, 0x0, 0x0, 0xef, 0x40, 0xaf, 0xf0, 0x0,
    0x0, 0x4, 0xff, 0x20, 0xff, 0xff, 0xff, 0xff,
    0xff, 0xf4, 0x9, 0xff, 0x0, 0x0, 0x0, 0x7f,
    0xf0, 0xf, 0xff, 0xff, 0xff, 0xff, 0xff, 0x40,
    0x8f, 0xfa, 0x88, 0x88, 0x8e, 0xfc, 0x0, 0xff,
    0x32, 0x22, 0x22, 0x2e, 0xf4, 0x4, 0xff, 0xff,
    0xff, 0xff, 0xff, 0x60, 0xf, 0xf1, 0x0, 0x0,
    0x0, 0xbc, 0x30, 0x7, 0xdf, 0xff, 0xff, 0xfe,
    0x80, 0x0, 0x22, 0x0, 0x0, 0x0, 0x0, 0x0,
    0x0, 0x0, 0x0, 0x0, 0x0, 0x0, 0x0,

    /* U+91CD "重" */
    0x0, 0x0, 0x0, 0x0, 0x0, 0x0, 0x0, 0x0,
    0x0, 0x0, 0x22, 0x0, 0x0, 0x0, 0x0, 0x0,
    0x1, 0x12, 0x34, 0x56, 0x89, 0xac, 0xef, 0xfe,
    0x10, 0x0, 0x0, 0x3e, 0xff, 0xff, 0xff, 0xff,
    0xff, 0xff, 0xff, 0xff, 0xfe, 0x70, 0x0, 0x0,
    0xe, 0xff, 0xff, 0xff, 0xff, 0xff, 0xb9, 0x86,
    0x53, 0x10, 0x0, 0x0, 0x0, 0x2, 0x22, 0x11,
    0x0, 0x9, 0xff, 0x10, 0x0, 0x0, 0x0, 0x0,
    0x0, 0x8e, 0xee, 0xee, 0xee, 0xee, 0xef, 0xff,
    0xee, 0xee, 0xee, 0xee, 0xee, 0xe5, 0x9f, 0xff,
    0xff, 0xff, 0xff, 0xff, 0xff, 0xff, 0xff, 0xff,
    0xff, 0xff, 0xf5, 0x23, 0x33, 0x33, 0x33, 0x33,
    0x3a, 0xff, 0x43, 0x33, 0x33, 0x33, 0x33, 0x31,
    0x0, 0x0, 0x0, 0x0, 0x0, 0x9, 0xff, 0x20,
    0x0, 0x0, 0x0, 0x0, 0x0, 0x0, 0xa, 0xff,
    0xff, 0xff, 0xff, 0xff, 0xff, 0xff, 0xff, 0xff,
    0xc0, 0x0, 0x0, 0xa, 0xff, 0xcc, 0xcc, 0xce,
    0xff, 0xcc, 0xcc, 0xcc, 0xff, 0xc0, 0x0, 0x0,
    0xa, 0xff, 0x0, 0x0, 0x9, 0xff, 0x10, 0x0,
    0x0, 0xef, 0xc0, 0x0, 0x0, 0xa, 0xff, 0x99,
    0x99, 0x9d, 0xff, 0xa9, 0x99, 0x99, 0xff, 0xc0,
    0x0, 0x0, 0xa, 0xff, 0xff, 0xff, 0xff, 0xff,
    0xff, 0xff, 0xff, 0xff, 0xc0, 0x0, 0x0, 0xa,
    0xff, 0x0, 0x0, 0x9, 0xff, 0x20, 0x0, 0x0,
    0xef, 0xc0, 0x0, 0x0, 0xa, 0xff, 0x0, 0x0,
    0x9, 0xff, 0x20, 0x0, 0x0, 0xef, 0xc0, 0x0,
    0x0, 0xa, 0xff, 0xff, 0xff, 0xff, 0xff, 0xff,
    0xff, 0xff, 0xff, 0xc0, 0x0, 0x0, 0x7, 0xcc,
    0xcc, 0xcc, 0xce, 0xff, 0xcc, 0xcc, 0xcc, 0xcc,
    0x90, 0x0, 0x0, 0x0, 0x0, 0x0, 0x0, 0x9,
    0xff, 0x10, 0x0, 0x0, 0x0, 0x0, 0x0, 0x0,
    0x9e, 0xee, 0xee, 0xee, 0xef, 0xff, 0xee, 0xee,
    0xee, 0xee, 0xea, 0x0, 0x0, 0xaf, 0xff, 0xff,
    0xff, 0xff, 0xff, 0xff, 0xff, 0xff, 0xff, 0xfb,
    0x0, 0x0, 0x12, 0x22, 0x22, 0x22, 0x2a, 0xff,
    0x32, 0x22, 0x22, 0x22, 0x21, 0x0, 0x0, 0x0,
    0x0, 0x0, 0x0, 0x9, 0xff, 0x10, 0x0, 0x0,
    0x0, 0x0, 0x0, 0x9d, 0xdd, 0xdd, 0xdd, 0xdd,
    0xde, 0xff, 0xdd, 0xdd, 0xdd, 0xdd, 0xdd, 0xd7,
    0xcf, 0xff, 0xff, 0xff, 0xff, 0xff, 0xff, 0xff,
    0xff, 0xff, 0xff, 0xff, 0xf9, 0x34, 0x44, 0x44,
    0x44, 0x44, 0x44, 0x44, 0x44, 0x44, 0x44, 0x44,
    0x44, 0x42,

    /* U+949F "钟" */
    0x0, 0x0, 0x15, 0x10, 0x0, 0x0, 0x0, 0x0,
    0x0, 0x89, 0x60, 0x0, 0x0, 0x0, 0x0, 0x8,
    0xff, 0x10, 0x0, 0x0, 0x0, 0x0, 0xf, 0xfa,
    0x0, 0x0, 0x0, 0x0, 0x0, 0xef, 0xb0, 0x0,
    0x0, 0x0, 0x0, 0x0, 0xff, 0xa0, 0x0, 0x0,
    0x0, 0x0, 0x7f, 0xfa, 0x77, 0x77, 0x40, 0x0,
    0x0, 0xf, 0xfa, 0x0, 0x0, 0x0, 0x0, 0x2f,
    0xff, 0xff, 0xff, 0xfa, 0x0, 0x0, 0x0, 0xff,
    0xa0, 0x0, 0x0, 0x0, 0xc, 0xff, 0xff, 0xff,
    0xff, 0x90, 0x0, 0x0, 0xf, 0xfa, 0x0, 0x0,
    0x0, 0x9, 0xff, 0x90, 0x0, 0x0, 0x0, 0x5c,
    0xcc, 0xcc, 0xff, 0xec, 0xcc, 0xcc, 0x50, 0xdf,
    0xd0, 0x0, 0x0, 0x0, 0x7, 0xff, 0xff, 0xff,
    0xff, 0xff, 0xff, 0xf7, 0x6, 0xfa, 0x99, 0x99,
    0x99, 0x91, 0x7f, 0xfa, 0xaa, 0xff, 0xea, 0xab,
    0xff, 0x70, 0x3, 0xdf, 0xff, 0xff, 0xff, 0x17,
    0xfe, 0x0, 0xf, 0xfa, 0x0, 0x1f, 0xf7, 0x0,
    0xb, 0xde, 0xff, 0xdd, 0xd1, 0x7f, 0xe0, 0x0,
    0xff, 0xa0, 0x1, 0xff, 0x70, 0x0, 0x0, 0x8f,
    0xf0, 0x0, 0x7, 0xfe, 0x0, 0xf, 0xfa, 0x0,
    0x1f, 0xf7, 0x0, 0x0, 0x8, 0xff, 0x0, 0x0,
    0x7f, 0xe0, 0x0, 0xff, 0xa0, 0x1, 0xff, 0x70,
    0x0, 0x0, 0x8f, 0xf0, 0x0, 0x7, 0xfe, 0x0,
    0xf, 0xfa, 0x0, 0x1f, 0xf7, 0x4, 0xaa, 0xad,
    0xff, 0xaa, 0xa6, 0x7f, 0xe0, 0x0, 0xff, 0xb0,
    0x2, 0xff, 0x70, 0x6f, 0xff, 0xff, 0xff, 0xff,
    0xa7, 0xff, 0xff, 0xff, 0xff, 0xff, 0xff, 0xf7,
    0x5, 0xcc, 0xce, 0xff, 0xcc, 0xc8, 0x7f, 0xff,
    0xff, 0xff, 0xff, 0xff, 0xff, 0x70, 0x0, 0x0,
    0x8f, 0xf0, 0x0, 0x7, 0xff, 0x88, 0x8f, 0xfd,
    0x88, 0x9f, 0xf7, 0x0, 0x0, 0x8, 0xff, 0x0,
    0x0, 0x7f, 0xe0, 0x0, 0xff, 0xa0, 0x1, 0xff,
    0x70, 0x0, 0x0, 0x8f, 0xf0, 0x0, 0x1, 0x33,
    0x0, 0xf, 0xfa, 0x0, 0x0, 0x0, 0x0, 0x0,
    0x8, 0xff, 0x0, 0x36, 0x0, 0x0, 0x0, 0xff,
    0xa0, 0x0, 0x0, 0x0, 0x0, 0x0, 0x8f, 0xf5,
    0xcf, 0xd0, 0x0, 0x0, 0xf, 0xfa, 0x0, 0x0,
    0x0, 0x0, 0x0, 0xc, 0xff, 0xff, 0xfa, 0x0,
    0x0, 0x0, 0xff, 0xa0, 0x0, 0x0, 0x0, 0x0,
    0x7, 0xff, 0xff, 0x92, 0x0, 0x0, 0x0, 0xf,
    0xfa, 0x0, 0x0, 0x0, 0x0, 0x0, 0xaf, 0xf9,
    0x10, 0x0, 0x0, 0x0, 0x0, 0xff, 0xa0, 0x0,
    0x0, 0x0, 0x0, 0x0, 0x91, 0x0, 0x0, 0x0,
    0x0, 0x0, 0xf, 0xfa, 0x0, 0x0, 0x0,

    /* U+95F4 "间" */
    0x0, 0x20, 0x0, 0x0, 0x0, 0x0, 0x0, 0x0,
    0x0, 0x0, 0x0, 0x0, 0x9, 0xfa, 0x0, 0x0,
    0x22, 0x22, 0x22, 0x22, 0x22, 0x22, 0x23, 0x31,
    0x9, 0xff, 0xa0, 0x5, 0xff, 0xff, 0xff, 0xff,
    0xff, 0xff, 0xff, 0xfd, 0x0, 0xbf, 0xf7, 0x5,
    0xff, 0xff, 0xff, 0xff, 0xff, 0xff, 0xff, 0xfd,
    0x0, 0xd, 0xff, 0x12, 0x55, 0x55, 0x55, 0x55,
    0x55, 0x55, 0x5f, 0xfd, 0x0, 0x3, 0xa2, 0x0,
    0x0, 0x0, 0x0, 0x0, 0x0, 0x0, 0xe, 0xfd,
    0x58, 0x80, 0x0, 0x0, 0x0, 0x0, 0x0, 0x0,
    0x0, 0x0, 0xe, 0xfd, 0xbf, 0xf0, 0x0, 0x0,
    0x0, 0x0, 0x0, 0x0, 0x0, 0x0, 0xe, 0xfd,
    0xbf, 0xf0, 0x0, 0x6e, 0xee, 0xee, 0xee, 0xee,
    0xe7, 0x0, 0xe, 0xfd, 0xbf, 0xf0, 0x0, 0x7f,
    0xff, 0xff, 0xff, 0xff, 0xf8, 0x0, 0xe, 0xfd,
    0xbf, 0xf0, 0x0, 0x7f, 0xf4, 0x44, 0x44, 0x4f,
    0xf8, 0x0, 0xe, 0xfd, 0xbf, 0xf0, 0x0, 0x7f,
    0xe0, 0x0, 0x0, 0xe, 0xf8, 0x0, 0xe, 0xfd,
    0xbf, 0xf0, 0x0, 0x7f, 0xe0, 0x0, 0x0, 0xe,
    0xf8, 0x0, 0xe, 0xfd, 0xbf, 0xf0, 0x0, 0x7f,
    0xf3, 0x33, 0x33, 0x3f, 0xf8, 0x0, 0xe, 0xfd,
    0xbf, 0xf0, 0x0, 0x7f, 0xff, 0xff, 0xff, 0xff,
    0xf8, 0x0, 0xe, 0xfd, 0xbf, 0xf0, 0x0, 0x7f,
    0xff, 0xff, 0xff, 0xff, 0xf8, 0x0, 0xe, 0xfd,
    0xbf, 0xf0, 0x0, 0x7f, 0xe0, 0x0, 0x0, 0xe,
    0xf8, 0x0, 0xe, 0xfd, 0xbf, 0xf0, 0x0, 0x7f,
    0xe0, 0x0, 0x0, 0xe, 0xf8, 0x0, 0xe, 0xfd,
    0xbf, 0xf0, 0x0, 0x7f, 0xe0, 0x0, 0x0, 0xe,
    0xf8, 0x0, 0xe, 0xfd, 0xbf, 0xf0, 0x0, 0x7f,
    0xff, 0xff, 0xff, 0xff, 0xf8, 0x0, 0xe, 0xfd,
    0xbf, 0xf0, 0x0, 0x7f, 0xff, 0xff, 0xff, 0xff,
    0xf8, 0x0, 0xe, 0xfd, 0xbf, 0xf0, 0x0, 0x13,
    0x33, 0x33, 0x33, 0x33, 0x31, 0x0, 0xe, 0xfd,
    0xbf, 0xf0, 0x0, 0x0, 0x0, 0x0, 0x0, 0x0,
    0x0, 0x0, 0xe, 0xfd, 0xbf, 0xf0, 0x0, 0x0,
    0x0, 0x0, 0x0, 0x0, 0x0, 0x46, 0x6f, 0xfc,
    0xbf, 0xf0, 0x0, 0x0, 0x0, 0x0, 0x0, 0x0,
    0x0, 0x7f, 0xff, 0xf9, 0xbf, 0xf0, 0x0, 0x0,
    0x0, 0x0, 0x0, 0x0, 0x0, 0x2f, 0xfe, 0xa1,

    /* U+95F9 "闹" */
    0x0, 0x3, 0x0, 0x0, 0x0, 0x0, 0x0, 0x0,
    0x0, 0x0, 0x0, 0x0, 0x4, 0xef, 0x50, 0x0,
    0x12, 0x22, 0x22, 0x22, 0x22, 0x22, 0x23, 0x31,
    0x0, 0xcf, 0xf5, 0x0, 0xbf, 0xff, 0xff, 0xff,
    0xff, 0xff, 0xff, 0xfd, 0x0, 0x1d, 0xff, 0x40,
    0xbf, 0xff, 0xff, 0xff, 0xff, 0xff, 0xff, 0xfd,
    0x0, 0x2, 0xef, 0xe1, 0x35, 0x55, 0x55, 0x55,
    0x55, 0x55, 0x5d, 0xfd, 0x0, 0x0, 0x4c, 0x40,
    0x0, 0x7e, 0x50, 0x0, 0x0, 0x0, 0xb, 0xfd,
    0x9f, 0xe0, 0x0, 0x0, 0x0, 0xdf, 0xe0, 0x0,
    0x0, 0x0, 0xb, 0xfd, 0xaf, 0xe0, 0x0, 0x0,
    0x0, 0x4f, 0xf8, 0x0, 0x0, 0x0, 0xb, 0xfd,
    0xaf, 0xe0, 0x12, 0x22, 0x22, 0x2e, 0xe5, 0x22,
    0x22, 0x22, 0xb, 0xfd, 0xaf, 0xe0, 0x7f, 0xff,
    0xff, 0xff, 0xff, 0xff, 0xff, 0xfd, 0xb, 0xfd,
    0xaf, 0xe0, 0x7f, 0xff, 0xff, 0xff, 0xff, 0xff,
    0xff, 0xfc, 0xb, 0xfd, 0xaf, 0xe0, 0x0, 0x0,
    0x0, 0x1f, 0xf4, 0x0, 0x0, 0x0, 0xb, 0xfd,
    0xaf, 0xe0, 0x0, 0x0, 0x0, 0x1f, 0xf4, 0x0,
    0x0, 0x0, 0xb, 0xfd, 0xaf, 0xe0, 0x4, 0xff,
    0xff, 0xff, 0xff, 0xff, 0xff, 0x60, 0xb, 0xfd,
    0xaf, 0xe0, 0x4, 0xff, 0xff, 0xff, 0xff, 0xff,
    0xff, 0x70, 0xb, 0xfd, 0xaf, 0xe0, 0x4, 0xff,
    0x33, 0x4f, 0xf6, 0x33, 0xdf, 0x70, 0xb, 0xfd,
    0xaf, 0xe0, 0x4, 0xfe, 0x0, 0x1f, 0xf4, 0x0,
    0xdf, 0x70, 0xb, 0xfd, 0xaf, 0xe0, 0x4, 0xfe,
    0x0, 0x1f, 0xf4, 0x0, 0xdf, 0x70, 0xb, 0xfd,
    0xaf, 0xe0, 0x4, 0xfe, 0x0, 0x1f, 0xf4, 0x0,
    0xdf, 0x70, 0xb, 0xfd, 0xaf, 0xe0, 0x4, 0xfe,
    0x0, 0x1f, 0xf4, 0x0, 0xdf, 0x70, 0xb, 0xfd,
    0xaf, 0xe0, 0x4, 0xfe, 0x0, 0x1f, 0xf4, 0x6d,
    0xff, 0x60, 0xb, 0xfd, 0xaf, 0xe0, 0x4, 0xfe,
    0x0, 0x1f, 0xf4, 0x2f, 0xfb, 0x10, 0xb, 0xfd,
    0xaf, 0xe0, 0x0, 0x22, 0x0, 0x1f, 0xf4, 0x0,
    0x0, 0x0, 0xb, 0xfd, 0xaf, 0xe0, 0x0, 0x0,
    0x0, 0x1f, 0xf4, 0x0, 0x5, 0x55, 0x5d, 0xfd,
    0xaf, 0xe0, 0x0, 0x0, 0x0, 0x8, 0x82, 0x0,
    0xb, 0xff, 0xff, 0xfa, 0xaf, 0xe0, 0x0, 0x0,
    0x0, 0x0, 0x0, 0x0, 0x7, 0xff, 0xfe, 0xa1,
    0x0, 0x0, 0x0, 0x0, 0x0, 0x0, 0x0, 0x0,
    0x0, 0x0, 0x0, 0x0,

    /* U+9891 "频" */
    0x0, 0x0, 0x0, 0x6, 0x84, 0x0, 0x0, 0x0,
    0x0, 0x0, 0x0, 0x0, 0x0, 0x0, 0x0, 0x0,
    0x0, 0xc, 0xf9, 0x0, 0x0, 0x1, 0x11, 0x11,
    0x11, 0x11, 0x11, 0x10, 0x0, 0x6, 0x60, 0xc,
    0xf9, 0x0, 0x0, 0x5f, 0xff, 0xff, 0xff, 0xff,
    0xff, 0xe0, 0x0, 0x1f, 0xf0, 0xc, 0xfb, 0x44,
    0x41, 0x5f, 0xff, 0xff, 0xff, 0xff, 0xff, 0xe0,
    0x0, 0x1f, 0xf0, 0xc, 0xff, 0xff, 0xf7, 0x26,
    0x66, 0x69, 0xff, 0x86, 0x66, 0x50, 0x0, 0x1f,
    0xf0, 0xc, 0xff, 0xff, 0xf6, 0x0, 0x0, 0x8,
    0xfe, 0x0, 0x0, 0x0, 0x0, 0x1f, 0xf0, 0xc,
    0xf9, 0x0, 0x0, 0x0, 0x0, 0xe, 0xf8, 0x0,
    0x0, 0x0, 0x0, 0x1f, 0xf0, 0xc, 0xf9, 0x0,
    0x0, 0xa, 0xff, 0xff, 0xff, 0xff, 0xff, 0x30,
    0x1, 0x3f, 0xf2, 0x1c, 0xfa, 0x11, 0x11, 0xa,
    0xff, 0xff, 0xff, 0xff, 0xff, 0x30, 0xf, 0xff,
    0xff, 0xff, 0xff, 0xff, 0xff, 0x1a, 0xf9, 0x0,
    0x0, 0x2, 0xff, 0x30, 0xf, 0xff, 0xff, 0xff,
    0xff, 0xff, 0xff, 0x1a, 0xf9, 0x4, 0xec, 0x2,
    0xff, 0x30, 0x0, 0x0, 0x0, 0x6f, 0xf2, 0x0,
    0x0, 0xa, 0xf9, 0x5, 0xfd, 0x2, 0xff, 0x30,
    0x0, 0x3, 0x20, 0x5f, 0xf1, 0x0, 0x0, 0xa,
    0xf9, 0x5, 0xfd, 0x2, 0xff, 0x30, 0x0, 0xd,
    0xf7, 0x5f, 0xf1, 0x6, 0xe9, 0xa, 0xf9, 0x5,
    0xfc, 0x2, 0xff, 0x30, 0x0, 0x3f, 0xf2, 0x5f,
    0xf1, 0xb, 0xfb, 0xa, 0xf9, 0x6, 0xfc, 0x2,
    0xff, 0x30, 0x0, 0x9f, 0xc0, 0x5f, 0xf1, 0x1f,
    0xf6, 0xa, 0xf9, 0x6, 0xfb, 0x2, 0xff, 0x30,
    0x1, 0xff, 0x60, 0x5f, 0xf1, 0x7f, 0xf1, 0xa,
    0xf9, 0x8, 0xfa, 0x2, 0xff, 0x30, 0xa, 0xfe,
    0x0, 0x5f, 0xf2, 0xef, 0xa0, 0xa, 0xf9, 0x9,
    0xf8, 0x2, 0xff, 0x30, 0x7, 0xf5, 0x0, 0x5f,
    0xf9, 0xff, 0x30, 0xa, 0xf9, 0xc, 0xf6, 0x2,
    0xff, 0x30, 0x0, 0x10, 0x0, 0x38, 0xbf, 0xfa,
    0x0, 0xa, 0xf9, 0xf, 0xf3, 0x2, 0xff, 0x30,
    0x0, 0x0, 0x0, 0x2, 0xef, 0xe1, 0x0, 0x2,
    0x32, 0x6f, 0xe3, 0x40, 0x22, 0x0, 0x0, 0x0,
    0x0, 0x4e, 0xff, 0x30, 0x0, 0x0, 0x1, 0xef,
    0xbe, 0xf8, 0x0, 0x0, 0x0, 0x0, 0x19, 0xff,
    0xf4, 0x0, 0x0, 0x0, 0x1c, 0xff, 0x29, 0xff,
    0xb1, 0x0, 0x0, 0x18, 0xff, 0xfe, 0x30, 0x0,
    0x0, 0x17, 0xff, 0xf4, 0x0, 0x6f, 0xfd, 0x20,
    0x8, 0xff, 0xff, 0x90, 0x0, 0x0, 0x2b, 0xff,
    0xfe, 0x40, 0x0, 0x3, 0xef, 0xe2, 0x1, 0xff,
    0xa2, 0x0, 0x0, 0x0, 0xc, 0xfe, 0x70, 0x0,
    0x0, 0x0, 0x2e, 0xb0, 0x0, 0x31, 0x0, 0x0,
    0x0, 0x0, 0x2, 0x30, 0x0, 0x0, 0x0, 0x0,
    0x2, 0x0
};


/*---------------------
 *  GLYPH DESCRIPTION
 *--------------------*/

static const lv_font_fmt_txt_glyph_dsc_t glyph_dsc[] = {
    {.bitmap_index = 0, .adv_w = 0, .box_w = 0, .box_h = 0, .ofs_x = 0, .ofs_y = 0} /* id = 0 reserved */,
    {.bitmap_index = 0, .adv_w = 101, .box_w = 0, .box_h = 0, .ofs_x = 0, .ofs_y = 0},
    {.bitmap_index = 0, .adv_w = 154, .box_w = 5, .box_h = 21, .ofs_x = 2, .ofs_y = 0},
    {.bitmap_index = 53, .adv_w = 232, .box_w = 10, .box_h = 9, .ofs_x = 2, .ofs_y = 13},
    {.bitmap_index = 98, .adv_w = 255, .box_w = 15, .box_h = 21, .ofs_x = 1, .ofs_y = 0},
    {.bitmap_index = 256, .adv_w = 255, .box_w = 14, .box_h = 27, .ofs_x = 1, .ofs_y = -3},
    {.bitmap_index = 445, .adv_w = 421, .box_w = 25, .box_h = 21, .ofs_x = 1, .ofs_y = 0},
    {.bitmap_index = 708, .adv_w = 316, .box_w = 20, .box_h = 21, .ofs_x = 0, .ofs_y = 0},
    {.bitmap_index = 918, .adv_w = 134, .box_w = 4, .box_h = 9, .ofs_x = 2, .ofs_y = 13},
    {.bitmap_index = 936, .adv_w = 159, .box_w = 7, .box_h = 30, .ofs_x = 2, .ofs_y = -6},
    {.bitmap_index = 1041, .adv_w = 159, .box_w = 7, .box_h = 30, .ofs_x = 1, .ofs_y = -6},
    {.bitmap_index = 1146, .adv_w = 217, .box_w = 11, .box_h = 11, .ofs_x = 1, .ofs_y = 12},
    {.bitmap_index = 1207, .adv_w = 255, .box_w = 14, .box_h = 15, .ofs_x = 1, .ofs_y = 3},
    {.bitmap_index = 1312, .adv_w = 134, .box_w = 6, .box_h = 11, .ofs_x = 1, .ofs_y = -6},
    {.bitmap_index = 1345, .adv_w = 160, .box_w = 8, .box_h = 3, .ofs_x = 1, .ofs_y = 7},
    {.bitmap_index = 1357, .adv_w = 134, .box_w = 5, .box_h = 5, .ofs_x = 2, .ofs_y = 0},
    {.bitmap_index = 1370, .adv_w = 175, .box_w = 11, .box_h = 28, .ofs_x = 0, .ofs_y = -5},
    {.bitmap_index = 1524, .adv_w = 255, .box_w = 14, .box_h = 21, .ofs_x = 1, .ofs_y = 0},
    {.bitmap_index = 1671, .adv_w = 255, .box_w = 13, .box_h = 21, .ofs_x = 2, .ofs_y = 0},
    {.bitmap_index = 1808, .adv_w = 255, .box_w = 14, .box_h = 21, .ofs_x = 1, .ofs_y = 0},
    {.bitmap_index = 1955, .adv_w = 255, .box_w = 15, .box_h = 21, .ofs_x = 0, .ofs_y = 0},
    {.bitmap_index = 2113, .adv_w = 255, .box_w = 16, .box_h = 21, .ofs_x = 0, .ofs_y = 0},
    {.bitmap_index = 2281, .adv_w = 255, .box_w = 15, .box_h = 21, .ofs_x = 0, .ofs_y = 0},
    {.bitmap_index = 2439, .adv_w = 255, .box_w = 14, .box_h = 21, .ofs_x = 1, .ofs_y = 0},
    {.bitmap_index = 2586, .adv_w = 255, .box_w = 14, .box_h = 21, .ofs_x = 1, .ofs_y = 0},
    {.bitmap_index = 2733, .adv_w = 255, .box_w = 14, .box_h = 21, .ofs_x = 1, .ofs_y = 0},
    {.bitmap_index = 2880, .adv_w = 255, .box_w = 14, .box_h = 21, .ofs_x = 1, .ofs_y = 0},
    {.bitmap_index = 3027, .adv_w = 134, .box_w = 5, .box_h = 16, .ofs_x = 2, .ofs_y = 0},
    {.bitmap_index = 3067, .adv_w = 134, .box_w = 6, .box_h = 22, .ofs_x = 1, .ofs_y = -6},
    {.bitmap_index = 3133, .adv_w = 255, .box_w = 14, .box_h = 15, .ofs_x = 1, .ofs_y = 3},
    {.bitmap_index = 3238, .adv_w = 255, .box_w = 14, .box_h = 10, .ofs_x = 1, .ofs_y = 6},
    {.bitmap_index = 3308, .adv_w = 255, .box_w = 14, .box_h = 15, .ofs_x = 1, .ofs_y = 3},
    {.bitmap_index = 3413, .adv_w = 220, .box_w = 12, .box_h = 21, .ofs_x = 1, .ofs_y = 0},
    {.bitmap_index = 3539, .adv_w = 435, .box_w = 25, .box_h = 26, .ofs_x = 1, .ofs_y = -5},
    {.bitmap_index = 3864, .adv_w = 279, .box_w = 18, .box_h = 21, .ofs_x = 0, .ofs_y = 0},
    {.bitmap_index = 4053, .adv_w = 299, .box_w = 16, .box_h = 21, .ofs_x = 2, .ofs_y = 0},
    {.bitmap_index = 4221, .adv_w = 289, .box_w = 17, .box_h = 21, .ofs_x = 1, .ofs_y = 0},
    {.bitmap_index = 4400, .adv_w = 313, .box_w = 16, .box_h = 21, .ofs_x = 2, .ofs_y = 0},
    {.bitmap_index = 4568, .adv_w = 269, .box_w = 14, .box_h = 21, .ofs_x = 2, .ofs_y = 0},
    {.bitmap_index = 4715, .adv_w = 254, .box_w = 13, .box_h = 21, .ofs_x = 2, .ofs_y = 0},
    {.bitmap_index = 4852, .adv_w = 314, .box_w = 17, .box_h = 21, .ofs_x = 1, .ofs_y = 0},
    {.bitmap_index = 5031, .adv_w = 332, .box_w = 17, .box_h = 21, .ofs_x = 2, .ofs_y = 0},
    {.bitmap_index = 5210, .adv_w = 138, .box_w = 4, .box_h = 21, .ofs_x = 2, .ofs_y = 0},
    {.bitmap_index = 5252, .adv_w = 246, .box_w = 13, .box_h = 21, .ofs_x = 0, .ofs_y = 0},
    {.bitmap_index = 5389, .adv_w = 297, .box_w = 17, .box_h = 21, .ofs_x = 2, .ofs_y = 0},
    {.bitmap_index = 5568, .adv_w = 250, .box_w = 13, .box_h = 21, .ofs_x = 2, .ofs_y = 0},
    {.bitmap_index = 5705, .adv_w = 372, .box_w = 19, .box_h = 21, .ofs_x = 2, .ofs_y = 0},
    {.bitmap_index = 5905, .adv_w = 329, .box_w = 16, .box_h = 21, .ofs_x = 2, .ofs_y = 0},
    {.bitmap_index = 6073, .adv_w = 338, .box_w = 19, .box_h = 21, .ofs_x = 1, .ofs_y = 0},
    {.bitmap_index = 6273, .adv_w = 290, .box_w = 15, .box_h = 21, .ofs_x = 2, .ofs_y = 0},
    {.bitmap_index = 6431, .adv_w = 338, .box_w = 20, .box_h = 26, .ofs_x = 1, .ofs_y = -5},
    {.bitmap_index = 6691, .adv_w = 294, .box_w = 16, .box_h = 21, .ofs_x = 2, .ofs_y = 0},
    {.bitmap_index = 6859, .adv_w = 272, .box_w = 15, .box_h = 21, .ofs_x = 1, .ofs_y = 0},
    {.bitmap_index = 7017, .adv_w = 274, .box_w = 17, .box_h = 21, .ofs_x = 0, .ofs_y = 0},
    {.bitmap_index = 7196, .adv_w = 328, .box_w = 16, .box_h = 21, .ofs_x = 2, .ofs_y = 0},
    {.bitmap_index = 7364, .adv_w = 266, .box_w = 18, .box_h = 21, .ofs_x = -1, .ofs_y = 0},
    {.bitmap_index = 7553, .adv_w = 401, .box_w = 25, .box_h = 21, .ofs_x = 0, .ofs_y = 0},
    {.bitmap_index = 7816, .adv_w = 267, .box_w = 17, .box_h = 21, .ofs_x = 0, .ofs_y = 0},
    {.bitmap_index = 7995, .adv_w = 248, .box_w = 17, .box_h = 21, .ofs_x = -1, .ofs_y = 0},
    {.bitmap_index = 8174, .adv_w = 272, .box_w = 15, .box_h = 21, .ofs_x = 1, .ofs_y = 0},
    {.bitmap_index = 8332, .adv_w = 159, .box_w = 7, .box_h = 28, .ofs_x = 2, .ofs_y = -5},
    {.bitmap_index = 8430, .adv_w = 175, .box_w = 11, .box_h = 28, .ofs_x = 0, .ofs_y = -5},
    {.bitmap_index = 8584, .adv_w = 159, .box_w = 7, .box_h = 28, .ofs_x = 1, .ofs_y = -5},
    {.bitmap_index = 8682, .adv_w = 255, .box_w = 14, .box_h = 13, .ofs_x = 1, .ofs_y = 9},
    {.bitmap_index = 8773, .adv_w = 252, .box_w = 16, .box_h = 3, .ofs_x = 0, .ofs_y = -4},
    {.bitmap_index = 8797, .adv_w = 276, .box_w = 8, .box_h = 8, .ofs_x = 3, .ofs_y = 18},
    {.bitmap_index = 8829, .adv_w = 258, .box_w = 13, .box_h = 16, .ofs_x = 1, .ofs_y = 0},
    {.bitmap_index = 8933, .adv_w = 282, .box_w = 15, .box_h = 23, .ofs_x = 2, .ofs_y = 0},
    {.bitmap_index = 9106, .adv_w = 232, .box_w = 13, .box_h = 16, .ofs_x = 1, .ofs_y = 0},
    {.bitmap_index = 9210, .adv_w = 282, .box_w = 15, .box_h = 23, .ofs_x = 1, .ofs_y = 0},
    {.bitmap_index = 9383, .adv_w = 254, .box_w = 14, .box_h = 16, .ofs_x = 1, .ofs_y = 0},
    {.bitmap_index = 9495, .adv_w = 155, .box_w = 11, .box_h = 23, .ofs_x = 0, .ofs_y = 0},
    {.bitmap_index = 9622, .adv_w = 259, .box_w = 15, .box_h = 22, .ofs_x = 1, .ofs_y = -6},
    {.bitmap_index = 9787, .adv_w = 278, .box_w = 14, .box_h = 23, .ofs_x = 2, .ofs_y = 0},
    {.bitmap_index = 9948, .adv_w = 129, .box_w = 5, .box_h = 23, .ofs_x = 2, .ofs_y = 0},
    {.bitmap_index = 10006, .adv_w = 129, .box_w = 9, .box_h = 29, .ofs_x = -2, .ofs_y = -6},
    {.bitmap_index = 10137, .adv_w = 258, .box_w = 14, .box_h = 23, .ofs_x = 2, .ofs_y = 0},
    {.bitmap_index = 10298, .adv_w = 134, .box_w = 6, .box_h = 23, .ofs_x = 2, .ofs_y = 0},
    {.bitmap_index = 10367, .adv_w = 422, .box_w = 23, .box_h = 16, .ofs_x = 2, .ofs_y = 0},
    {.bitmap_index = 10551, .adv_w = 280, .box_w = 14, .box_h = 16, .ofs_x = 2, .ofs_y = 0},
    {.bitmap_index = 10663, .adv_w = 276, .box_w = 15, .box_h = 16, .ofs_x = 1, .ofs_y = 0},
    {.bitmap_index = 10783, .adv_w = 282, .box_w = 15, .box_h = 22, .ofs_x = 2, .ofs_y = -6},
    {.bitmap_index = 10948, .adv_w = 282, .box_w = 15, .box_h = 22, .ofs_x = 1, .ofs_y = -6},
    {.bitmap_index = 11113, .adv_w = 183, .box_w = 10, .box_h = 16, .ofs_x = 2, .ofs_y = 0},
    {.bitmap_index = 11193, .adv_w = 215, .box_w = 13, .box_h = 16, .ofs_x = 0, .ofs_y = 0},
    {.bitmap_index = 11297, .adv_w = 177, .box_w = 11, .box_h = 21, .ofs_x = 0, .ofs_y = 0},
    {.bitmap_index = 11413, .adv_w = 278, .box_w = 13, .box_h = 16, .ofs_x = 2, .ofs_y = 0},
    {.bitmap_index = 11517, .adv_w = 244, .box_w = 15, .box_h = 16, .ofs_x = 0, .ofs_y = 0},
    {.bitmap_index = 11637, .adv_w = 371, .box_w = 23, .box_h = 16, .ofs_x = 0, .ofs_y = 0},
    {.bitmap_index = 11821, .adv_w = 236, .box_w = 15, .box_h = 16, .ofs_x = 0, .ofs_y = 0},
    {.bitmap_index = 11941, .adv_w = 244, .box_w = 15, .box_h = 22, .ofs_x = 0, .ofs_y = -6},
    {.bitmap_index = 12106, .adv_w = 220, .box_w = 12, .box_h = 16, .ofs_x = 1, .ofs_y = 0},
    {.bitmap_index = 12202, .adv_w = 159, .box_w = 8, .box_h = 28, .ofs_x = 1, .ofs_y = -5},
    {.bitmap_index = 12314, .adv_w = 126, .box_w = 4, .box_h = 32, .ofs_x = 2, .ofs_y = -8},
    {.bitmap_index = 12378, .adv_w = 159, .box_w = 8, .box_h = 28, .ofs_x = 1, .ofs_y = -5},
    {.bitmap_index = 12490, .adv_w = 255, .box_w = 14, .box_h = 5, .ofs_x = 1, .ofs_y = 8},
    {.bitmap_index = 12525, .adv_w = 448, .box_w = 27, .box_h = 24, .ofs_x = 1, .ofs_y = -2},
    {.bitmap_index = 12849, .adv_w = 448, .box_w = 26, .box_h = 25, .ofs_x = 1, .ofs_y = -3},
    {.bitmap_index = 13174, .adv_w = 448, .box_w = 28, .box_h = 27, .ofs_x = 0, .ofs_y = -3},
    {.bitmap_index = 13552, .adv_w = 448, .box_w = 28, .box_h = 26, .ofs_x = 0, .ofs_y = -2},
    {.bitmap_index = 13916, .adv_w = 448, .box_w = 26, .box_h = 26, .ofs_x = 0, .ofs_y = -2},
    {.bitmap_index = 14254, .adv_w = 448, .box_w = 27, .box_h = 27, .ofs_x = 1, .ofs_y = -3},
    {.bitmap_index = 14619, .adv_w = 448, .box_w = 27, .box_h = 27, .ofs_x = 1, .ofs_y = -3},
    {.bitmap_index = 14984, .adv_w = 448, .box_w = 26, .box_h = 27, .ofs_x = 1, .ofs_y = -3},
    {.bitmap_index = 15335, .adv_w = 448, .box_w = 27, .box_h = 27, .ofs_x = 0, .ofs_y = -3},
    {.bitmap_index = 15700, .adv_w = 448, .box_w = 27, .box_h = 26, .ofs_x = 0, .ofs_y = -3},
    {.bitmap_index = 16051, .adv_w = 448, .box_w = 28, .box_h = 27, .ofs_x = 0, .ofs_y = -3},
    {.bitmap_index = 16429, .adv_w = 448, .box_w = 26, .box_h = 26, .ofs_x = 1, .ofs_y = -3},
    {.bitmap_index = 16767, .adv_w = 448, .box_w = 25, .box_h = 27, .ofs_x = 1, .ofs_y = -3},
    {.bitmap_index = 17105, .adv_w = 448, .box_w = 25, .box_h = 25, .ofs_x = 2, .ofs_y = -2},
    {.bitmap_index = 17418, .adv_w = 448, .box_w = 26, .box_h = 26, .ofs_x = 1, .ofs_y = -2},
    {.bitmap_index = 17756, .adv_w = 448, .box_w = 26, .box_h = 26, .ofs_x = 1, .ofs_y = -2},
    {.bitmap_index = 18094, .adv_w = 448, .box_w = 28, .box_h = 27, .ofs_x = 0, .ofs_y = -3},
    {.bitmap_index = 18472, .adv_w = 448, .box_w = 28, .box_h = 27, .ofs_x = 0, .ofs_y = -3},
    {.bitmap_index = 18850, .adv_w = 448, .box_w = 27, .box_h = 27, .ofs_x = 1, .ofs_y = -3},
    {.bitmap_index = 19215, .adv_w = 448, .box_w = 26, .box_h = 26, .ofs_x = 1, .ofs_y = -2},
    {.bitmap_index = 19553, .adv_w = 448, .box_w = 28, .box_h = 27, .ofs_x = 0, .ofs_y = -3},
    {.bitmap_index = 19931, .adv_w = 448, .box_w = 26, .box_h = 25, .ofs_x = 1, .ofs_y = -3},
    {.bitmap_index = 20256, .adv_w = 448, .box_w = 27, .box_h = 26, .ofs_x = 1, .ofs_y = -2},
    {.bitmap_index = 20607, .adv_w = 448, .box_w = 28, .box_h = 27, .ofs_x = 0, .ofs_y = -3},
    {.bitmap_index = 20985, .adv_w = 448, .box_w = 28, .box_h = 27, .ofs_x = 0, .ofs_y = -3},
    {.bitmap_index = 21363, .adv_w = 448, .box_w = 20, .box_h = 25, .ofs_x = 4, .ofs_y = -3},
    {.bitmap_index = 21613, .adv_w = 448, .box_w = 26, .box_h = 27, .ofs_x = 1, .ofs_y = -3},
    {.bitmap_index = 21964, .adv_w = 448, .box_w = 27, .box_h = 27, .ofs_x = 0, .ofs_y = -3},
    {.bitmap_index = 22329, .adv_w = 448, .box_w = 27, .box_h = 26, .ofs_x = 0, .ofs_y = -2},
    {.bitmap_index = 22680, .adv_w = 448, .box_w = 28, .box_h = 26, .ofs_x = 0, .ofs_y = -2},
    {.bitmap_index = 23044, .adv_w = 448, .box_w = 27, .box_h = 26, .ofs_x = 0, .ofs_y = -2},
    {.bitmap_index = 23395, .adv_w = 448, .box_w = 27, .box_h = 27, .ofs_x = 0, .ofs_y = -3},
    {.bitmap_index = 23760, .adv_w = 448, .box_w = 28, .box_h = 27, .ofs_x = 0, .ofs_y = -3},
    {.bitmap_index = 24138, .adv_w = 448, .box_w = 26, .box_h = 24, .ofs_x = 1, .ofs_y = -2},
    {.bitmap_index = 24450, .adv_w = 448, .box_w = 26, .box_h = 27, .ofs_x = 0, .ofs_y = -3},
    {.bitmap_index = 24801, .adv_w = 448, .box_w = 28, .box_h = 27, .ofs_x = 0, .ofs_y = -3},
    {.bitmap_index = 25179, .adv_w = 448, .box_w = 25, .box_h = 24, .ofs_x = 2, .ofs_y = -2},
    {.bitmap_index = 25479, .adv_w = 448, .box_w = 27, .box_h = 26, .ofs_x = 0, .ofs_y = -2},
    {.bitmap_index = 25830, .adv_w = 448, .box_w = 27, .box_h = 27, .ofs_x = 0, .ofs_y = -3},
    {.bitmap_index = 26195, .adv_w = 448, .box_w = 26, .box_h = 27, .ofs_x = 0, .ofs_y = -2},
    {.bitmap_index = 26546, .adv_w = 448, .box_w = 24, .box_h = 25, .ofs_x = 2, .ofs_y = -2},
    {.bitmap_index = 26846, .adv_w = 448, .box_w = 26, .box_h = 25, .ofs_x = 1, .ofs_y = -2},
    {.bitmap_index = 27171, .adv_w = 448, .box_w = 27, .box_h = 27, .ofs_x = 0, .ofs_y = -3},
    {.bitmap_index = 27536, .adv_w = 448, .box_w = 21, .box_h = 27, .ofs_x = 4, .ofs_y = -3},
    {.bitmap_index = 27820, .adv_w = 448, .box_w = 27, .box_h = 27, .ofs_x = 1, .ofs_y = -3},
    {.bitmap_index = 28185, .adv_w = 448, .box_w = 26, .box_h = 26, .ofs_x = 1, .ofs_y = -2},
    {.bitmap_index = 28523, .adv_w = 448, .box_w = 27, .box_h = 27, .ofs_x = 1, .ofs_y = -3},
    {.bitmap_index = 28888, .adv_w = 448, .box_w = 28, .box_h = 27, .ofs_x = 0, .ofs_y = -3},
    {.bitmap_index = 29266, .adv_w = 448, .box_w = 27, .box_h = 27, .ofs_x = 0, .ofs_y = -3},
    {.bitmap_index = 29631, .adv_w = 448, .box_w = 28, .box_h = 27, .ofs_x = 0, .ofs_y = -3},
    {.bitmap_index = 30009, .adv_w = 448, .box_w = 27, .box_h = 26, .ofs_x = 1, .ofs_y = -3},
    {.bitmap_index = 30360, .adv_w = 448, .box_w = 26, .box_h = 26, .ofs_x = 1, .ofs_y = -2},
    {.bitmap_index = 30698, .adv_w = 448, .box_w = 27, .box_h = 26, .ofs_x = 0, .ofs_y = -2},
    {.bitmap_index = 31049, .adv_w = 448, .box_w = 24, .box_h = 26, .ofs_x = 2, .ofs_y = -2},
    {.bitmap_index = 31361, .adv_w = 448, .box_w = 24, .box_h = 27, .ofs_x = 2, .ofs_y = -3},
    {.bitmap_index = 31685, .adv_w = 448, .box_w = 28, .box_h = 27, .ofs_x = 0, .ofs_y = -3}
};

/*---------------------
 *  CHARACTER MAPPING
 *--------------------*/

static const uint16_t unicode_list_1[] = {
    0x0, 0x81, 0xc1, 0xe9, 0x205, 0x366, 0x3f9, 0x49b,
    0x49c, 0x592, 0x5c4, 0x5ea, 0x622, 0x8f1, 0x91b, 0x97e,
    0xafa, 0xb00, 0xe02, 0x1021, 0x10ed, 0x10f3, 0x1102, 0x16a0,
    0x1731, 0x17d8, 0x17e9, 0x1912, 0x191f, 0x192d, 0x1952, 0x1977,
    0x1c14, 0x1d56, 0x243a, 0x243b, 0x272e, 0x2bc5, 0x30c6, 0x3109,
    0x3144, 0x3161, 0x31f8, 0x33dd, 0x3bb9, 0x3d94, 0x3db1, 0x4162,
    0x4184, 0x41cb, 0x4340, 0x43c0, 0x4692, 0x47e7, 0x47ec, 0x4a84
};

/*Collect the unicode lists and glyph_id offsets*/
static const lv_font_fmt_txt_cmap_t cmaps[] =
{
    {
        .range_start = 32, .range_length = 95, .glyph_id_start = 1,
        .unicode_list = NULL, .glyph_id_ofs_list = NULL, .list_length = 0, .type = LV_FONT_FMT_TXT_CMAP_FORMAT0_TINY
    },
    {
        .range_start = 19981, .range_length = 19077, .glyph_id_start = 96,
        .unicode_list = unicode_list_1, .glyph_id_ofs_list = NULL, .list_length = 56, .type = LV_FONT_FMT_TXT_CMAP_SPARSE_TINY
    }
};

/*-----------------
 *    KERNING
 *----------------*/


/*Map glyph_ids to kern left classes*/
static const uint8_t kern_left_class_mapping[] =
{
    0, 0, 0, 1, 0, 0, 0, 0,
    1, 2, 0, 0, 0, 3, 4, 3,
    5, 0, 0, 0, 0, 0, 0, 0,
    0, 0, 0, 6, 6, 0, 0, 0,
    0, 0, 7, 8, 9, 10, 11, 12,
    13, 0, 0, 14, 15, 16, 0, 0,
    10, 17, 10, 18, 19, 20, 21, 22,
    23, 24, 25, 26, 2, 27, 0, 0,
    0, 0, 28, 29, 30, 0, 31, 32,
    33, 34, 0, 0, 35, 36, 34, 34,
    29, 29, 37, 38, 39, 40, 37, 41,
    42, 43, 44, 45, 2, 0, 0, 0,
    0, 0, 0, 0, 0, 0, 0, 0,
    0, 0, 0, 0, 0, 0, 0, 0,
    0, 0, 0, 0, 0, 0, 0, 0,
    0, 0, 0, 0, 0, 0, 0, 0,
    0, 0, 0, 0, 0, 0, 0, 0,
    0, 0, 0, 0, 0, 0, 0, 0,
    0, 0, 0, 0, 0, 0, 0, 0
};

/*Map glyph_ids to kern right classes*/
static const uint8_t kern_right_class_mapping[] =
{
    0, 0, 1, 2, 0, 0, 0, 0,
    2, 0, 3, 4, 0, 5, 6, 7,
    8, 0, 0, 0, 0, 0, 0, 0,
    0, 0, 0, 9, 10, 0, 0, 0,
    11, 0, 12, 0, 13, 0, 0, 0,
    13, 0, 0, 14, 0, 0, 0, 0,
    13, 0, 13, 0, 15, 16, 17, 18,
    19, 20, 21, 22, 0, 23, 3, 0,
    0, 0, 24, 0, 25, 25, 25, 26,
    27, 0, 28, 29, 0, 0, 30, 30,
    25, 30, 25, 30, 31, 32, 33, 34,
    35, 36, 37, 38, 0, 0, 3, 0,
    0, 0, 0, 0, 0, 0, 0, 0,
    0, 0, 0, 0, 0, 0, 0, 0,
    0, 0, 0, 0, 0, 0, 0, 0,
    0, 0, 0, 0, 0, 0, 0, 0,
    0, 0, 0, 0, 0, 0, 0, 0,
    0, 0, 0, 0, 0, 0, 0, 0,
    0, 0, 0, 0, 0, 0, 0, 0
};

/*Kern values between classes*/
static const int8_t kern_class_values[] =
{
    0, 0, 0, 0, -62, 0, -62, 0,
    0, 0, 0, -32, 0, -52, -7, 0,
    0, 0, 0, -7, 0, 0, 0, 0,
    -15, 0, 0, 0, 0, 0, -12, 0,
    0, 0, 0, 0, 0, 0, 0, 0,
    0, 0, 0, 0, 0, 0, 0, 0,
    0, 0, 0, -12, 0, 0, 0, 0,
    0, 0, 0, 0, 0, 0, 0, 0,
    0, 0, 39, 0, 0, 0, 0, 0,
    0, 0, 0, 0, 0, -54, 0, -75,
    0, 0, 0, 0, 0, 0, 0, 0,
    0, 0, 0, -52, -13, -36, -19, 0,
    -52, 0, 0, 0, -8, 0, 0, 0,
    13, 0, 0, -27, 0, -23, -15, 0,
    -12, 0, 0, 0, 0, 0, 0, 0,
    0, 0, 0, 0, 0, 0, 0, -12,
    -12, -27, 0, -12, -7, -17, -37, -12,
    0, 0, 0, 0, 0, 0, 0, 0,
    0, -14, 0, -7, 0, -9, 0, 0,
    0, 0, 0, 0, 0, 0, 0, 0,
    0, 0, 0, -22, -7, -42, 0, 0,
    0, 0, 0, 0, 0, 0, 0, -14,
    -16, 0, -7, 8, 8, 0, 0, 0,
    -12, 0, 0, 0, 0, 0, 0, 0,
    0, -24, 0, 0, 0, 0, 0, 0,
    0, 0, 0, 0, 0, 0, 0, 0,
    0, 0, -17, 0, 0, 0, 0, 0,
    0, 0, 0, 0, 0, 0, 0, 0,
    0, 0, 0, 0, 0, -32, 0, -47,
    0, 0, 0, 0, 0, 0, -17, -4,
    -7, 0, 0, -32, -9, -9, 0, -1,
    -9, -4, -22, 9, 0, -7, 0, 0,
    0, 0, 9, -9, -4, -7, -4, -4,
    -7, 0, 0, 0, 0, -17, 0, 0,
    0, 0, 0, 0, 0, 0, 0, -10,
    -9, -14, 0, -6, -4, -4, -9, -4,
    0, 0, 0, 0, 0, 0, 0, 0,
    0, -7, 0, -9, -7, -7, -9, 0,
    0, 0, 0, 0, 0, -17, 0, 0,
    0, 0, 0, 0, -17, -7, -14, -10,
    -9, -4, -4, -4, -7, -7, 0, 0,
    0, 0, -12, 0, 0, 0, 0, -17,
    -7, -9, -7, 0, -9, 0, 0, 0,
    0, -17, 0, 0, 0, -10, 0, 0,
    0, -7, 0, -24, 0, -14, 0, -7,
    -4, -12, -12, -12, 0, 0, 0, 0,
    0, 0, 0, 0, 0, 0, 0, 0,
    0, -9, 0, -7, 0, 0, 0, 0,
    0, 0, 0, 0, 0, 0, 0, 0,
    0, 0, 0, 0, 0, 0, 0, 0,
    0, 0, 0, 0, -7, 0, 0, 0,
    0, 0, 0, -14, 0, -7, 0, -20,
    -7, 0, 0, 0, 0, 0, -41, 0,
    -41, -34, 0, 0, 0, -21, -7, -71,
    -13, 0, 0, -1, -1, -14, -4, -17,
    0, -19, -9, 0, -14, 0, 0, -12,
    -13, -7, -10, -14, -12, -17, -12, -20,
    0, 0, 0, -15, 0, 0, 0, 0,
    0, 0, 0, -4, 0, 0, 0, -12,
    0, -9, -4, 0, 0, 0, 0, 0,
    0, 0, 0, 0, 0, 0, 0, 0,
    0, 0, 0, 0, 0, 0, 0, 0,
    0, 0, -14, 0, -14, 0, 0, 0,
    0, 0, 0, -22, 0, 0, 0, 0,
    0, 0, 0, 0, 0, 0, 0, 0,
    0, 0, 0, 0, 0, 0, 0, 0,
    0, 0, 0, 0, 0, -15, 0, -22,
    0, -20, 0, 0, 0, 0, -7, -7,
    -13, 0, -8, -12, -9, -9, -7, 0,
    -12, 0, 0, 0, -7, 0, 0, 0,
    -7, 0, 0, -22, -9, -14, -12, -12,
    -14, -9, 0, -53, 0, -82, 0, -27,
    0, 0, 0, 0, -21, -2, -17, 0,
    -14, -62, -17, -41, -30, 0, -42, 0,
    -42, 0, -8, -9, -4, 0, 0, 0,
    0, -13, -7, -22, -19, 0, -22, 0,
    0, 0, 0, 0, -61, -17, -61, -38,
    0, 0, 0, -27, 0, -75, -7, -13,
    0, 0, 0, -14, -7, -39, 0, -22,
    -14, 0, -15, 0, 0, 0, -7, 0,
    0, 0, 0, -9, 0, -12, 0, 0,
    0, -7, 0, -16, 0, 0, 0, 0,
    0, -4, 0, -10, -9, -9, 0, -2,
    0, -4, -4, -7, 0, -4, -7, 0,
    -4, 0, 0, 0, 0, 0, 0, 0,
    0, -7, 0, -7, 0, 0, 0, -9,
    0, 6, 0, 0, 0, 0, 0, 0,
    0, -9, -9, -12, 0, 0, 0, 0,
    -9, 0, 0, 0, 0, 0, 0, 0,
    0, 0, 0, -14, 0, 0, 0, 0,
    0, -4, 0, 0, 0, 0, -56, -37,
    -56, -44, -12, -12, 0, -22, -14, -65,
    -20, 0, 0, 0, 0, -12, -9, -27,
    0, -37, -37, -10, -37, 0, 0, -24,
    -31, -10, -24, -17, -17, -20, -17, -38,
    0, 0, 0, 0, -12, 0, -12, -16,
    0, 0, 0, -9, 0, -27, -7, 0,
    0, -4, 0, -7, -9, 0, 0, -4,
    0, 0, -7, 0, 0, 0, -4, 0,
    0, 0, 0, -7, 0, 0, 0, 0,
    0, 0, -36, -12, -36, -23, 0, 0,
    0, -9, -7, -37, -7, 0, -7, 3,
    0, 0, 0, -12, 0, -15, -10, 0,
    -13, 0, 0, -12, -9, 0, -17, -7,
    -7, -10, -7, -14, 0, 0, 0, 0,
    -19, -7, -19, -14, 0, 0, 0, 0,
    -4, -32, -4, 0, 0, 0, 0, 0,
    0, -4, 0, -9, 0, 0, -7, 0,
    0, 0, 0, 0, 0, 0, 0, 0,
    0, -7, 0, -7, 0, -7, 0, -17,
    0, 0, 0, 0, 0, -2, -12, -4,
    -9, -12, -7, 0, 0, 0, 0, 0,
    0, -7, -7, -12, 0, 0, 0, 0,
    0, -12, -7, -12, -9, -7, -12, -9,
    0, 0, 0, 0, -51, -37, -51, -33,
    -16, -16, -7, -9, -9, -52, -10, -9,
    -7, 0, 0, 0, 0, -14, 0, -37,
    -25, 0, -32, 0, 0, -22, -25, -19,
    -19, -9, -14, -19, -9, -27, 0, 0,
    0, 0, 0, -17, 0, 0, 0, 0,
    0, -4, -12, -17, -17, 0, -7, -4,
    -4, 0, -9, -9, 0, -9, -11, -12,
    -9, 0, 0, 0, 0, -9, -12, -9,
    -9, -14, -9, 0, 0, 0, 0, 0,
    0, 0, 0, 0, 0, 0, 0, 0,
    0, 0, 0, -43, -15, -27, -15, 0,
    -37, 0, 0, 0, 0, 0, 13, 0,
    34, 0, 0, 0, 0, -12, -7, 0,
    3, 0, 0, 0, 0, -27, 0, 0,
    0, 0, 0, 0, -11, 0, 0, 0,
    0, -14, 0, -12, -4, 0, -14, 0,
    0, 0, 0, 0, 0, 0, 0, 0,
    0, -9, 0, 0, 0, 0, 0, 0,
    0, -15, 0, -12, -7, 0, -7, 0,
    0, 0, -11, 0, 0, 0, 0, -31,
    0, -12, 0, -4, -26, 0, -17, -9,
    0, -3, 0, 0, 0, 0, -3, -12,
    0, -4, -4, -12, -4, -6, 0, 0,
    0, 0, 0, -14, 0, 0, 0, 0,
    0, 0, 0, 0, 0, -12, 0, -9,
    0, 0, -14, 0, 0, -7, -13, 0,
    -7, 0, 0, 0, 0, -7, 0, 0,
    0, 0, 0, 0, 0, 0, 0, -17,
    0, 3, 0, 0, 0, 0, -7, 0,
    0, -12, -12, -14, 0, -12, -7, 0,
    -17, 0, -14, -9, 0, -3, -7, 0,
    0, 0, 0, -7, 0, -1, -1, -7,
    -1, -3, 4, 18, 21, 0, -29, -9,
    -29, -7, 0, 0, 11, 0, 0, 0,
    0, 21, 0, 31, 21, 13, 26, 0,
    25, -12, -7, 0, -9, 0, -7, 0,
    -4, 0, 0, 3, 0, -4, 0, -9,
    0, 0, 4, -17, 0, 0, 0, 19,
    0, 0, -22, 0, 0, 0, 0, -17,
    0, 0, 0, 0, -9, 0, 0, -10,
    -9, 0, 0, 0, 18, 0, 0, 0,
    0, -4, -4, 0, 4, -9, 0, 0,
    0, -17, 0, 0, 0, 0, 0, 0,
    -7, 0, 0, 0, 0, -14, 0, -7,
    0, 0, -12, 0, 0, 0, 0, 0,
    0, 0, 0, 0, 0, 0, 0, 0,
    0, 0, 0, 0, 0, 0, 0, -13,
    3, -29, 3, 0, 3, 3, -11, 0,
    0, 0, 0, -22, 0, 0, 0, 0,
    -9, 0, 0, -7, -13, 0, -7, 0,
    -7, 0, 0, -15, -9, 0, 0, -7,
    0, -7, 0, 0, 0, 0, 0, 0,
    0, 0, 0, 0, 0, 0, 0, 0,
    0, 0, 0, 0, 0, 0, 0, 0,
    0, 0, 0, 0, 0, 0, 3, 0,
    0, 0, 0, 0, 0, 0, 0, 0,
    0, 0, 0, -13, 0, 0, 0, 0,
    0, 0, 0, 0, 0, 0, 0, -12,
    0, -9, 0, 0, -17, 0, 0, 0,
    0, 0, 0, 0, 0, 0, 0, 0,
    0, 0, 0, 0, 0, 0, 0, 0,
    0, 0, -34, -14, -34, -17, 8, 8,
    0, -9, 0, -32, 0, 0, 0, 0,
    0, 0, 0, -7, 3, -14, -7, 0,
    -7, 0, 0, 0, -4, 0, 0, 8,
    6, 0, 8, -4, 0, 0, 0, -24,
    0, 3, 0, 0, 0, 0, -9, 0,
    0, 0, 0, -14, 0, -7, 0, 0,
    -12, 0, 0, 0, 0, 0, 0, 0,
    0, 0, 0, -12, 0, 0, 0, 0,
    0, 0, 0, 0, 0, 0, -1, -17,
    -1, 1, 4, 4, -17, 0, 0, 0,
    0, -9, 0, 0, 0, 0, -4, 0,
    0, -13, -9, 0, -7, 0, 0, 0,
    -7, -12, 0, 0, 0, -9, 0, 0,
    0, 0, 0, -8, -23, -7, -23, -12,
    0, 0, 0, -8, 0, -22, 0, -12,
    0, -7, 0, 0, -9, -7, 0, -12,
    -4, 0, 0, 0, -7, 0, 0, 0,
    0, 0, 0, 0, 0, -14, 0, 0,
    0, -8, -27, 0, -27, -4, 0, 0,
    0, -4, 0, -17, 0, -14, 0, -7,
    0, -9, -14, 0, 0, -7, -4, 0,
    0, 0, -7, 0, 0, 0, 0, 0,
    0, 0, 0, -12, -9, 0, 0, -13,
    3, -9, -7, 0, 0, 3, 0, 0,
    -7, 0, -4, -17, 0, -10, 0, -7,
    -19, 0, 0, -7, -12, 0, 0, 0,
    0, 0, 0, -14, 0, 0, 0, 0,
    -4, 0, 0, 0, 0, 0, -23, 0,
    -23, -7, 0, 0, 0, 0, 0, -22,
    0, -12, 0, -4, 0, -4, -7, 0,
    0, -12, -4, 0, 0, 0, -7, 0,
    0, 0, 0, 0, 0, -9, 0, -14,
    0, 0, 0, 0, 0, -12, 0, 0,
    0, 0, 0, 0, 0, 0, 0, -14,
    0, 0, 0, 0, -15, 0, 0, -12,
    -7, 0, -4, 0, 0, 0, 0, 0,
    -7, -4, 0, 0, -4, 0
};


/*Collect the kern class' data in one place*/
static const lv_font_fmt_txt_kern_classes_t kern_classes =
{
    .class_pair_values   = kern_class_values,
    .left_class_mapping  = kern_left_class_mapping,
    .right_class_mapping = kern_right_class_mapping,
    .left_class_cnt      = 45,
    .right_class_cnt     = 38,
};

/*--------------------
 *  ALL CUSTOM DATA
 *--------------------*/

#if LVGL_VERSION_MAJOR == 8
/*Store all the custom data of the font*/
static  lv_font_fmt_txt_glyph_cache_t cache;
#endif

#if LVGL_VERSION_MAJOR >= 8
static const lv_font_fmt_txt_dsc_t font_dsc = {
#else
static lv_font_fmt_txt_dsc_t font_dsc = {
#endif
    .glyph_bitmap = glyph_bitmap,
    .glyph_dsc = glyph_dsc,
    .cmaps = cmaps,
    .kern_dsc = &kern_classes,
    .kern_scale = 16,
    .cmap_num = 2,
    .bpp = 4,
    .kern_classes = 1,
    .bitmap_format = 0,
#if LVGL_VERSION_MAJOR == 8
    .cache = &cache
#endif

};



/*-----------------
 *  PUBLIC FONT
 *----------------*/

/*Initialize a public general font descriptor*/
#if LVGL_VERSION_MAJOR >= 8
const lv_font_t font_noto_28_4 = {
#else
lv_font_t font_noto_28_4 = {
#endif
    .get_glyph_dsc = lv_font_get_glyph_dsc_fmt_txt,    /*Function pointer to get glyph's data*/
    .get_glyph_bitmap = lv_font_get_bitmap_fmt_txt,    /*Function pointer to get glyph's bitmap*/
    .line_height = 34,          /*The maximum line height required by the font*/
    .base_line = 8,             /*Baseline measured from the bottom of the line*/
#if !(LVGL_VERSION_MAJOR == 6 && LVGL_VERSION_MINOR == 0)
    .subpx = LV_FONT_SUBPX_NONE,
#endif
#if LV_VERSION_CHECK(7, 4, 0) || LVGL_VERSION_MAJOR >= 8
    .underline_position = -3,
    .underline_thickness = 1,
#endif
    .dsc = &font_dsc,          /*The custom font data. Will be accessed by `get_glyph_bitmap/dsc` */
#if LV_VERSION_CHECK(8, 2, 0) || LVGL_VERSION_MAJOR >= 9
    .fallback = NULL,
#endif
    .user_data = NULL,
};



#endif /*#if FONT_NOTO_28_4*/
